run_id,task_type,final_outcome,fault_type,root_cause_step_index,total_steps
run_00001,math_lookup,fail,wrong_tool_selected,1,5
run_00002,math_lookup,fail,bad_tool_arguments,2,5
run_00003,fact_lookup,success,,,5
run_00004,fact_lookup,success,,,7
run_00005,multi_hop,fail,corrupted_state,3,8
run_00006,math_lookup,fail,retry_loop,1,9
run_00007,math_lookup,success,,,5
run_00008,multi_hop,fail,bad_tool_arguments,2,5
run_00009,fact_lookup,success,,,5
run_00010,fact_lookup,success,,,5
run_00011,multi_hop,success,,,8
run_00012,fact_lookup,success,,,5
run_00013,fact_lookup,success,,,5
run_00014,math_lookup,success,,,5
run_00015,math_lookup,fail,tool_error_ignored,3,5
run_00016,multi_hop,success,,,8
run_00017,multi_hop,success,,,8
run_00018,multi_hop,fail,retry_loop,4,12
run_00019,math_lookup,success,,,5
run_00020,fact_lookup,success,,,5
run_00021,fact_lookup,success,,,5
run_00022,fact_lookup,success,,,5
run_00023,fact_lookup,success,,,5
run_00024,fact_lookup,fail,retry_loop,1,9
run_00025,multi_hop,fail,wrong_tool_selected,1,5
run_00026,math_lookup,success,,,5
run_00027,multi_hop,success,,,8
run_00028,fact_lookup,success,,,5
run_00029,fact_lookup,fail,corrupted_state,3,5
run_00030,multi_hop,success,,,8
run_00031,fact_lookup,success,,,5
run_00032,multi_hop,success,,,8
run_00033,math_lookup,success,,,5
run_00034,fact_lookup,success,,,5
run_00035,fact_lookup,fail,corrupted_state,3,5
run_00036,math_lookup,fail,retry_loop,1,9
run_00037,math_lookup,fail,wrong_tool_selected,1,5
run_00038,multi_hop,success,,,10
run_00039,fact_lookup,fail,tool_error_ignored,3,5
run_00040,fact_lookup,success,,,5
run_00041,math_lookup,success,,,7
run_00042,multi_hop,success,,,8
run_00043,multi_hop,fail,wrong_tool_selected,1,5
run_00044,math_lookup,success,,,5
run_00045,fact_lookup,success,,,7
run_00046,multi_hop,success,,,10
run_00047,multi_hop,fail,corrupted_state,6,8
run_00048,math_lookup,success,,,5
run_00049,math_lookup,success,,,7
run_00050,fact_lookup,success,,,7
run_00051,fact_lookup,success,,,5
run_00052,fact_lookup,success,,,5
run_00053,multi_hop,fail,corrupted_state,6,7
run_00054,math_lookup,success,,,7
run_00055,fact_lookup,success,,,5
run_00056,fact_lookup,success,,,5
run_00057,math_lookup,success,,,5
run_00058,math_lookup,success,,,5
run_00059,multi_hop,fail,corrupted_state,6,8
run_00060,fact_lookup,success,,,7
run_00061,math_lookup,success,,,5
run_00062,math_lookup,success,,,5
run_00063,multi_hop,fail,tool_error_ignored,3,5
run_00064,math_lookup,success,,,5
run_00065,fact_lookup,success,,,5
run_00066,fact_lookup,success,,,5
run_00067,math_lookup,fail,wrong_tool_selected,1,5
run_00068,multi_hop,fail,bad_tool_arguments,5,8
run_00069,fact_lookup,success,,,5
run_00070,fact_lookup,success,,,5
run_00071,math_lookup,success,,,5
run_00072,math_lookup,success,,,5
run_00073,math_lookup,success,,,5
run_00074,math_lookup,success,,,5
run_00075,multi_hop,success,,,10
run_00076,multi_hop,success,,,10
run_00077,math_lookup,success,,,7
run_00078,fact_lookup,success,,,5
run_00079,fact_lookup,fail,wrong_tool_selected,1,5
run_00080,math_lookup,success,,,7
run_00081,math_lookup,fail,tool_error_ignored,3,5
run_00082,math_lookup,success,,,5
run_00083,math_lookup,success,,,5
run_00084,fact_lookup,success,,,5
run_00085,math_lookup,success,,,5
run_00086,fact_lookup,success,,,7
run_00087,fact_lookup,success,,,5
run_00088,multi_hop,success,,,10
run_00089,multi_hop,fail,corrupted_state,6,8
run_00090,math_lookup,fail,retry_loop,1,9
run_00091,multi_hop,success,,,8
run_00092,fact_lookup,success,,,7
run_00093,fact_lookup,fail,tool_error_ignored,5,7
run_00094,fact_lookup,fail,context_ignored,4,5
run_00095,multi_hop,fail,corrupted_state,3,8
run_00096,math_lookup,fail,retry_loop,1,9
run_00097,math_lookup,success,,,5
run_00098,fact_lookup,fail,bad_tool_arguments,2,5
run_00099,multi_hop,success,,,8
run_00100,math_lookup,success,,,5
run_00101,fact_lookup,fail,corrupted_state,3,5
run_00102,math_lookup,success,,,5
run_00103,fact_lookup,success,,,5
run_00104,math_lookup,fail,bad_tool_arguments,2,5
run_00105,fact_lookup,success,,,5
run_00106,math_lookup,success,,,5
run_00107,multi_hop,fail,corrupted_state,6,7
run_00108,multi_hop,success,,,8
run_00109,fact_lookup,fail,wrong_tool_selected,1,5
run_00110,math_lookup,fail,bad_tool_arguments,2,5
run_00111,multi_hop,success,,,8
run_00112,math_lookup,fail,context_ignored,4,5
run_00113,fact_lookup,success,,,5
run_00114,math_lookup,success,,,5
run_00115,fact_lookup,success,,,5
run_00116,math_lookup,fail,bad_tool_arguments,2,5
run_00117,math_lookup,success,,,5
run_00118,math_lookup,success,,,7
run_00119,multi_hop,success,,,8
run_00120,math_lookup,success,,,5
run_00121,multi_hop,success,,,8
run_00122,multi_hop,success,,,8
run_00123,math_lookup,fail,tool_error_ignored,3,5
run_00124,fact_lookup,success,,,5
run_00125,math_lookup,success,,,7
run_00126,fact_lookup,fail,retry_loop,1,9
run_00127,math_lookup,fail,wrong_tool_selected,1,5
run_00128,multi_hop,success,,,8
run_00129,fact_lookup,success,,,5
run_00130,fact_lookup,success,,,5
run_00131,multi_hop,success,,,8
run_00132,fact_lookup,success,,,5
run_00133,math_lookup,fail,wrong_tool_selected,1,5
run_00134,math_lookup,success,,,5
run_00135,math_lookup,success,,,7
run_00136,multi_hop,fail,context_ignored,7,8
run_00137,fact_lookup,fail,corrupted_state,5,7
run_00138,multi_hop,success,,,10
run_00139,fact_lookup,success,,,5
run_00140,fact_lookup,fail,bad_tool_arguments,2,5
run_00141,math_lookup,success,,,5
run_00142,fact_lookup,success,,,7
run_00143,math_lookup,success,,,5
run_00144,multi_hop,success,,,8
run_00145,math_lookup,fail,wrong_tool_selected,1,5
run_00146,math_lookup,success,,,5
run_00147,fact_lookup,success,,,5
run_00148,multi_hop,success,,,8
run_00149,fact_lookup,success,,,5
run_00150,fact_lookup,success,,,5
run_00151,multi_hop,success,,,8
run_00152,multi_hop,fail,bad_tool_arguments,7,10
run_00153,fact_lookup,success,,,5
run_00154,fact_lookup,success,,,5
run_00155,fact_lookup,success,,,7
run_00156,fact_lookup,success,,,7
run_00157,multi_hop,fail,wrong_tool_selected,1,5
run_00158,fact_lookup,fail,bad_tool_arguments,2,5
run_00159,fact_lookup,fail,tool_error_ignored,3,5
run_00160,multi_hop,success,,,8
run_00161,fact_lookup,success,,,5
run_00162,math_lookup,success,,,7
run_00163,fact_lookup,success,,,5
run_00164,fact_lookup,success,,,5
run_00165,fact_lookup,fail,tool_error_ignored,3,5
run_00166,fact_lookup,success,,,5
run_00167,multi_hop,success,,,8
run_00168,fact_lookup,fail,retry_loop,1,9
run_00169,fact_lookup,success,,,5
run_00170,fact_lookup,fail,bad_tool_arguments,2,5
run_00171,multi_hop,success,,,8
run_00172,math_lookup,success,,,5
run_00173,fact_lookup,fail,corrupted_state,3,5
run_00174,math_lookup,success,,,5
run_00175,fact_lookup,success,,,7
run_00176,fact_lookup,success,,,5
run_00177,math_lookup,success,,,5
run_00178,fact_lookup,fail,context_ignored,4,5
run_00179,fact_lookup,success,,,7
run_00180,fact_lookup,success,,,5
run_00181,math_lookup,fail,wrong_tool_selected,1,5
run_00182,fact_lookup,fail,bad_tool_arguments,2,5
run_00183,multi_hop,success,,,8
run_00184,fact_lookup,success,,,5
run_00185,math_lookup,success,,,5
run_00186,multi_hop,success,,,10
run_00187,fact_lookup,fail,wrong_tool_selected,1,5
run_00188,math_lookup,fail,bad_tool_arguments,2,5
run_00189,fact_lookup,success,,,7
run_00190,fact_lookup,success,,,5
run_00191,fact_lookup,success,,,7
run_00192,multi_hop,success,,,8
run_00193,math_lookup,success,,,7
run_00194,math_lookup,success,,,5
run_00195,fact_lookup,fail,tool_error_ignored,3,5
run_00196,math_lookup,fail,context_ignored,4,5
run_00197,multi_hop,success,,,8
run_00198,fact_lookup,success,,,7
run_00199,fact_lookup,success,,,5
run_00200,math_lookup,success,,,5
run_00201,math_lookup,success,,,7
run_00202,multi_hop,success,,,10
run_00203,multi_hop,fail,corrupted_state,6,8
run_00204,fact_lookup,success,,,5
run_00205,math_lookup,success,,,5
run_00206,multi_hop,success,,,8
run_00207,math_lookup,success,,,7
run_00208,math_lookup,success,,,5
run_00209,multi_hop,success,,,8
run_00210,math_lookup,fail,retry_loop,1,9
run_00211,multi_hop,success,,,8
run_00212,math_lookup,fail,bad_tool_arguments,2,5
run_00213,fact_lookup,success,,,5
run_00214,fact_lookup,success,,,5
run_00215,fact_lookup,success,,,5
run_00216,fact_lookup,success,,,5
run_00217,math_lookup,fail,wrong_tool_selected,1,5
run_00218,multi_hop,success,,,8
run_00219,multi_hop,success,,,10
run_00220,multi_hop,success,,,8
run_00221,math_lookup,success,,,7
run_00222,multi_hop,fail,retry_loop,1,9
run_00223,math_lookup,success,,,5
run_00224,multi_hop,success,,,8
run_00225,multi_hop,success,,,8
run_00226,math_lookup,fail,context_ignored,4,5
run_00227,math_lookup,success,,,5
run_00228,multi_hop,success,,,8
run_00229,math_lookup,fail,wrong_tool_selected,1,5
run_00230,fact_lookup,success,,,7
run_00231,fact_lookup,fail,tool_error_ignored,3,5
run_00232,multi_hop,success,,,8
run_00233,multi_hop,success,,,8
run_00234,fact_lookup,success,,,5
run_00235,fact_lookup,success,,,7
run_00236,math_lookup,fail,bad_tool_arguments,2,5
run_00237,math_lookup,success,,,7
run_00238,math_lookup,success,,,7
run_00239,fact_lookup,success,,,7
run_00240,math_lookup,success,,,5
run_00241,fact_lookup,success,,,5
run_00242,math_lookup,success,,,5
run_00243,math_lookup,fail,tool_error_ignored,3,5
run_00244,fact_lookup,success,,,5
run_00245,fact_lookup,success,,,5
run_00246,math_lookup,success,,,5
run_00247,multi_hop,success,,,10
run_00248,math_lookup,fail,bad_tool_arguments,2,5
run_00249,math_lookup,success,,,5
run_00250,fact_lookup,success,,,7
run_00251,math_lookup,success,,,5
run_00252,math_lookup,success,,,7
run_00253,fact_lookup,success,,,5
run_00254,multi_hop,success,,,10
run_00255,fact_lookup,success,,,5
run_00256,fact_lookup,success,,,5
run_00257,fact_lookup,fail,corrupted_state,3,5
run_00258,fact_lookup,success,,,5
run_00259,math_lookup,success,,,5
run_00260,fact_lookup,fail,bad_tool_arguments,2,5
run_00261,math_lookup,success,,,5
run_00262,fact_lookup,success,,,5
run_00263,multi_hop,fail,corrupted_state,6,7
run_00264,multi_hop,success,,,8
run_00265,multi_hop,fail,wrong_tool_selected,1,5
run_00266,multi_hop,fail,bad_tool_arguments,5,8
run_00267,fact_lookup,success,,,5
run_00268,math_lookup,success,,,5
run_00269,math_lookup,success,,,5
run_00270,fact_lookup,success,,,5
run_00271,math_lookup,fail,wrong_tool_selected,1,5
run_00272,multi_hop,success,,,8
run_00273,fact_lookup,success,,,5
run_00274,math_lookup,success,,,5
run_00275,multi_hop,fail,corrupted_state,3,8
run_00276,fact_lookup,success,,,5
run_00277,fact_lookup,success,,,5
run_00278,multi_hop,fail,bad_tool_arguments,2,5
run_00279,math_lookup,success,,,5
run_00280,multi_hop,fail,context_ignored,7,8
run_00281,fact_lookup,fail,corrupted_state,3,5
run_00282,multi_hop,fail,retry_loop,4,12
run_00283,fact_lookup,fail,wrong_tool_selected,1,5
run_00284,multi_hop,success,,,8
run_00285,math_lookup,success,,,5
run_00286,multi_hop,success,,,8
run_00287,multi_hop,success,,,8
run_00288,math_lookup,success,,,5
run_00289,multi_hop,success,,,10
run_00290,math_lookup,success,,,5
run_00291,fact_lookup,success,,,5
run_00292,multi_hop,success,,,8
run_00293,fact_lookup,success,,,7
run_00294,fact_lookup,fail,retry_loop,1,9
run_00295,multi_hop,success,,,8
run_00296,fact_lookup,success,,,5
run_00297,math_lookup,success,,,5
run_00298,multi_hop,fail,context_ignored,7,8
run_00299,multi_hop,fail,corrupted_state,6,8
run_00300,fact_lookup,success,,,5
run_00301,math_lookup,success,,,5
run_00302,multi_hop,fail,bad_tool_arguments,5,8
run_00303,math_lookup,success,,,5
run_00304,multi_hop,fail,context_ignored,7,8
run_00305,fact_lookup,fail,corrupted_state,5,7
run_00306,fact_lookup,fail,retry_loop,1,9
run_00307,fact_lookup,success,,,7
run_00308,multi_hop,success,,,8
run_00309,fact_lookup,fail,tool_error_ignored,3,5
run_00310,fact_lookup,success,,,5
run_00311,math_lookup,success,,,7
run_00312,fact_lookup,success,,,5
run_00313,fact_lookup,success,,,7
run_00314,fact_lookup,fail,bad_tool_arguments,2,5
run_00315,fact_lookup,fail,tool_error_ignored,5,7
run_00316,fact_lookup,fail,context_ignored,4,5
run_00317,math_lookup,success,,,5
run_00318,fact_lookup,success,,,5
run_00319,fact_lookup,success,,,5
run_00320,multi_hop,success,,,10
run_00321,multi_hop,success,,,8
run_00322,math_lookup,fail,context_ignored,4,5
run_00323,math_lookup,success,,,5
run_00324,fact_lookup,fail,retry_loop,1,9
run_00325,fact_lookup,success,,,5
run_00326,multi_hop,success,,,8
run_00327,multi_hop,fail,tool_error_ignored,3,5
run_00328,fact_lookup,fail,context_ignored,4,5
run_00329,fact_lookup,success,,,5
run_00330,fact_lookup,success,,,5
run_00331,multi_hop,success,,,10
run_00332,math_lookup,fail,bad_tool_arguments,2,5
run_00333,fact_lookup,fail,tool_error_ignored,3,5
run_00334,math_lookup,success,,,5
run_00335,math_lookup,success,,,7
run_00336,fact_lookup,success,,,7
run_00337,fact_lookup,fail,wrong_tool_selected,1,5
run_00338,math_lookup,success,,,5
run_00339,math_lookup,success,,,5
run_00340,fact_lookup,success,,,7
run_00341,math_lookup,fail,corrupted_state,3,5
run_00342,multi_hop,success,,,10
run_00343,fact_lookup,fail,wrong_tool_selected,1,5
run_00344,math_lookup,fail,bad_tool_arguments,2,5
run_00345,math_lookup,success,,,5
run_00346,fact_lookup,fail,context_ignored,4,5
run_00347,fact_lookup,success,,,5
run_00348,fact_lookup,success,,,5
run_00349,math_lookup,success,,,7
run_00350,fact_lookup,success,,,5
run_00351,fact_lookup,fail,tool_error_ignored,3,5
run_00352,math_lookup,success,,,5
run_00353,math_lookup,fail,corrupted_state,5,7
run_00354,math_lookup,fail,retry_loop,1,9
run_00355,math_lookup,success,,,5
run_00356,fact_lookup,success,,,5
run_00357,math_lookup,success,,,5
run_00358,math_lookup,fail,context_ignored,4,5
run_00359,multi_hop,fail,corrupted_state,6,7
run_00360,math_lookup,success,,,7
run_00361,math_lookup,success,,,7
run_00362,fact_lookup,success,,,7
run_00363,math_lookup,success,,,5
run_00364,fact_lookup,success,,,5
run_00365,fact_lookup,success,,,5
run_00366,multi_hop,success,,,8
run_00367,math_lookup,success,,,7
run_00368,multi_hop,success,,,8
run_00369,fact_lookup,success,,,5
run_00370,fact_lookup,success,,,5
run_00371,multi_hop,success,,,8
run_00372,math_lookup,success,,,5
run_00373,fact_lookup,success,,,7
run_00374,math_lookup,success,,,5
run_00375,math_lookup,fail,tool_error_ignored,3,5
run_00376,fact_lookup,success,,,5
run_00377,math_lookup,fail,corrupted_state,3,5
run_00378,fact_lookup,fail,retry_loop,1,9
run_00379,fact_lookup,success,,,5
run_00380,math_lookup,success,,,5
run_00381,math_lookup,success,,,5
run_00382,multi_hop,fail,context_ignored,7,8
run_00383,math_lookup,fail,corrupted_state,3,5
run_00384,fact_lookup,success,,,5
run_00385,math_lookup,success,,,5
run_00386,math_lookup,success,,,5
run_00387,math_lookup,success,,,5
run_00388,math_lookup,fail,context_ignored,4,5
run_00389,multi_hop,success,,,8
run_00390,fact_lookup,success,,,7
run_00391,math_lookup,success,,,5
run_00392,fact_lookup,success,,,5
run_00393,fact_lookup,success,,,5
run_00394,fact_lookup,fail,context_ignored,4,5
run_00395,math_lookup,success,,,7
run_00396,math_lookup,fail,retry_loop,1,9
run_00397,math_lookup,fail,wrong_tool_selected,1,5
run_00398,math_lookup,success,,,7
run_00399,math_lookup,success,,,5
run_00400,multi_hop,success,,,8
run_00401,math_lookup,fail,corrupted_state,3,5
run_00402,fact_lookup,fail,retry_loop,1,9
run_00403,multi_hop,fail,wrong_tool_selected,1,5
run_00404,math_lookup,success,,,5
run_00405,multi_hop,success,,,8
run_00406,fact_lookup,success,,,5
run_00407,math_lookup,success,,,5
run_00408,multi_hop,success,,,8
run_00409,fact_lookup,success,,,5
run_00410,multi_hop,success,,,10
run_00411,fact_lookup,success,,,5
run_00412,multi_hop,success,,,10
run_00413,fact_lookup,fail,corrupted_state,3,5
run_00414,fact_lookup,success,,,5
run_00415,math_lookup,success,,,5
run_00416,fact_lookup,fail,bad_tool_arguments,2,5
run_00417,fact_lookup,success,,,5
run_00418,fact_lookup,fail,context_ignored,4,5
run_00419,multi_hop,fail,corrupted_state,6,7
run_00420,fact_lookup,success,,,5
run_00421,fact_lookup,fail,wrong_tool_selected,1,5
run_00422,fact_lookup,fail,bad_tool_arguments,2,5
run_00423,math_lookup,success,,,5
run_00424,multi_hop,success,,,8
run_00425,multi_hop,success,,,8
run_00426,math_lookup,success,,,5
run_00427,fact_lookup,fail,wrong_tool_selected,1,5
run_00428,fact_lookup,success,,,5
run_00429,fact_lookup,fail,tool_error_ignored,3,5
run_00430,math_lookup,fail,context_ignored,4,5
run_00431,math_lookup,success,,,7
run_00432,math_lookup,success,,,7
run_00433,fact_lookup,success,,,5
run_00434,fact_lookup,success,,,5
run_00435,math_lookup,fail,tool_error_ignored,3,5
run_00436,fact_lookup,success,,,5
run_00437,fact_lookup,success,,,5
run_00438,fact_lookup,fail,retry_loop,1,9
run_00439,multi_hop,fail,wrong_tool_selected,1,5
run_00440,fact_lookup,success,,,5
run_00441,multi_hop,success,,,10
run_00442,math_lookup,success,,,5
run_00443,multi_hop,success,,,8
run_00444,fact_lookup,fail,retry_loop,1,9
run_00445,multi_hop,success,,,8
run_00446,fact_lookup,fail,bad_tool_arguments,2,5
run_00447,math_lookup,success,,,7
run_00448,math_lookup,success,,,5
run_00449,fact_lookup,success,,,7
run_00450,fact_lookup,success,,,5
run_00451,multi_hop,fail,wrong_tool_selected,1,5
run_00452,math_lookup,success,,,5
run_00453,math_lookup,fail,tool_error_ignored,3,5
run_00454,fact_lookup,success,,,5
run_00455,multi_hop,success,,,8
run_00456,math_lookup,fail,retry_loop,1,9
run_00457,math_lookup,success,,,5
run_00458,fact_lookup,success,,,5
run_00459,math_lookup,success,,,5
run_00460,math_lookup,success,,,5
run_00461,multi_hop,success,,,8
run_00462,multi_hop,fail,retry_loop,4,12
run_00463,fact_lookup,success,,,5
run_00464,math_lookup,success,,,5
run_00465,math_lookup,fail,tool_error_ignored,3,5
run_00466,math_lookup,success,,,5
run_00467,multi_hop,success,,,8
run_00468,fact_lookup,fail,retry_loop,1,9
run_00469,fact_lookup,success,,,5
run_00470,math_lookup,success,,,5
run_00471,fact_lookup,fail,tool_error_ignored,5,7
run_00472,fact_lookup,fail,context_ignored,4,5
run_00473,fact_lookup,fail,corrupted_state,5,7
run_00474,fact_lookup,success,,,5
run_00475,math_lookup,success,,,7
run_00476,fact_lookup,success,,,5
run_00477,math_lookup,fail,tool_error_ignored,3,5
run_00478,fact_lookup,success,,,5
run_00479,math_lookup,success,,,5
run_00480,multi_hop,fail,retry_loop,4,12
run_00481,fact_lookup,fail,wrong_tool_selected,1,5
run_00482,math_lookup,success,,,5
run_00483,multi_hop,success,,,10
run_00484,multi_hop,fail,context_ignored,7,8
run_00485,fact_lookup,success,,,5
run_00486,fact_lookup,fail,retry_loop,1,9
run_00487,fact_lookup,fail,wrong_tool_selected,1,5
run_00488,math_lookup,fail,bad_tool_arguments,2,5
run_00489,math_lookup,fail,tool_error_ignored,3,5
run_00490,math_lookup,success,,,7
run_00491,math_lookup,success,,,5
run_00492,math_lookup,success,,,7
run_00493,math_lookup,fail,wrong_tool_selected,1,5
run_00494,fact_lookup,fail,bad_tool_arguments,2,5
run_00495,multi_hop,success,,,8
run_00496,fact_lookup,fail,context_ignored,4,5
run_00497,multi_hop,success,,,10
run_00498,multi_hop,success,,,8
run_00499,fact_lookup,success,,,7
run_00500,math_lookup,success,,,5
run_00501,fact_lookup,fail,tool_error_ignored,3,5
run_00502,math_lookup,success,,,5
run_00503,fact_lookup,fail,corrupted_state,3,5
run_00504,math_lookup,success,,,5
run_00505,math_lookup,fail,wrong_tool_selected,1,5
run_00506,math_lookup,success,,,5
run_00507,fact_lookup,fail,tool_error_ignored,3,5
run_00508,math_lookup,success,,,5
run_00509,math_lookup,success,,,5
run_00510,multi_hop,fail,retry_loop,1,9
run_00511,multi_hop,fail,wrong_tool_selected,6,10
run_00512,math_lookup,success,,,5
run_00513,multi_hop,success,,,8
run_00514,fact_lookup,fail,context_ignored,4,5
run_00515,fact_lookup,fail,corrupted_state,3,5
run_00516,fact_lookup,success,,,7
run_00517,math_lookup,success,,,5
run_00518,fact_lookup,success,,,5
run_00519,multi_hop,fail,tool_error_ignored,3,5
run_00520,multi_hop,fail,context_ignored,7,8
run_00521,multi_hop,fail,corrupted_state,8,10
run_00522,fact_lookup,success,,,5
run_00523,multi_hop,fail,wrong_tool_selected,1,5
run_00524,math_lookup,success,,,7
run_00525,fact_lookup,fail,tool_error_ignored,3,5
run_00526,math_lookup,success,,,5
run_00527,math_lookup,fail,corrupted_state,3,5
run_00528,fact_lookup,fail,retry_loop,1,9
run_00529,fact_lookup,success,,,7
run_00530,math_lookup,success,,,5
run_00531,math_lookup,success,,,7
run_00532,multi_hop,success,,,8
run_00533,fact_lookup,success,,,5
run_00534,math_lookup,fail,retry_loop,1,9
run_00535,multi_hop,success,,,8
run_00536,math_lookup,success,,,7
run_00537,fact_lookup,fail,tool_error_ignored,3,5
run_00538,multi_hop,fail,context_ignored,7,8
run_00539,multi_hop,fail,corrupted_state,3,8
run_00540,fact_lookup,fail,retry_loop,1,9
run_00541,multi_hop,success,,,8
run_00542,math_lookup,success,,,5
run_00543,fact_lookup,fail,tool_error_ignored,5,7
run_00544,multi_hop,fail,context_ignored,7,8
run_00545,math_lookup,success,,,5
run_00546,fact_lookup,success,,,5
run_00547,fact_lookup,fail,wrong_tool_selected,1,5
run_00548,multi_hop,success,,,8
run_00549,fact_lookup,success,,,5
run_00550,fact_lookup,success,,,5
run_00551,math_lookup,success,,,5
run_00552,fact_lookup,success,,,5
run_00553,multi_hop,success,,,10
run_00554,fact_lookup,success,,,5
run_00555,multi_hop,success,,,10
run_00556,math_lookup,success,,,5
run_00557,fact_lookup,fail,corrupted_state,3,5
run_00558,fact_lookup,fail,retry_loop,1,9
run_00559,math_lookup,success,,,5
run_00560,multi_hop,success,,,10
run_00561,multi_hop,fail,tool_error_ignored,3,5
run_00562,fact_lookup,fail,context_ignored,4,5
run_00563,math_lookup,success,,,5
run_00564,multi_hop,success,,,8
run_00565,multi_hop,success,,,8
run_00566,multi_hop,success,,,8
run_00567,math_lookup,fail,tool_error_ignored,3,5
run_00568,multi_hop,fail,context_ignored,7,8
run_00569,math_lookup,success,,,7
run_00570,multi_hop,fail,retry_loop,4,12
run_00571,multi_hop,fail,wrong_tool_selected,1,5
run_00572,math_lookup,fail,bad_tool_arguments,2,5
run_00573,multi_hop,success,,,8
run_00574,multi_hop,fail,context_ignored,7,8
run_00575,multi_hop,success,,,8
run_00576,multi_hop,success,,,10
run_00577,math_lookup,success,,,7
run_00578,fact_lookup,fail,bad_tool_arguments,2,5
run_00579,fact_lookup,success,,,5
run_00580,multi_hop,fail,context_ignored,7,8
run_00581,fact_lookup,success,,,5
run_00582,math_lookup,success,,,7
run_00583,multi_hop,fail,wrong_tool_selected,1,5
run_00584,fact_lookup,success,,,5
run_00585,math_lookup,fail,tool_error_ignored,5,6
run_00586,fact_lookup,success,,,5
run_00587,math_lookup,fail,corrupted_state,3,5
run_00588,fact_lookup,success,,,7
run_00589,math_lookup,success,,,7
run_00590,math_lookup,success,,,5
run_00591,multi_hop,success,,,8
run_00592,multi_hop,success,,,10
run_00593,fact_lookup,success,,,7
run_00594,math_lookup,success,,,5
run_00595,math_lookup,success,,,5
run_00596,multi_hop,success,,,8
run_00597,multi_hop,fail,tool_error_ignored,3,5
run_00598,multi_hop,success,,,8
run_00599,fact_lookup,success,,,5
run_00600,math_lookup,fail,retry_loop,1,9
run_00601,fact_lookup,fail,wrong_tool_selected,1,5
run_00602,fact_lookup,success,,,7
run_00603,math_lookup,success,,,7
run_00604,multi_hop,fail,context_ignored,7,8
run_00605,multi_hop,success,,,10
run_00606,multi_hop,success,,,10
run_00607,multi_hop,success,,,8
run_00608,math_lookup,success,,,5
run_00609,fact_lookup,success,,,5
run_00610,fact_lookup,success,,,5
run_00611,multi_hop,success,,,8
run_00612,fact_lookup,success,,,5
run_00613,math_lookup,success,,,5
run_00614,multi_hop,success,,,8
run_00615,fact_lookup,fail,tool_error_ignored,3,5
run_00616,fact_lookup,success,,,5
run_00617,math_lookup,success,,,7
run_00618,multi_hop,success,,,8
run_00619,fact_lookup,success,,,5
run_00620,math_lookup,success,,,5
run_00621,math_lookup,success,,,5
run_00622,math_lookup,success,,,5
run_00623,multi_hop,success,,,10
run_00624,fact_lookup,fail,retry_loop,1,9
run_00625,multi_hop,fail,wrong_tool_selected,4,8
run_00626,fact_lookup,success,,,5
run_00627,math_lookup,success,,,5
run_00628,math_lookup,success,,,5
run_00629,math_lookup,success,,,5
run_00630,math_lookup,fail,retry_loop,1,9
run_00631,math_lookup,success,,,5
run_00632,math_lookup,fail,bad_tool_arguments,2,5
run_00633,math_lookup,success,,,5
run_00634,math_lookup,fail,context_ignored,4,5
run_00635,math_lookup,success,,,7
run_00636,multi_hop,success,,,8
run_00637,math_lookup,success,,,5
run_00638,fact_lookup,success,,,7
run_00639,multi_hop,fail,tool_error_ignored,6,8
run_00640,multi_hop,fail,context_ignored,7,8
run_00641,multi_hop,success,,,8
run_00642,fact_lookup,success,,,7
run_00643,math_lookup,fail,wrong_tool_selected,1,5
run_00644,math_lookup,success,,,7
run_00645,math_lookup,success,,,7
run_00646,fact_lookup,success,,,5
run_00647,math_lookup,success,,,7
run_00648,multi_hop,success,,,10
run_00649,multi_hop,success,,,8
run_00650,multi_hop,success,,,8
run_00651,math_lookup,success,,,5
run_00652,fact_lookup,fail,context_ignored,4,5
run_00653,math_lookup,success,,,7
run_00654,math_lookup,success,,,5
run_00655,fact_lookup,success,,,7
run_00656,math_lookup,fail,bad_tool_arguments,2,5
run_00657,multi_hop,success,,,8
run_00658,multi_hop,success,,,8
run_00659,fact_lookup,fail,corrupted_state,3,5
run_00660,math_lookup,success,,,5
run_00661,math_lookup,success,,,5
run_00662,math_lookup,fail,bad_tool_arguments,2,5
run_00663,fact_lookup,success,,,5
run_00664,multi_hop,fail,context_ignored,7,8
run_00665,multi_hop,success,,,8
run_00666,fact_lookup,fail,retry_loop,1,9
run_00667,fact_lookup,success,,,5
run_00668,math_lookup,success,,,5
run_00669,multi_hop,fail,tool_error_ignored,6,8
run_00670,fact_lookup,success,,,5
run_00671,multi_hop,fail,corrupted_state,6,7
run_00672,multi_hop,fail,retry_loop,1,9
run_00673,fact_lookup,success,,,5
run_00674,fact_lookup,success,,,5
run_00675,math_lookup,fail,tool_error_ignored,3,5
run_00676,multi_hop,success,,,8
run_00677,fact_lookup,fail,corrupted_state,3,5
run_00678,math_lookup,success,,,7
run_00679,fact_lookup,success,,,5
run_00680,math_lookup,success,,,5
run_00681,math_lookup,success,,,5
run_00682,math_lookup,success,,,5
run_00683,fact_lookup,success,,,5
run_00684,multi_hop,success,,,8
run_00685,fact_lookup,fail,wrong_tool_selected,1,5
run_00686,fact_lookup,fail,bad_tool_arguments,2,5
run_00687,fact_lookup,success,,,5
run_00688,multi_hop,success,,,10
run_00689,math_lookup,fail,corrupted_state,3,5
run_00690,fact_lookup,success,,,5
run_00691,multi_hop,success,,,8
run_00692,multi_hop,success,,,8
run_00693,math_lookup,success,,,5
run_00694,fact_lookup,success,,,7
run_00695,fact_lookup,fail,corrupted_state,3,5
run_00696,math_lookup,success,,,5
run_00697,multi_hop,success,,,10
run_00698,fact_lookup,success,,,5
run_00699,fact_lookup,success,,,5
run_00700,math_lookup,fail,context_ignored,4,5
run_00701,math_lookup,success,,,5
run_00702,multi_hop,success,,,8
run_00703,multi_hop,success,,,8
run_00704,math_lookup,success,,,5
run_00705,fact_lookup,success,,,5
run_00706,fact_lookup,success,,,7
run_00707,fact_lookup,success,,,5
run_00708,fact_lookup,success,,,5
run_00709,math_lookup,fail,wrong_tool_selected,1,5
run_00710,fact_lookup,success,,,5
run_00711,math_lookup,success,,,5
run_00712,multi_hop,success,,,8
run_00713,fact_lookup,fail,corrupted_state,3,5
run_00714,math_lookup,fail,retry_loop,1,9
run_00715,multi_hop,success,,,8
run_00716,multi_hop,success,,,8
run_00717,fact_lookup,success,,,5
run_00718,fact_lookup,success,,,5
run_00719,math_lookup,success,,,5
run_00720,math_lookup,success,,,5
run_00721,fact_lookup,fail,wrong_tool_selected,1,5
run_00722,fact_lookup,success,,,5
run_00723,fact_lookup,success,,,5
run_00724,math_lookup,success,,,5
run_00725,multi_hop,success,,,8
run_00726,fact_lookup,success,,,7
run_00727,multi_hop,success,,,8
run_00728,multi_hop,fail,bad_tool_arguments,5,8
run_00729,fact_lookup,success,,,5
run_00730,fact_lookup,fail,context_ignored,4,5
run_00731,fact_lookup,fail,corrupted_state,3,5
run_00732,math_lookup,success,,,5
run_00733,fact_lookup,success,,,5
run_00734,fact_lookup,success,,,5
run_00735,fact_lookup,success,,,5
run_00736,fact_lookup,success,,,5
run_00737,math_lookup,success,,,5
run_00738,multi_hop,success,,,8
run_00739,fact_lookup,success,,,5
run_00740,multi_hop,success,,,8
run_00741,fact_lookup,success,,,5
run_00742,math_lookup,success,,,5
run_00743,math_lookup,success,,,5
run_00744,math_lookup,success,,,5
run_00745,fact_lookup,success,,,5
run_00746,fact_lookup,success,,,5
run_00747,fact_lookup,fail,tool_error_ignored,3,5
run_00748,math_lookup,success,,,5
run_00749,math_lookup,fail,corrupted_state,3,5
run_00750,fact_lookup,success,,,5
run_00751,multi_hop,fail,wrong_tool_selected,1,5
run_00752,math_lookup,success,,,5
run_00753,math_lookup,success,,,5
run_00754,multi_hop,fail,context_ignored,7,8
run_00755,multi_hop,fail,corrupted_state,6,8
run_00756,fact_lookup,success,,,5
run_00757,math_lookup,fail,wrong_tool_selected,1,5
run_00758,multi_hop,success,,,8
run_00759,fact_lookup,fail,tool_error_ignored,3,5
run_00760,math_lookup,success,,,5
run_00761,math_lookup,success,,,5
run_00762,multi_hop,success,,,8
run_00763,math_lookup,fail,wrong_tool_selected,1,5
run_00764,fact_lookup,fail,bad_tool_arguments,2,5
run_00765,fact_lookup,success,,,7
run_00766,multi_hop,fail,context_ignored,7,8
run_00767,fact_lookup,success,,,7
run_00768,multi_hop,success,,,8
run_00769,multi_hop,fail,wrong_tool_selected,1,5
run_00770,multi_hop,success,,,8
run_00771,multi_hop,success,,,8
run_00772,math_lookup,success,,,5
run_00773,multi_hop,success,,,10
run_00774,math_lookup,success,,,5
run_00775,multi_hop,success,,,8
run_00776,fact_lookup,fail,bad_tool_arguments,2,5
run_00777,math_lookup,success,,,5
run_00778,math_lookup,fail,context_ignored,4,5
run_00779,math_lookup,success,,,5
run_00780,fact_lookup,success,,,5
run_00781,math_lookup,success,,,5
run_00782,math_lookup,success,,,5
run_00783,math_lookup,success,,,5
run_00784,fact_lookup,success,,,5
run_00785,multi_hop,fail,corrupted_state,6,7
run_00786,multi_hop,success,,,10
run_00787,fact_lookup,success,,,5
run_00788,math_lookup,fail,bad_tool_arguments,2,5
run_00789,multi_hop,fail,tool_error_ignored,3,5
run_00790,fact_lookup,fail,context_ignored,4,5
run_00791,multi_hop,fail,corrupted_state,5,10
run_00792,math_lookup,fail,retry_loop,1,9
run_00793,fact_lookup,fail,wrong_tool_selected,1,5
run_00794,multi_hop,fail,bad_tool_arguments,5,8
run_00795,math_lookup,fail,tool_error_ignored,3,5
run_00796,math_lookup,success,,,5
run_00797,multi_hop,fail,corrupted_state,3,8
run_00798,math_lookup,fail,retry_loop,1,9
run_00799,math_lookup,fail,wrong_tool_selected,1,5
run_00800,math_lookup,success,,,5
run_00801,multi_hop,success,,,8
run_00802,fact_lookup,fail,context_ignored,4,5
run_00803,fact_lookup,fail,corrupted_state,3,5
run_00804,math_lookup,success,,,5
run_00805,math_lookup,success,,,5
run_00806,math_lookup,fail,bad_tool_arguments,2,5
run_00807,math_lookup,fail,tool_error_ignored,3,5
run_00808,fact_lookup,success,,,5
run_00809,fact_lookup,success,,,5
run_00810,multi_hop,fail,retry_loop,1,9
run_00811,fact_lookup,success,,,7
run_00812,multi_hop,success,,,8
run_00813,fact_lookup,success,,,5
run_00814,multi_hop,success,,,8
run_00815,fact_lookup,fail,corrupted_state,3,5
run_00816,multi_hop,success,,,8
run_00817,multi_hop,success,,,8
run_00818,math_lookup,success,,,5
run_00819,fact_lookup,success,,,5
run_00820,math_lookup,success,,,5
run_00821,math_lookup,success,,,5
run_00822,math_lookup,fail,retry_loop,1,9
run_00823,multi_hop,success,,,10
run_00824,fact_lookup,success,,,5
run_00825,fact_lookup,fail,tool_error_ignored,3,5
run_00826,multi_hop,fail,context_ignored,7,8
run_00827,math_lookup,success,,,5
run_00828,fact_lookup,fail,retry_loop,1,9
run_00829,fact_lookup,success,,,5
run_00830,math_lookup,success,,,5
run_00831,math_lookup,fail,tool_error_ignored,3,5
run_00832,math_lookup,fail,context_ignored,4,5
run_00833,fact_lookup,success,,,7
run_00834,math_lookup,success,,,5
run_00835,fact_lookup,fail,wrong_tool_selected,1,5
run_00836,math_lookup,success,,,5
run_00837,math_lookup,success,,,5
run_00838,fact_lookup,success,,,5
run_00839,multi_hop,success,,,8
run_00840,math_lookup,success,,,7
run_00841,multi_hop,success,,,8
run_00842,multi_hop,success,,,8
run_00843,math_lookup,success,,,7
run_00844,fact_lookup,success,,,5
run_00845,multi_hop,success,,,8
run_00846,math_lookup,success,,,7
run_00847,fact_lookup,success,,,5
run_00848,multi_hop,fail,bad_tool_arguments,2,5
run_00849,math_lookup,success,,,5
run_00850,multi_hop,success,,,8
run_00851,fact_lookup,fail,corrupted_state,3,5
run_00852,multi_hop,success,,,8
run_00853,math_lookup,success,,,5
run_00854,math_lookup,fail,bad_tool_arguments,2,5
run_00855,multi_hop,success,,,8
run_00856,math_lookup,fail,context_ignored,4,5
run_00857,multi_hop,success,,,8
run_00858,math_lookup,success,,,7
run_00859,multi_hop,success,,,8
run_00860,math_lookup,success,,,5
run_00861,fact_lookup,fail,tool_error_ignored,3,5
run_00862,math_lookup,success,,,5
run_00863,multi_hop,success,,,10
run_00864,fact_lookup,fail,retry_loop,1,9
run_00865,multi_hop,fail,wrong_tool_selected,1,5
run_00866,fact_lookup,fail,bad_tool_arguments,2,5
run_00867,fact_lookup,success,,,5
run_00868,fact_lookup,fail,context_ignored,4,5
run_00869,fact_lookup,success,,,5
run_00870,fact_lookup,fail,retry_loop,1,9
run_00871,math_lookup,success,,,5
run_00872,math_lookup,success,,,5
run_00873,fact_lookup,success,,,5
run_00874,math_lookup,success,,,5
run_00875,fact_lookup,success,,,5
run_00876,fact_lookup,success,,,5
run_00877,math_lookup,fail,wrong_tool_selected,1,5
run_00878,fact_lookup,success,,,5
run_00879,multi_hop,fail,tool_error_ignored,3,5
run_00880,fact_lookup,fail,context_ignored,4,5
run_00881,multi_hop,success,,,8
run_00882,math_lookup,fail,retry_loop,1,9
run_00883,math_lookup,success,,,5
run_00884,fact_lookup,success,,,5
run_00885,fact_lookup,fail,tool_error_ignored,3,5
run_00886,fact_lookup,fail,context_ignored,4,5
run_00887,fact_lookup,fail,corrupted_state,3,5
run_00888,math_lookup,fail,retry_loop,1,9
run_00889,math_lookup,success,,,5
run_00890,math_lookup,fail,bad_tool_arguments,2,5
run_00891,math_lookup,success,,,7
run_00892,multi_hop,fail,context_ignored,7,8
run_00893,math_lookup,success,,,5
run_00894,fact_lookup,success,,,5
run_00895,math_lookup,success,,,5
run_00896,multi_hop,fail,bad_tool_arguments,2,5
run_00897,multi_hop,success,,,8
run_00898,fact_lookup,success,,,5
run_00899,multi_hop,success,,,8
run_00900,multi_hop,success,,,10
run_00901,fact_lookup,success,,,5
run_00902,fact_lookup,success,,,5
run_00903,fact_lookup,success,,,7
run_00904,multi_hop,success,,,8
run_00905,math_lookup,fail,corrupted_state,3,5
run_00906,math_lookup,fail,retry_loop,1,9
run_00907,math_lookup,success,,,5
run_00908,fact_lookup,success,,,5
run_00909,fact_lookup,fail,tool_error_ignored,3,5
run_00910,fact_lookup,fail,context_ignored,4,5
run_00911,math_lookup,success,,,5
run_00912,fact_lookup,fail,retry_loop,1,9
run_00913,multi_hop,fail,wrong_tool_selected,1,5
run_00914,multi_hop,success,,,8
run_00915,multi_hop,success,,,8
run_00916,multi_hop,success,,,8
run_00917,fact_lookup,success,,,5
run_00918,fact_lookup,success,,,5
run_00919,fact_lookup,success,,,7
run_00920,math_lookup,success,,,5
run_00921,multi_hop,fail,tool_error_ignored,3,5
run_00922,math_lookup,fail,context_ignored,4,5
run_00923,math_lookup,success,,,5
run_00924,math_lookup,success,,,5
run_00925,math_lookup,success,,,5
run_00926,multi_hop,fail,bad_tool_arguments,2,5
run_00927,fact_lookup,success,,,5
run_00928,math_lookup,success,,,5
run_00929,math_lookup,fail,corrupted_state,5,7
run_00930,fact_lookup,fail,retry_loop,1,9
run_00931,fact_lookup,success,,,7
run_00932,multi_hop,success,,,8
run_00933,fact_lookup,success,,,5
run_00934,fact_lookup,fail,context_ignored,4,5
run_00935,multi_hop,success,,,8
run_00936,fact_lookup,fail,retry_loop,1,9
run_00937,fact_lookup,success,,,5
run_00938,multi_hop,success,,,8
run_00939,math_lookup,success,,,5
run_00940,multi_hop,success,,,8
run_00941,fact_lookup,success,,,5
run_00942,multi_hop,success,,,8
run_00943,fact_lookup,success,,,7
run_00944,multi_hop,fail,bad_tool_arguments,5,8
run_00945,fact_lookup,fail,tool_error_ignored,3,5
run_00946,fact_lookup,success,,,5
run_00947,multi_hop,success,,,8
run_00948,math_lookup,success,,,5
run_00949,math_lookup,success,,,5
run_00950,multi_hop,success,,,10
run_00951,multi_hop,fail,tool_error_ignored,3,5
run_00952,multi_hop,success,,,8
run_00953,multi_hop,success,,,8
run_00954,fact_lookup,success,,,5
run_00955,fact_lookup,success,,,5
run_00956,fact_lookup,success,,,5
run_00957,multi_hop,fail,tool_error_ignored,6,7
run_00958,fact_lookup,success,,,5
run_00959,math_lookup,success,,,5
run_00960,math_lookup,fail,retry_loop,1,9
run_00961,multi_hop,fail,wrong_tool_selected,1,5
run_00962,fact_lookup,success,,,5
run_00963,multi_hop,fail,tool_error_ignored,3,5
run_00964,multi_hop,success,,,8
run_00965,multi_hop,success,,,8
run_00966,multi_hop,fail,retry_loop,4,12
run_00967,multi_hop,success,,,8
run_00968,multi_hop,fail,bad_tool_arguments,5,8
run_00969,math_lookup,success,,,5
run_00970,multi_hop,success,,,8
run_00971,fact_lookup,success,,,7
run_00972,fact_lookup,fail,retry_loop,1,9
run_00973,fact_lookup,fail,wrong_tool_selected,1,5
run_00974,math_lookup,success,,,5
run_00975,fact_lookup,success,,,5
run_00976,multi_hop,fail,context_ignored,7,8
run_00977,fact_lookup,success,,,5
run_00978,fact_lookup,success,,,5
run_00979,math_lookup,fail,wrong_tool_selected,1,5
run_00980,multi_hop,success,,,8
run_00981,fact_lookup,success,,,5
run_00982,math_lookup,success,,,5
run_00983,fact_lookup,fail,corrupted_state,3,5
run_00984,multi_hop,fail,retry_loop,4,12
run_00985,math_lookup,fail,wrong_tool_selected,1,5
run_00986,math_lookup,success,,,5
run_00987,multi_hop,success,,,8
run_00988,multi_hop,fail,context_ignored,7,8
run_00989,fact_lookup,fail,corrupted_state,3,5
run_00990,multi_hop,fail,retry_loop,4,12
run_00991,multi_hop,fail,wrong_tool_selected,4,8
run_00992,multi_hop,success,,,8
run_00993,math_lookup,success,,,5
run_00994,multi_hop,success,,,8
run_00995,fact_lookup,fail,corrupted_state,5,7
run_00996,multi_hop,success,,,10
run_00997,fact_lookup,success,,,5
run_00998,multi_hop,fail,bad_tool_arguments,2,5
run_00999,math_lookup,fail,tool_error_ignored,3,5
run_01000,math_lookup,fail,context_ignored,4,5
run_01001,math_lookup,fail,corrupted_state,3,5
run_01002,fact_lookup,fail,retry_loop,1,9
run_01003,fact_lookup,success,,,5
run_01004,multi_hop,success,,,8
run_01005,math_lookup,success,,,5
run_01006,fact_lookup,fail,context_ignored,4,5
run_01007,math_lookup,success,,,5
run_01008,multi_hop,success,,,8
run_01009,fact_lookup,success,,,5
run_01010,multi_hop,success,,,8
run_01011,multi_hop,fail,tool_error_ignored,3,5
run_01012,math_lookup,success,,,5
run_01013,fact_lookup,success,,,5
run_01014,math_lookup,success,,,5
run_01015,math_lookup,success,,,5
run_01016,multi_hop,success,,,8
run_01017,multi_hop,success,,,10
run_01018,multi_hop,fail,context_ignored,7,8
run_01019,math_lookup,fail,corrupted_state,3,5
run_01020,fact_lookup,success,,,5
run_01021,math_lookup,fail,wrong_tool_selected,1,5
run_01022,math_lookup,fail,bad_tool_arguments,2,5
run_01023,fact_lookup,success,,,5
run_01024,fact_lookup,success,,,5
run_01025,multi_hop,success,,,8
run_01026,fact_lookup,fail,retry_loop,1,9
run_01027,math_lookup,success,,,5
run_01028,fact_lookup,fail,bad_tool_arguments,2,5
run_01029,fact_lookup,success,,,5
run_01030,math_lookup,fail,context_ignored,4,5
run_01031,fact_lookup,success,,,5
run_01032,math_lookup,success,,,5
run_01033,fact_lookup,success,,,5
run_01034,fact_lookup,success,,,7
run_01035,math_lookup,success,,,5
run_01036,math_lookup,success,,,7
run_01037,fact_lookup,success,,,5
run_01038,fact_lookup,success,,,7
run_01039,fact_lookup,success,,,5
run_01040,math_lookup,success,,,5
run_01041,multi_hop,fail,tool_error_ignored,3,5
run_01042,math_lookup,success,,,7
run_01043,multi_hop,fail,corrupted_state,5,10
run_01044,multi_hop,fail,retry_loop,4,12
run_01045,fact_lookup,success,,,7
run_01046,fact_lookup,success,,,5
run_01047,multi_hop,fail,tool_error_ignored,6,8
run_01048,multi_hop,success,,,8
run_01049,math_lookup,fail,corrupted_state,3,5
run_01050,fact_lookup,success,,,5
run_01051,math_lookup,success,,,5
run_01052,math_lookup,success,,,5
run_01053,multi_hop,success,,,8
run_01054,fact_lookup,success,,,5
run_01055,math_lookup,fail,corrupted_state,5,7
run_01056,math_lookup,fail,retry_loop,1,9
run_01057,math_lookup,success,,,7
run_01058,math_lookup,fail,bad_tool_arguments,2,5
run_01059,multi_hop,success,,,8
run_01060,multi_hop,success,,,10
run_01061,fact_lookup,success,,,5
run_01062,multi_hop,success,,,8
run_01063,math_lookup,fail,wrong_tool_selected,1,5
run_01064,fact_lookup,success,,,5
run_01065,fact_lookup,fail,tool_error_ignored,3,5
run_01066,math_lookup,fail,context_ignored,4,5
run_01067,math_lookup,fail,corrupted_state,3,5
run_01068,multi_hop,success,,,8
run_01069,multi_hop,success,,,8
run_01070,math_lookup,success,,,5
run_01071,multi_hop,success,,,8
run_01072,multi_hop,success,,,8
run_01073,math_lookup,fail,corrupted_state,3,5
run_01074,math_lookup,success,,,7
run_01075,multi_hop,success,,,8
run_01076,fact_lookup,fail,bad_tool_arguments,2,5
run_01077,multi_hop,fail,tool_error_ignored,6,7
run_01078,math_lookup,fail,context_ignored,4,5
run_01079,math_lookup,success,,,5
run_01080,fact_lookup,fail,retry_loop,1,9
run_01081,multi_hop,fail,wrong_tool_selected,1,5
run_01082,multi_hop,success,,,8
run_01083,math_lookup,success,,,5
run_01084,math_lookup,success,,,5
run_01085,math_lookup,success,,,5
run_01086,math_lookup,fail,retry_loop,1,9
run_01087,fact_lookup,fail,wrong_tool_selected,1,5
run_01088,fact_lookup,success,,,5
run_01089,fact_lookup,success,,,5
run_01090,multi_hop,fail,context_ignored,7,8
run_01091,fact_lookup,success,,,5
run_01092,fact_lookup,fail,retry_loop,1,9
run_01093,math_lookup,fail,wrong_tool_selected,1,5
run_01094,multi_hop,success,,,8
run_01095,math_lookup,success,,,5
run_01096,fact_lookup,fail,context_ignored,4,5
run_01097,multi_hop,success,,,10
run_01098,multi_hop,success,,,8
run_01099,multi_hop,success,,,8
run_01100,math_lookup,success,,,5
run_01101,math_lookup,fail,tool_error_ignored,3,5
run_01102,math_lookup,fail,context_ignored,4,5
run_01103,multi_hop,success,,,8
run_01104,math_lookup,fail,retry_loop,1,9
run_01105,math_lookup,fail,wrong_tool_selected,1,5
run_01106,fact_lookup,success,,,5
run_01107,math_lookup,fail,tool_error_ignored,3,5
run_01108,math_lookup,fail,context_ignored,4,5
run_01109,multi_hop,success,,,10
run_01110,math_lookup,success,,,5
run_01111,fact_lookup,fail,wrong_tool_selected,1,5
run_01112,math_lookup,success,,,5
run_01113,fact_lookup,success,,,5
run_01114,fact_lookup,fail,context_ignored,4,5
run_01115,math_lookup,success,,,5
run_01116,math_lookup,fail,retry_loop,1,9
run_01117,fact_lookup,success,,,5
run_01118,fact_lookup,success,,,5
run_01119,multi_hop,success,,,8
run_01120,multi_hop,success,,,10
run_01121,math_lookup,success,,,5
run_01122,math_lookup,success,,,5
run_01123,fact_lookup,success,,,5
run_01124,math_lookup,success,,,7
run_01125,math_lookup,fail,tool_error_ignored,3,5
run_01126,multi_hop,success,,,8
run_01127,multi_hop,success,,,10
run_01128,fact_lookup,success,,,5
run_01129,multi_hop,success,,,8
run_01130,fact_lookup,success,,,5
run_01131,math_lookup,success,,,5
run_01132,multi_hop,success,,,8
run_01133,multi_hop,success,,,8
run_01134,math_lookup,fail,retry_loop,1,9
run_01135,multi_hop,success,,,8
run_01136,fact_lookup,fail,bad_tool_arguments,2,5
run_01137,fact_lookup,success,,,5
run_01138,multi_hop,success,,,8
run_01139,math_lookup,fail,corrupted_state,3,5
run_01140,math_lookup,fail,retry_loop,1,9
run_01141,math_lookup,fail,wrong_tool_selected,1,5
run_01142,fact_lookup,success,,,5
run_01143,multi_hop,success,,,8
run_01144,math_lookup,fail,context_ignored,4,5
run_01145,math_lookup,success,,,5
run_01146,fact_lookup,success,,,5
run_01147,math_lookup,fail,wrong_tool_selected,1,5
run_01148,math_lookup,fail,bad_tool_arguments,2,5
run_01149,math_lookup,fail,tool_error_ignored,3,5
run_01150,math_lookup,success,,,5
run_01151,math_lookup,success,,,7
run_01152,multi_hop,fail,retry_loop,1,9
run_01153,multi_hop,success,,,8
run_01154,multi_hop,fail,bad_tool_arguments,5,8
run_01155,math_lookup,success,,,5
run_01156,math_lookup,fail,context_ignored,4,5
run_01157,fact_lookup,success,,,5
run_01158,multi_hop,success,,,8
run_01159,math_lookup,fail,wrong_tool_selected,1,5
run_01160,math_lookup,fail,bad_tool_arguments,2,5
run_01161,math_lookup,success,,,5
run_01162,multi_hop,success,,,8
run_01163,fact_lookup,success,,,5
run_01164,fact_lookup,success,,,5
run_01165,fact_lookup,success,,,5
run_01166,math_lookup,fail,bad_tool_arguments,2,5
run_01167,fact_lookup,success,,,5
run_01168,fact_lookup,fail,context_ignored,4,5
run_01169,math_lookup,success,,,5
run_01170,math_lookup,success,,,5
run_01171,multi_hop,fail,wrong_tool_selected,6,10
run_01172,math_lookup,fail,bad_tool_arguments,2,5
run_01173,math_lookup,success,,,5
run_01174,multi_hop,success,,,10
run_01175,math_lookup,success,,,5
run_01176,multi_hop,fail,retry_loop,1,9
run_01177,multi_hop,success,,,8
run_01178,fact_lookup,success,,,7
run_01179,math_lookup,fail,tool_error_ignored,3,5
run_01180,math_lookup,success,,,5
run_01181,multi_hop,fail,corrupted_state,3,8
run_01182,fact_lookup,success,,,5
run_01183,math_lookup,fail,wrong_tool_selected,1,5
run_01184,multi_hop,success,,,8
run_01185,math_lookup,success,,,7
run_01186,fact_lookup,fail,context_ignored,4,5
run_01187,fact_lookup,success,,,5
run_01188,multi_hop,success,,,8
run_01189,multi_hop,fail,wrong_tool_selected,1,5
run_01190,multi_hop,success,,,8
run_01191,math_lookup,success,,,7
run_01192,math_lookup,success,,,7
run_01193,fact_lookup,success,,,5
run_01194,multi_hop,success,,,10
run_01195,fact_lookup,success,,,5
run_01196,math_lookup,success,,,5
run_01197,math_lookup,fail,tool_error_ignored,3,5
run_01198,math_lookup,success,,,5
run_01199,multi_hop,fail,corrupted_state,3,8
run_01200,math_lookup,success,,,5
run_01201,fact_lookup,success,,,5
run_01202,math_lookup,success,,,5
run_01203,math_lookup,success,,,5
run_01204,math_lookup,success,,,5
run_01205,multi_hop,fail,corrupted_state,3,8
run_01206,multi_hop,success,,,10
run_01207,fact_lookup,success,,,7
run_01208,math_lookup,success,,,5
run_01209,multi_hop,success,,,8
run_01210,math_lookup,fail,context_ignored,4,5
run_01211,math_lookup,fail,corrupted_state,3,5
run_01212,fact_lookup,fail,retry_loop,1,9
run_01213,math_lookup,success,,,5
run_01214,math_lookup,fail,bad_tool_arguments,2,5
run_01215,fact_lookup,success,,,5
run_01216,fact_lookup,success,,,7
run_01217,math_lookup,success,,,5
run_01218,multi_hop,fail,retry_loop,1,9
run_01219,fact_lookup,success,,,5
run_01220,multi_hop,success,,,8
run_01221,fact_lookup,success,,,5
run_01222,fact_lookup,fail,context_ignored,4,5
run_01223,fact_lookup,fail,corrupted_state,3,5
run_01224,math_lookup,success,,,7
run_01225,math_lookup,success,,,5
run_01226,math_lookup,success,,,7
run_01227,math_lookup,success,,,5
run_01228,fact_lookup,success,,,5
run_01229,fact_lookup,fail,corrupted_state,3,5
run_01230,multi_hop,success,,,8
run_01231,fact_lookup,fail,wrong_tool_selected,1,5
run_01232,math_lookup,success,,,5
run_01233,fact_lookup,success,,,5
run_01234,multi_hop,fail,context_ignored,7,8
run_01235,math_lookup,success,,,5
run_01236,fact_lookup,success,,,5
run_01237,multi_hop,success,,,8
run_01238,fact_lookup,success,,,5
run_01239,math_lookup,success,,,5
run_01240,fact_lookup,success,,,5
run_01241,math_lookup,success,,,5
run_01242,multi_hop,fail,retry_loop,1,9
run_01243,math_lookup,fail,wrong_tool_selected,1,5
run_01244,fact_lookup,success,,,5
run_01245,math_lookup,success,,,5
run_01246,fact_lookup,success,,,5
run_01247,fact_lookup,success,,,5
run_01248,math_lookup,success,,,5
run_01249,fact_lookup,success,,,5
run_01250,fact_lookup,success,,,5
run_01251,fact_lookup,success,,,5
run_01252,fact_lookup,fail,context_ignored,4,5
run_01253,math_lookup,success,,,5
run_01254,multi_hop,success,,,8
run_01255,math_lookup,fail,wrong_tool_selected,1,5
run_01256,math_lookup,success,,,7
run_01257,multi_hop,success,,,8
run_01258,fact_lookup,fail,context_ignored,4,5
run_01259,fact_lookup,success,,,5
run_01260,math_lookup,success,,,5
run_01261,fact_lookup,success,,,5
run_01262,multi_hop,success,,,8
run_01263,math_lookup,fail,tool_error_ignored,3,5
run_01264,math_lookup,fail,context_ignored,4,5
run_01265,multi_hop,success,,,8
run_01266,multi_hop,success,,,8
run_01267,multi_hop,success,,,8
run_01268,fact_lookup,fail,bad_tool_arguments,2,5
run_01269,multi_hop,success,,,8
run_01270,fact_lookup,fail,context_ignored,4,5
run_01271,math_lookup,fail,corrupted_state,3,5
run_01272,math_lookup,success,,,5
run_01273,math_lookup,fail,wrong_tool_selected,1,5
run_01274,math_lookup,success,,,5
run_01275,multi_hop,success,,,8
run_01276,multi_hop,fail,context_ignored,7,8
run_01277,math_lookup,success,,,5
run_01278,math_lookup,success,,,5
run_01279,multi_hop,fail,wrong_tool_selected,4,8
run_01280,math_lookup,success,,,5
run_01281,fact_lookup,success,,,7
run_01282,math_lookup,success,,,5
run_01283,math_lookup,success,,,5
run_01284,multi_hop,success,,,8
run_01285,math_lookup,success,,,5
run_01286,multi_hop,success,,,10
run_01287,fact_lookup,success,,,5
run_01288,multi_hop,success,,,10
run_01289,multi_hop,success,,,8
run_01290,math_lookup,success,,,7
run_01291,math_lookup,success,,,5
run_01292,math_lookup,fail,bad_tool_arguments,2,5
run_01293,multi_hop,success,,,8
run_01294,fact_lookup,success,,,5
run_01295,math_lookup,fail,corrupted_state,3,5
run_01296,fact_lookup,success,,,5
run_01297,fact_lookup,success,,,5
run_01298,math_lookup,fail,bad_tool_arguments,2,5
run_01299,math_lookup,fail,tool_error_ignored,3,5
run_01300,fact_lookup,success,,,7
run_01301,multi_hop,fail,corrupted_state,6,7
run_01302,math_lookup,fail,retry_loop,1,9
run_01303,fact_lookup,success,,,7
run_01304,multi_hop,success,,,8
run_01305,fact_lookup,success,,,5
run_01306,multi_hop,fail,context_ignored,7,8
run_01307,fact_lookup,success,,,5
run_01308,fact_lookup,success,,,5
run_01309,multi_hop,success,,,8
run_01310,math_lookup,fail,bad_tool_arguments,2,5
run_01311,math_lookup,success,,,5
run_01312,multi_hop,success,,,8
run_01313,math_lookup,success,,,5
run_01314,math_lookup,success,,,5
run_01315,fact_lookup,success,,,5
run_01316,math_lookup,success,,,5
run_01317,fact_lookup,success,,,5
run_01318,fact_lookup,success,,,5
run_01319,multi_hop,fail,corrupted_state,6,8
run_01320,math_lookup,success,,,5
run_01321,multi_hop,success,,,8
run_01322,fact_lookup,success,,,5
run_01323,multi_hop,success,,,8
run_01324,fact_lookup,success,,,5
run_01325,fact_lookup,success,,,7
run_01326,fact_lookup,success,,,5
run_01327,fact_lookup,success,,,5
run_01328,multi_hop,fail,bad_tool_arguments,2,5
run_01329,fact_lookup,success,,,7
run_01330,multi_hop,success,,,10
run_01331,multi_hop,success,,,8
run_01332,math_lookup,success,,,7
run_01333,fact_lookup,success,,,7
run_01334,fact_lookup,success,,,5
run_01335,fact_lookup,success,,,5
run_01336,fact_lookup,success,,,7
run_01337,math_lookup,success,,,5
run_01338,math_lookup,fail,retry_loop,1,9
run_01339,math_lookup,fail,wrong_tool_selected,1,5
run_01340,fact_lookup,success,,,5
run_01341,math_lookup,fail,tool_error_ignored,5,7
run_01342,multi_hop,success,,,8
run_01343,multi_hop,success,,,8
run_01344,math_lookup,success,,,5
run_01345,math_lookup,fail,wrong_tool_selected,1,5
run_01346,fact_lookup,success,,,5
run_01347,math_lookup,fail,tool_error_ignored,3,5
run_01348,fact_lookup,success,,,5
run_01349,fact_lookup,fail,corrupted_state,3,5
run_01350,multi_hop,fail,retry_loop,1,9
run_01351,fact_lookup,fail,wrong_tool_selected,1,5
run_01352,math_lookup,success,,,5
run_01353,math_lookup,fail,tool_error_ignored,5,6
run_01354,math_lookup,success,,,5
run_01355,math_lookup,success,,,5
run_01356,multi_hop,success,,,8
run_01357,math_lookup,success,,,5
run_01358,multi_hop,success,,,8
run_01359,fact_lookup,success,,,5
run_01360,multi_hop,success,,,8
run_01361,fact_lookup,fail,corrupted_state,3,5
run_01362,multi_hop,success,,,8
run_01363,fact_lookup,success,,,5
run_01364,math_lookup,fail,bad_tool_arguments,2,5
run_01365,math_lookup,success,,,5
run_01366,math_lookup,success,,,5
run_01367,fact_lookup,fail,corrupted_state,3,5
run_01368,fact_lookup,fail,retry_loop,1,9
run_01369,multi_hop,success,,,8
run_01370,multi_hop,success,,,8
run_01371,fact_lookup,success,,,5
run_01372,fact_lookup,fail,context_ignored,4,5
run_01373,math_lookup,success,,,7
run_01374,math_lookup,success,,,5
run_01375,math_lookup,fail,wrong_tool_selected,1,5
run_01376,math_lookup,fail,bad_tool_arguments,2,5
run_01377,multi_hop,fail,tool_error_ignored,3,5
run_01378,fact_lookup,fail,context_ignored,4,5
run_01379,fact_lookup,fail,corrupted_state,5,6
run_01380,fact_lookup,success,,,7
run_01381,multi_hop,success,,,10
run_01382,fact_lookup,success,,,5
run_01383,multi_hop,success,,,8
run_01384,math_lookup,fail,context_ignored,4,5
run_01385,fact_lookup,fail,corrupted_state,3,5
run_01386,fact_lookup,success,,,5
run_01387,multi_hop,success,,,10
run_01388,math_lookup,fail,bad_tool_arguments,2,5
run_01389,math_lookup,success,,,7
run_01390,multi_hop,success,,,10
run_01391,multi_hop,fail,corrupted_state,6,8
run_01392,fact_lookup,success,,,5
run_01393,math_lookup,success,,,5
run_01394,math_lookup,fail,bad_tool_arguments,2,5
run_01395,multi_hop,fail,tool_error_ignored,5,7
run_01396,math_lookup,success,,,5
run_01397,fact_lookup,success,,,7
run_01398,multi_hop,fail,retry_loop,1,9
run_01399,math_lookup,fail,wrong_tool_selected,1,5
run_01400,multi_hop,fail,bad_tool_arguments,2,5
run_01401,multi_hop,fail,tool_error_ignored,6,8
run_01402,fact_lookup,fail,context_ignored,4,5
run_01403,fact_lookup,success,,,7
run_01404,fact_lookup,success,,,5
run_01405,fact_lookup,fail,wrong_tool_selected,1,5
run_01406,math_lookup,fail,bad_tool_arguments,2,5
run_01407,multi_hop,fail,tool_error_ignored,3,5
run_01408,math_lookup,fail,context_ignored,4,5
run_01409,fact_lookup,success,,,5
run_01410,multi_hop,success,,,8
run_01411,math_lookup,fail,wrong_tool_selected,1,5
run_01412,math_lookup,success,,,5
run_01413,fact_lookup,success,,,5
run_01414,multi_hop,fail,context_ignored,7,8
run_01415,multi_hop,success,,,8
run_01416,fact_lookup,fail,retry_loop,1,9
run_01417,fact_lookup,fail,wrong_tool_selected,1,5
run_01418,fact_lookup,fail,bad_tool_arguments,2,5
run_01419,multi_hop,fail,tool_error_ignored,3,5
run_01420,fact_lookup,fail,context_ignored,4,5
run_01421,math_lookup,fail,corrupted_state,3,5
run_01422,math_lookup,success,,,5
run_01423,math_lookup,success,,,7
run_01424,math_lookup,fail,bad_tool_arguments,2,5
run_01425,multi_hop,success,,,8
run_01426,math_lookup,fail,context_ignored,4,5
run_01427,fact_lookup,fail,corrupted_state,3,5
run_01428,fact_lookup,fail,retry_loop,1,9
run_01429,multi_hop,success,,,8
run_01430,fact_lookup,success,,,5
run_01431,math_lookup,success,,,5
run_01432,math_lookup,fail,context_ignored,4,5
run_01433,multi_hop,success,,,10
run_01434,fact_lookup,fail,retry_loop,1,9
run_01435,math_lookup,success,,,7
run_01436,math_lookup,success,,,5
run_01437,fact_lookup,fail,tool_error_ignored,3,5
run_01438,multi_hop,fail,context_ignored,7,8
run_01439,fact_lookup,success,,,5
run_01440,fact_lookup,success,,,7
run_01441,fact_lookup,success,,,7
run_01442,fact_lookup,success,,,7
run_01443,multi_hop,success,,,8
run_01444,multi_hop,fail,context_ignored,7,8
run_01445,math_lookup,success,,,5
run_01446,fact_lookup,success,,,5
run_01447,math_lookup,success,,,5
run_01448,multi_hop,success,,,8
run_01449,math_lookup,fail,tool_error_ignored,3,5
run_01450,math_lookup,success,,,5
run_01451,math_lookup,success,,,5
run_01452,math_lookup,success,,,5
run_01453,fact_lookup,success,,,5
run_01454,multi_hop,fail,bad_tool_arguments,2,5
run_01455,multi_hop,success,,,8
run_01456,fact_lookup,fail,context_ignored,4,5
run_01457,multi_hop,success,,,8
run_01458,multi_hop,fail,retry_loop,4,12
run_01459,multi_hop,success,,,8
run_01460,math_lookup,fail,bad_tool_arguments,2,5
run_01461,fact_lookup,success,,,7
run_01462,fact_lookup,success,,,5
run_01463,multi_hop,success,,,8
run_01464,multi_hop,fail,retry_loop,4,12
run_01465,multi_hop,success,,,8
run_01466,math_lookup,success,,,7
run_01467,math_lookup,success,,,5
run_01468,math_lookup,success,,,7
run_01469,multi_hop,fail,corrupted_state,3,8
run_01470,multi_hop,success,,,8
run_01471,math_lookup,fail,wrong_tool_selected,1,5
run_01472,multi_hop,success,,,8
run_01473,fact_lookup,success,,,5
run_01474,math_lookup,success,,,7
run_01475,fact_lookup,success,,,5
run_01476,fact_lookup,fail,retry_loop,1,9
run_01477,multi_hop,fail,wrong_tool_selected,1,5
run_01478,multi_hop,success,,,8
run_01479,math_lookup,success,,,5
run_01480,multi_hop,success,,,8
run_01481,multi_hop,success,,,8
run_01482,fact_lookup,fail,retry_loop,1,9
run_01483,math_lookup,success,,,5
run_01484,fact_lookup,success,,,5
run_01485,math_lookup,success,,,5
run_01486,math_lookup,success,,,5
run_01487,math_lookup,success,,,7
run_01488,math_lookup,success,,,7
run_01489,fact_lookup,fail,wrong_tool_selected,1,5
run_01490,math_lookup,success,,,5
run_01491,math_lookup,success,,,5
run_01492,fact_lookup,success,,,5
run_01493,math_lookup,success,,,5
run_01494,multi_hop,fail,retry_loop,4,12
run_01495,math_lookup,success,,,5
run_01496,multi_hop,success,,,8
run_01497,fact_lookup,fail,tool_error_ignored,3,5
run_01498,multi_hop,success,,,10
run_01499,math_lookup,success,,,5
run_01500,multi_hop,fail,retry_loop,4,12
run_01501,fact_lookup,fail,wrong_tool_selected,1,5
run_01502,math_lookup,success,,,5
run_01503,math_lookup,fail,tool_error_ignored,3,5
run_01504,multi_hop,success,,,8
run_01505,fact_lookup,fail,corrupted_state,3,5
run_01506,fact_lookup,fail,retry_loop,1,9
run_01507,fact_lookup,success,,,5
run_01508,math_lookup,fail,bad_tool_arguments,2,5
run_01509,multi_hop,success,,,10
run_01510,math_lookup,success,,,5
run_01511,fact_lookup,success,,,5
run_01512,fact_lookup,success,,,5
run_01513,multi_hop,success,,,8
run_01514,math_lookup,fail,bad_tool_arguments,2,5
run_01515,math_lookup,success,,,5
run_01516,multi_hop,success,,,10
run_01517,math_lookup,success,,,5
run_01518,multi_hop,fail,retry_loop,1,9
run_01519,multi_hop,success,,,8
run_01520,multi_hop,success,,,8
run_01521,fact_lookup,success,,,5
run_01522,fact_lookup,fail,context_ignored,4,5
run_01523,fact_lookup,success,,,5
run_01524,math_lookup,fail,retry_loop,1,9
run_01525,fact_lookup,success,,,5
run_01526,fact_lookup,success,,,5
run_01527,multi_hop,success,,,8
run_01528,multi_hop,success,,,8
run_01529,multi_hop,fail,corrupted_state,6,7
run_01530,multi_hop,success,,,8
run_01531,fact_lookup,fail,wrong_tool_selected,1,5
run_01532,fact_lookup,fail,bad_tool_arguments,2,5
run_01533,multi_hop,success,,,10
run_01534,fact_lookup,success,,,5
run_01535,multi_hop,fail,corrupted_state,6,8
run_01536,math_lookup,fail,retry_loop,1,9
run_01537,fact_lookup,success,,,5
run_01538,fact_lookup,success,,,5
run_01539,math_lookup,fail,tool_error_ignored,3,5
run_01540,multi_hop,success,,,8
run_01541,fact_lookup,success,,,5
run_01542,math_lookup,fail,retry_loop,1,9
run_01543,fact_lookup,fail,wrong_tool_selected,1,5
run_01544,math_lookup,fail,bad_tool_arguments,2,5
run_01545,math_lookup,fail,tool_error_ignored,3,5
run_01546,fact_lookup,fail,context_ignored,4,5
run_01547,fact_lookup,fail,corrupted_state,3,5
run_01548,multi_hop,fail,retry_loop,1,9
run_01549,fact_lookup,success,,,7
run_01550,multi_hop,success,,,8
run_01551,math_lookup,fail,tool_error_ignored,5,7
run_01552,fact_lookup,success,,,5
run_01553,math_lookup,success,,,7
run_01554,math_lookup,fail,retry_loop,1,9
run_01555,fact_lookup,success,,,5
run_01556,fact_lookup,success,,,5
run_01557,multi_hop,success,,,8
run_01558,fact_lookup,fail,context_ignored,4,5
run_01559,math_lookup,fail,corrupted_state,3,5
run_01560,math_lookup,success,,,5
run_01561,multi_hop,success,,,8
run_01562,fact_lookup,success,,,5
run_01563,fact_lookup,success,,,5
run_01564,multi_hop,success,,,8
run_01565,math_lookup,success,,,5
run_01566,fact_lookup,success,,,5
run_01567,fact_lookup,success,,,5
run_01568,fact_lookup,fail,bad_tool_arguments,2,5
run_01569,multi_hop,fail,tool_error_ignored,6,8
run_01570,fact_lookup,success,,,5
run_01571,fact_lookup,success,,,7
run_01572,math_lookup,success,,,5
run_01573,math_lookup,success,,,7
run_01574,math_lookup,success,,,5
run_01575,multi_hop,success,,,8
run_01576,math_lookup,success,,,5
run_01577,math_lookup,fail,corrupted_state,3,5
run_01578,math_lookup,success,,,7
run_01579,math_lookup,success,,,7
run_01580,fact_lookup,fail,bad_tool_arguments,2,5
run_01581,fact_lookup,success,,,5
run_01582,math_lookup,fail,context_ignored,4,5
run_01583,multi_hop,fail,corrupted_state,5,10
run_01584,multi_hop,success,,,8
run_01585,multi_hop,success,,,8
run_01586,math_lookup,success,,,5
run_01587,fact_lookup,fail,tool_error_ignored,3,5
run_01588,math_lookup,success,,,5
run_01589,math_lookup,fail,corrupted_state,3,5
run_01590,math_lookup,success,,,5
run_01591,fact_lookup,fail,wrong_tool_selected,1,5
run_01592,multi_hop,success,,,10
run_01593,fact_lookup,success,,,5
run_01594,math_lookup,success,,,5
run_01595,fact_lookup,success,,,5
run_01596,fact_lookup,success,,,5
run_01597,math_lookup,success,,,7
run_01598,multi_hop,success,,,8
run_01599,fact_lookup,fail,tool_error_ignored,3,5
run_01600,math_lookup,success,,,7
run_01601,multi_hop,fail,corrupted_state,3,8
run_01602,fact_lookup,success,,,7
run_01603,multi_hop,fail,wrong_tool_selected,4,8
run_01604,fact_lookup,success,,,5
run_01605,math_lookup,success,,,5
run_01606,fact_lookup,fail,context_ignored,4,5
run_01607,multi_hop,fail,corrupted_state,3,8
run_01608,fact_lookup,success,,,5
run_01609,fact_lookup,fail,wrong_tool_selected,1,5
run_01610,multi_hop,success,,,8
run_01611,multi_hop,success,,,8
run_01612,multi_hop,success,,,10
run_01613,fact_lookup,fail,corrupted_state,3,5
run_01614,math_lookup,success,,,5
run_01615,fact_lookup,success,,,5
run_01616,fact_lookup,success,,,5
run_01617,fact_lookup,success,,,5
run_01618,fact_lookup,fail,context_ignored,4,5
run_01619,math_lookup,success,,,7
run_01620,multi_hop,success,,,8
run_01621,math_lookup,success,,,5
run_01622,fact_lookup,fail,bad_tool_arguments,2,5
run_01623,multi_hop,fail,tool_error_ignored,6,8
run_01624,multi_hop,fail,context_ignored,7,8
run_01625,fact_lookup,success,,,7
run_01626,math_lookup,fail,retry_loop,1,9
run_01627,fact_lookup,fail,wrong_tool_selected,1,5
run_01628,math_lookup,fail,bad_tool_arguments,2,5
run_01629,math_lookup,success,,,5
run_01630,fact_lookup,success,,,5
run_01631,math_lookup,success,,,5
run_01632,math_lookup,fail,retry_loop,1,9
run_01633,multi_hop,success,,,8
run_01634,multi_hop,success,,,8
run_01635,multi_hop,success,,,8
run_01636,fact_lookup,success,,,5
run_01637,multi_hop,fail,corrupted_state,6,8
run_01638,multi_hop,success,,,8
run_01639,multi_hop,fail,wrong_tool_selected,4,8
run_01640,multi_hop,success,,,8
run_01641,multi_hop,success,,,8
run_01642,math_lookup,fail,context_ignored,4,5
run_01643,math_lookup,success,,,5
run_01644,fact_lookup,success,,,5
run_01645,multi_hop,success,,,8
run_01646,math_lookup,success,,,5
run_01647,fact_lookup,fail,tool_error_ignored,3,5
run_01648,fact_lookup,success,,,5
run_01649,multi_hop,success,,,8
run_01650,multi_hop,success,,,8
run_01651,fact_lookup,success,,,5
run_01652,fact_lookup,success,,,7
run_01653,fact_lookup,success,,,7
run_01654,fact_lookup,success,,,5
run_01655,multi_hop,fail,corrupted_state,6,7
run_01656,multi_hop,fail,retry_loop,4,12
run_01657,math_lookup,success,,,5
run_01658,math_lookup,fail,bad_tool_arguments,2,5
run_01659,fact_lookup,success,,,5
run_01660,multi_hop,fail,context_ignored,7,8
run_01661,multi_hop,success,,,10
run_01662,math_lookup,success,,,7
run_01663,fact_lookup,success,,,5
run_01664,multi_hop,success,,,8
run_01665,fact_lookup,success,,,7
run_01666,fact_lookup,success,,,7
run_01667,multi_hop,success,,,8
run_01668,math_lookup,fail,retry_loop,1,9
run_01669,fact_lookup,success,,,5
run_01670,math_lookup,success,,,5
run_01671,math_lookup,success,,,5
run_01672,fact_lookup,success,,,5
run_01673,multi_hop,success,,,8
run_01674,math_lookup,success,,,5
run_01675,fact_lookup,fail,wrong_tool_selected,1,5
run_01676,math_lookup,fail,bad_tool_arguments,2,5
run_01677,math_lookup,fail,tool_error_ignored,3,5
run_01678,fact_lookup,success,,,5
run_01679,fact_lookup,fail,corrupted_state,3,5
run_01680,fact_lookup,fail,retry_loop,1,9
run_01681,math_lookup,success,,,5
run_01682,math_lookup,success,,,5
run_01683,fact_lookup,success,,,7
run_01684,multi_hop,fail,context_ignored,7,8
run_01685,multi_hop,fail,corrupted_state,6,8
run_01686,fact_lookup,fail,retry_loop,1,9
run_01687,fact_lookup,success,,,5
run_01688,multi_hop,fail,bad_tool_arguments,5,8
run_01689,multi_hop,success,,,8
run_01690,math_lookup,fail,context_ignored,4,5
run_01691,fact_lookup,fail,corrupted_state,3,5
run_01692,math_lookup,success,,,5
run_01693,math_lookup,success,,,5
run_01694,fact_lookup,success,,,5
run_01695,multi_hop,fail,tool_error_ignored,6,7
run_01696,fact_lookup,success,,,5
run_01697,multi_hop,fail,corrupted_state,6,7
run_01698,multi_hop,success,,,8
run_01699,fact_lookup,success,,,5
run_01700,fact_lookup,fail,bad_tool_arguments,2,5
run_01701,math_lookup,success,,,5
run_01702,fact_lookup,success,,,5
run_01703,multi_hop,fail,corrupted_state,3,8
run_01704,fact_lookup,success,,,7
run_01705,multi_hop,fail,wrong_tool_selected,1,5
run_01706,fact_lookup,fail,bad_tool_arguments,2,5
run_01707,multi_hop,success,,,8
run_01708,math_lookup,success,,,7
run_01709,math_lookup,success,,,5
run_01710,fact_lookup,success,,,5
run_01711,multi_hop,success,,,10
run_01712,multi_hop,fail,bad_tool_arguments,2,5
run_01713,multi_hop,success,,,8
run_01714,fact_lookup,fail,context_ignored,4,5
run_01715,math_lookup,fail,corrupted_state,3,5
run_01716,math_lookup,success,,,5
run_01717,multi_hop,success,,,10
run_01718,multi_hop,fail,bad_tool_arguments,7,10
run_01719,fact_lookup,success,,,5
run_01720,fact_lookup,fail,context_ignored,4,5
run_01721,multi_hop,success,,,8
run_01722,multi_hop,success,,,8
run_01723,math_lookup,success,,,5
run_01724,math_lookup,success,,,7
run_01725,fact_lookup,fail,tool_error_ignored,3,5
run_01726,math_lookup,success,,,5
run_01727,math_lookup,success,,,5
run_01728,fact_lookup,success,,,5
run_01729,multi_hop,success,,,10
run_01730,fact_lookup,fail,bad_tool_arguments,2,5
run_01731,math_lookup,success,,,5
run_01732,multi_hop,fail,context_ignored,7,8
run_01733,multi_hop,success,,,8
run_01734,fact_lookup,fail,retry_loop,1,9
run_01735,math_lookup,fail,wrong_tool_selected,1,5
run_01736,multi_hop,success,,,8
run_01737,fact_lookup,fail,tool_error_ignored,3,5
run_01738,multi_hop,success,,,8
run_01739,math_lookup,success,,,5
run_01740,multi_hop,success,,,8
run_01741,fact_lookup,success,,,5
run_01742,math_lookup,fail,bad_tool_arguments,2,5
run_01743,multi_hop,fail,tool_error_ignored,3,5
run_01744,multi_hop,success,,,8
run_01745,fact_lookup,success,,,5
run_01746,fact_lookup,fail,retry_loop,1,9
run_01747,multi_hop,success,,,10
run_01748,fact_lookup,fail,bad_tool_arguments,2,5
run_01749,fact_lookup,success,,,5
run_01750,fact_lookup,success,,,5
run_01751,multi_hop,success,,,8
run_01752,math_lookup,success,,,7
run_01753,math_lookup,success,,,5
run_01754,multi_hop,success,,,8
run_01755,fact_lookup,success,,,5
run_01756,math_lookup,fail,context_ignored,4,5
run_01757,math_lookup,success,,,5
run_01758,math_lookup,success,,,5
run_01759,multi_hop,success,,,8
run_01760,fact_lookup,success,,,5
run_01761,math_lookup,fail,tool_error_ignored,3,5
run_01762,fact_lookup,success,,,7
run_01763,multi_hop,success,,,10
run_01764,multi_hop,success,,,8
run_01765,math_lookup,success,,,5
run_01766,math_lookup,fail,bad_tool_arguments,2,5
run_01767,fact_lookup,success,,,5
run_01768,multi_hop,success,,,10
run_01769,multi_hop,success,,,8
run_01770,multi_hop,success,,,8
run_01771,fact_lookup,success,,,5
run_01772,math_lookup,success,,,5
run_01773,multi_hop,success,,,8
run_01774,fact_lookup,fail,context_ignored,4,5
run_01775,math_lookup,success,,,5
run_01776,multi_hop,success,,,8
run_01777,math_lookup,success,,,7
run_01778,fact_lookup,fail,bad_tool_arguments,2,5
run_01779,math_lookup,fail,tool_error_ignored,3,5
run_01780,fact_lookup,success,,,5
run_01781,multi_hop,fail,corrupted_state,3,8
run_01782,math_lookup,fail,retry_loop,1,9
run_01783,multi_hop,success,,,8
run_01784,math_lookup,success,,,5
run_01785,fact_lookup,fail,tool_error_ignored,3,5
run_01786,multi_hop,success,,,8
run_01787,math_lookup,success,,,5
run_01788,math_lookup,success,,,7
run_01789,multi_hop,success,,,8
run_01790,math_lookup,success,,,5
run_01791,math_lookup,success,,,5
run_01792,fact_lookup,fail,context_ignored,4,5
run_01793,fact_lookup,fail,corrupted_state,3,5
run_01794,multi_hop,fail,retry_loop,4,12
run_01795,fact_lookup,fail,wrong_tool_selected,1,5
run_01796,multi_hop,fail,bad_tool_arguments,2,5
run_01797,math_lookup,success,,,5
run_01798,fact_lookup,fail,context_ignored,4,5
run_01799,math_lookup,success,,,5
run_01800,fact_lookup,fail,retry_loop,1,9
run_01801,math_lookup,success,,,5
run_01802,math_lookup,success,,,5
run_01803,multi_hop,success,,,8
run_01804,math_lookup,success,,,7
run_01805,multi_hop,success,,,8
run_01806,fact_lookup,success,,,7
run_01807,fact_lookup,success,,,5
run_01808,math_lookup,fail,bad_tool_arguments,2,5
run_01809,multi_hop,success,,,8
run_01810,multi_hop,success,,,8
run_01811,math_lookup,success,,,5
run_01812,fact_lookup,success,,,5
run_01813,multi_hop,success,,,8
run_01814,fact_lookup,success,,,5
run_01815,fact_lookup,success,,,5
run_01816,multi_hop,success,,,8
run_01817,math_lookup,success,,,5
run_01818,fact_lookup,fail,retry_loop,1,9
run_01819,fact_lookup,fail,wrong_tool_selected,1,5
run_01820,multi_hop,success,,,8
run_01821,multi_hop,success,,,8
run_01822,math_lookup,success,,,7
run_01823,math_lookup,fail,corrupted_state,3,5
run_01824,math_lookup,success,,,7
run_01825,fact_lookup,fail,wrong_tool_selected,1,5
run_01826,multi_hop,fail,bad_tool_arguments,2,5
run_01827,math_lookup,success,,,5
run_01828,fact_lookup,fail,context_ignored,4,5
run_01829,math_lookup,success,,,5
run_01830,fact_lookup,fail,retry_loop,1,9
run_01831,fact_lookup,success,,,5
run_01832,math_lookup,success,,,5
run_01833,multi_hop,fail,tool_error_ignored,3,5
run_01834,multi_hop,success,,,8
run_01835,multi_hop,success,,,8
run_01836,math_lookup,success,,,7
run_01837,math_lookup,success,,,5
run_01838,fact_lookup,success,,,5
run_01839,multi_hop,fail,tool_error_ignored,6,8
run_01840,math_lookup,success,,,5
run_01841,math_lookup,fail,corrupted_state,5,7
run_01842,math_lookup,success,,,7
run_01843,fact_lookup,fail,wrong_tool_selected,1,5
run_01844,multi_hop,success,,,8
run_01845,fact_lookup,success,,,7
run_01846,math_lookup,fail,context_ignored,4,5
run_01847,fact_lookup,fail,corrupted_state,3,5
run_01848,fact_lookup,fail,retry_loop,1,9
run_01849,multi_hop,success,,,8
run_01850,math_lookup,success,,,5
run_01851,fact_lookup,success,,,5
run_01852,math_lookup,success,,,5
run_01853,fact_lookup,success,,,5
run_01854,fact_lookup,success,,,5
run_01855,math_lookup,success,,,5
run_01856,multi_hop,fail,bad_tool_arguments,2,5
run_01857,math_lookup,success,,,7
run_01858,multi_hop,success,,,10
run_01859,fact_lookup,fail,corrupted_state,3,5
run_01860,fact_lookup,fail,retry_loop,1,9
run_01861,multi_hop,success,,,8
run_01862,math_lookup,success,,,7
run_01863,multi_hop,success,,,8
run_01864,multi_hop,success,,,8
run_01865,math_lookup,success,,,5
run_01866,fact_lookup,success,,,5
run_01867,math_lookup,success,,,5
run_01868,fact_lookup,success,,,5
run_01869,math_lookup,success,,,7
run_01870,fact_lookup,fail,context_ignored,4,5
run_01871,math_lookup,fail,corrupted_state,3,5
run_01872,fact_lookup,fail,retry_loop,1,9
run_01873,fact_lookup,success,,,5
run_01874,math_lookup,success,,,5
run_01875,fact_lookup,success,,,5
run_01876,math_lookup,success,,,5
run_01877,fact_lookup,fail,corrupted_state,3,5
run_01878,fact_lookup,success,,,7
run_01879,multi_hop,fail,wrong_tool_selected,4,8
run_01880,math_lookup,success,,,5
run_01881,math_lookup,success,,,5
run_01882,fact_lookup,success,,,5
run_01883,fact_lookup,success,,,5
run_01884,multi_hop,success,,,8
run_01885,math_lookup,success,,,5
run_01886,math_lookup,success,,,5
run_01887,multi_hop,fail,tool_error_ignored,6,8
run_01888,fact_lookup,success,,,5
run_01889,multi_hop,fail,corrupted_state,6,8
run_01890,fact_lookup,success,,,5
run_01891,math_lookup,success,,,5
run_01892,fact_lookup,success,,,5
run_01893,fact_lookup,success,,,5
run_01894,multi_hop,success,,,8
run_01895,multi_hop,success,,,8
run_01896,multi_hop,success,,,8
run_01897,math_lookup,success,,,5
run_01898,math_lookup,fail,bad_tool_arguments,2,5
run_01899,fact_lookup,fail,tool_error_ignored,3,5
run_01900,multi_hop,fail,context_ignored,7,8
run_01901,math_lookup,fail,corrupted_state,3,5
run_01902,fact_lookup,success,,,5
run_01903,math_lookup,fail,wrong_tool_selected,1,5
run_01904,fact_lookup,fail,bad_tool_arguments,2,5
run_01905,multi_hop,success,,,8
run_01906,multi_hop,fail,context_ignored,7,8
run_01907,multi_hop,success,,,10
run_01908,multi_hop,success,,,8
run_01909,math_lookup,success,,,7
run_01910,fact_lookup,success,,,5
run_01911,math_lookup,fail,tool_error_ignored,3,5
run_01912,math_lookup,success,,,5
run_01913,fact_lookup,success,,,5
run_01914,multi_hop,fail,retry_loop,1,9
run_01915,fact_lookup,success,,,5
run_01916,multi_hop,success,,,8
run_01917,fact_lookup,fail,tool_error_ignored,3,5
run_01918,multi_hop,success,,,8
run_01919,multi_hop,success,,,8
run_01920,fact_lookup,success,,,5
run_01921,multi_hop,fail,wrong_tool_selected,1,5
run_01922,math_lookup,success,,,7
run_01923,multi_hop,success,,,8
run_01924,fact_lookup,fail,context_ignored,4,5
run_01925,multi_hop,success,,,8
run_01926,fact_lookup,success,,,5
run_01927,multi_hop,fail,wrong_tool_selected,4,8
run_01928,multi_hop,fail,bad_tool_arguments,2,5
run_01929,fact_lookup,fail,tool_error_ignored,3,5
run_01930,fact_lookup,fail,context_ignored,4,5
run_01931,multi_hop,success,,,10
run_01932,fact_lookup,success,,,5
run_01933,multi_hop,success,,,8
run_01934,math_lookup,success,,,5
run_01935,fact_lookup,success,,,5
run_01936,math_lookup,success,,,5
run_01937,multi_hop,fail,corrupted_state,3,8
run_01938,math_lookup,success,,,5
run_01939,math_lookup,fail,wrong_tool_selected,1,5
run_01940,fact_lookup,success,,,5
run_01941,multi_hop,success,,,8
run_01942,math_lookup,success,,,5
run_01943,math_lookup,success,,,5
run_01944,math_lookup,success,,,7
run_01945,multi_hop,success,,,8
run_01946,fact_lookup,success,,,5
run_01947,multi_hop,fail,tool_error_ignored,3,5
run_01948,fact_lookup,fail,context_ignored,4,5
run_01949,multi_hop,fail,corrupted_state,3,8
run_01950,multi_hop,fail,retry_loop,4,12
run_01951,math_lookup,success,,,5
run_01952,multi_hop,success,,,8
run_01953,multi_hop,success,,,8
run_01954,fact_lookup,success,,,5
run_01955,multi_hop,success,,,8
run_01956,math_lookup,success,,,5
run_01957,fact_lookup,success,,,5
run_01958,multi_hop,success,,,8
run_01959,multi_hop,success,,,10
run_01960,math_lookup,fail,context_ignored,4,5
run_01961,math_lookup,success,,,5
run_01962,math_lookup,fail,retry_loop,1,9
run_01963,math_lookup,success,,,5
run_01964,fact_lookup,success,,,5
run_01965,multi_hop,fail,tool_error_ignored,6,7
run_01966,fact_lookup,success,,,7
run_01967,math_lookup,fail,corrupted_state,3,5
run_01968,fact_lookup,success,,,5
run_01969,math_lookup,success,,,5
run_01970,fact_lookup,success,,,5
run_01971,multi_hop,fail,tool_error_ignored,6,7
run_01972,fact_lookup,success,,,5
run_01973,multi_hop,success,,,8
run_01974,fact_lookup,success,,,5
run_01975,fact_lookup,fail,wrong_tool_selected,1,5
run_01976,multi_hop,success,,,8
run_01977,multi_hop,fail,tool_error_ignored,3,5
run_01978,multi_hop,success,,,8
run_01979,fact_lookup,fail,corrupted_state,3,5
run_01980,multi_hop,success,,,8
run_01981,math_lookup,success,,,5
run_01982,fact_lookup,success,,,5
run_01983,fact_lookup,fail,tool_error_ignored,3,5
run_01984,math_lookup,success,,,5
run_01985,math_lookup,fail,corrupted_state,3,5
run_01986,math_lookup,fail,retry_loop,1,9
run_01987,fact_lookup,fail,wrong_tool_selected,1,5
run_01988,fact_lookup,success,,,5
run_01989,multi_hop,success,,,8
run_01990,fact_lookup,success,,,5
run_01991,multi_hop,fail,corrupted_state,3,8
run_01992,fact_lookup,fail,retry_loop,1,9
run_01993,fact_lookup,success,,,7
run_01994,fact_lookup,fail,bad_tool_arguments,2,5
run_01995,fact_lookup,success,,,5
run_01996,math_lookup,success,,,5
run_01997,multi_hop,success,,,8
run_01998,math_lookup,success,,,5
run_01999,fact_lookup,fail,wrong_tool_selected,1,5
run_02000,multi_hop,success,,,8
run_02001,multi_hop,fail,tool_error_ignored,3,5
run_02002,fact_lookup,success,,,5
run_02003,multi_hop,success,,,10
run_02004,math_lookup,fail,retry_loop,1,9
run_02005,math_lookup,success,,,5
run_02006,fact_lookup,fail,bad_tool_arguments,2,5
run_02007,fact_lookup,fail,tool_error_ignored,3,5
run_02008,multi_hop,success,,,8
run_02009,fact_lookup,success,,,7
run_02010,multi_hop,success,,,10
run_02011,fact_lookup,success,,,7
run_02012,fact_lookup,success,,,5
run_02013,multi_hop,success,,,8
run_02014,fact_lookup,fail,context_ignored,4,5
run_02015,math_lookup,fail,corrupted_state,3,5
run_02016,multi_hop,fail,retry_loop,1,9
run_02017,multi_hop,success,,,10
run_02018,fact_lookup,success,,,7
run_02019,multi_hop,success,,,8
run_02020,fact_lookup,success,,,5
run_02021,fact_lookup,fail,corrupted_state,3,5
run_02022,fact_lookup,fail,retry_loop,1,9
run_02023,multi_hop,success,,,8
run_02024,multi_hop,success,,,10
run_02025,fact_lookup,success,,,5
run_02026,math_lookup,fail,context_ignored,4,5
run_02027,math_lookup,success,,,7
run_02028,multi_hop,success,,,8
run_02029,fact_lookup,success,,,7
run_02030,multi_hop,fail,bad_tool_arguments,7,10
run_02031,math_lookup,success,,,5
run_02032,multi_hop,success,,,8
run_02033,fact_lookup,success,,,7
run_02034,fact_lookup,fail,retry_loop,1,9
run_02035,math_lookup,success,,,5
run_02036,multi_hop,success,,,8
run_02037,math_lookup,fail,tool_error_ignored,3,5
run_02038,math_lookup,fail,context_ignored,4,5
run_02039,fact_lookup,success,,,5
run_02040,math_lookup,fail,retry_loop,1,9
run_02041,multi_hop,success,,,8
run_02042,multi_hop,fail,bad_tool_arguments,2,5
run_02043,multi_hop,success,,,8
run_02044,math_lookup,success,,,7
run_02045,fact_lookup,fail,corrupted_state,3,5
run_02046,multi_hop,success,,,10
run_02047,math_lookup,fail,wrong_tool_selected,1,5
run_02048,multi_hop,fail,bad_tool_arguments,2,5
run_02049,math_lookup,success,,,5
run_02050,multi_hop,success,,,8
run_02051,fact_lookup,fail,corrupted_state,3,5
run_02052,math_lookup,success,,,5
run_02053,math_lookup,fail,wrong_tool_selected,1,5
run_02054,fact_lookup,success,,,5
run_02055,fact_lookup,fail,tool_error_ignored,3,5
run_02056,math_lookup,fail,context_ignored,4,5
run_02057,math_lookup,success,,,7
run_02058,math_lookup,fail,retry_loop,1,9
run_02059,math_lookup,fail,wrong_tool_selected,1,5
run_02060,math_lookup,fail,bad_tool_arguments,2,5
run_02061,fact_lookup,success,,,5
run_02062,multi_hop,fail,context_ignored,7,8
run_02063,multi_hop,success,,,8
run_02064,fact_lookup,success,,,5
run_02065,fact_lookup,success,,,5
run_02066,fact_lookup,success,,,5
run_02067,fact_lookup,success,,,5
run_02068,fact_lookup,success,,,5
run_02069,math_lookup,success,,,5
run_02070,math_lookup,success,,,5
run_02071,fact_lookup,success,,,7
run_02072,math_lookup,success,,,5
run_02073,math_lookup,success,,,5
run_02074,math_lookup,success,,,5
run_02075,fact_lookup,fail,corrupted_state,3,5
run_02076,multi_hop,success,,,8
run_02077,math_lookup,success,,,5
run_02078,math_lookup,success,,,5
run_02079,fact_lookup,fail,tool_error_ignored,3,5
run_02080,math_lookup,fail,context_ignored,4,5
run_02081,fact_lookup,fail,corrupted_state,3,5
run_02082,fact_lookup,success,,,5
run_02083,multi_hop,fail,wrong_tool_selected,1,5
run_02084,multi_hop,success,,,8
run_02085,math_lookup,success,,,5
run_02086,fact_lookup,fail,context_ignored,4,5
run_02087,math_lookup,fail,corrupted_state,3,5
run_02088,fact_lookup,fail,retry_loop,1,9
run_02089,multi_hop,success,,,10
run_02090,math_lookup,success,,,5
run_02091,multi_hop,success,,,8
run_02092,math_lookup,success,,,5
run_02093,fact_lookup,fail,corrupted_state,5,7
run_02094,math_lookup,success,,,5
run_02095,math_lookup,success,,,5
run_02096,math_lookup,success,,,5
run_02097,fact_lookup,success,,,5
run_02098,math_lookup,success,,,5
run_02099,math_lookup,success,,,5
run_02100,fact_lookup,success,,,5
run_02101,math_lookup,fail,wrong_tool_selected,1,5
run_02102,math_lookup,fail,bad_tool_arguments,2,5
run_02103,multi_hop,success,,,10
run_02104,fact_lookup,fail,context_ignored,4,5
run_02105,multi_hop,fail,corrupted_state,3,8
run_02106,fact_lookup,fail,retry_loop,1,9
run_02107,fact_lookup,fail,wrong_tool_selected,1,5
run_02108,multi_hop,success,,,8
run_02109,fact_lookup,success,,,5
run_02110,math_lookup,success,,,5
run_02111,math_lookup,success,,,7
run_02112,fact_lookup,success,,,5
run_02113,fact_lookup,success,,,5
run_02114,math_lookup,fail,bad_tool_arguments,2,5
run_02115,math_lookup,fail,tool_error_ignored,3,5
run_02116,fact_lookup,fail,context_ignored,4,5
run_02117,math_lookup,fail,corrupted_state,3,5
run_02118,math_lookup,success,,,5
run_02119,fact_lookup,success,,,7
run_02120,fact_lookup,success,,,7
run_02121,multi_hop,fail,tool_error_ignored,3,5
run_02122,fact_lookup,success,,,5
run_02123,fact_lookup,success,,,7
run_02124,fact_lookup,success,,,5
run_02125,multi_hop,fail,wrong_tool_selected,4,8
run_02126,fact_lookup,success,,,7
run_02127,math_lookup,fail,tool_error_ignored,3,5
run_02128,fact_lookup,success,,,5
run_02129,multi_hop,fail,corrupted_state,6,8
run_02130,fact_lookup,success,,,7
run_02131,math_lookup,success,,,5
run_02132,math_lookup,fail,bad_tool_arguments,2,5
run_02133,fact_lookup,success,,,5
run_02134,math_lookup,fail,context_ignored,4,5
run_02135,fact_lookup,fail,corrupted_state,3,5
run_02136,math_lookup,success,,,5
run_02137,multi_hop,success,,,8
run_02138,math_lookup,success,,,7
run_02139,multi_hop,fail,tool_error_ignored,3,5
run_02140,multi_hop,fail,context_ignored,7,8
run_02141,multi_hop,success,,,8
run_02142,math_lookup,success,,,5
run_02143,multi_hop,success,,,8
run_02144,math_lookup,success,,,5
run_02145,fact_lookup,fail,tool_error_ignored,5,7
run_02146,math_lookup,success,,,5
run_02147,fact_lookup,success,,,5
run_02148,multi_hop,fail,retry_loop,1,9
run_02149,fact_lookup,success,,,5
run_02150,math_lookup,fail,bad_tool_arguments,2,5
run_02151,fact_lookup,success,,,5
run_02152,fact_lookup,success,,,5
run_02153,math_lookup,fail,corrupted_state,3,5
run_02154,fact_lookup,success,,,5
run_02155,multi_hop,success,,,8
run_02156,multi_hop,fail,bad_tool_arguments,7,10
run_02157,multi_hop,fail,tool_error_ignored,6,8
run_02158,fact_lookup,success,,,7
run_02159,fact_lookup,success,,,5
run_02160,multi_hop,success,,,8
run_02161,math_lookup,success,,,5
run_02162,math_lookup,fail,bad_tool_arguments,2,5
run_02163,fact_lookup,success,,,5
run_02164,math_lookup,fail,context_ignored,4,5
run_02165,math_lookup,success,,,5
run_02166,math_lookup,success,,,5
run_02167,math_lookup,fail,wrong_tool_selected,1,5
run_02168,fact_lookup,fail,bad_tool_arguments,2,5
run_02169,multi_hop,fail,tool_error_ignored,6,7
run_02170,multi_hop,fail,context_ignored,7,8
run_02171,fact_lookup,success,,,7
run_02172,multi_hop,fail,retry_loop,1,9
run_02173,fact_lookup,fail,wrong_tool_selected,1,5
run_02174,math_lookup,success,,,5
run_02175,math_lookup,fail,tool_error_ignored,3,5
run_02176,math_lookup,success,,,7
run_02177,fact_lookup,fail,corrupted_state,3,5
run_02178,fact_lookup,fail,retry_loop,1,9
run_02179,multi_hop,success,,,10
run_02180,math_lookup,success,,,5
run_02181,math_lookup,success,,,5
run_02182,fact_lookup,success,,,5
run_02183,fact_lookup,success,,,5
run_02184,math_lookup,fail,retry_loop,1,9
run_02185,math_lookup,success,,,5
run_02186,multi_hop,fail,bad_tool_arguments,5,8
run_02187,math_lookup,success,,,7
run_02188,multi_hop,success,,,8
run_02189,math_lookup,success,,,5
run_02190,fact_lookup,fail,retry_loop,1,9
run_02191,math_lookup,success,,,5
run_02192,math_lookup,success,,,5
run_02193,fact_lookup,fail,tool_error_ignored,3,5
run_02194,fact_lookup,success,,,7
run_02195,fact_lookup,success,,,5
run_02196,fact_lookup,fail,retry_loop,1,9
run_02197,multi_hop,success,,,8
run_02198,math_lookup,fail,bad_tool_arguments,2,5
run_02199,fact_lookup,fail,tool_error_ignored,3,5
run_02200,fact_lookup,fail,context_ignored,4,5
run_02201,multi_hop,fail,corrupted_state,3,8
run_02202,math_lookup,fail,retry_loop,1,9
run_02203,math_lookup,fail,wrong_tool_selected,1,5
run_02204,multi_hop,success,,,8
run_02205,math_lookup,success,,,5
run_02206,multi_hop,success,,,8
run_02207,fact_lookup,success,,,5
run_02208,math_lookup,success,,,5
run_02209,math_lookup,success,,,5
run_02210,fact_lookup,fail,bad_tool_arguments,2,5
run_02211,fact_lookup,success,,,5
run_02212,fact_lookup,success,,,5
run_02213,math_lookup,fail,corrupted_state,3,5
run_02214,math_lookup,success,,,5
run_02215,fact_lookup,success,,,5
run_02216,fact_lookup,success,,,5
run_02217,math_lookup,success,,,7
run_02218,fact_lookup,fail,context_ignored,4,5
run_02219,fact_lookup,fail,corrupted_state,5,6
run_02220,multi_hop,success,,,8
run_02221,multi_hop,fail,wrong_tool_selected,1,5
run_02222,math_lookup,fail,bad_tool_arguments,2,5
run_02223,fact_lookup,success,,,5
run_02224,multi_hop,fail,context_ignored,7,8
run_02225,fact_lookup,success,,,7
run_02226,multi_hop,success,,,8
run_02227,multi_hop,fail,wrong_tool_selected,1,5
run_02228,fact_lookup,fail,bad_tool_arguments,2,5
run_02229,math_lookup,success,,,5
run_02230,math_lookup,success,,,7
run_02231,math_lookup,success,,,5
run_02232,fact_lookup,fail,retry_loop,1,9
run_02233,multi_hop,success,,,8
run_02234,fact_lookup,success,,,5
run_02235,fact_lookup,success,,,5
run_02236,math_lookup,success,,,5
run_02237,fact_lookup,success,,,5
run_02238,multi_hop,success,,,8
run_02239,fact_lookup,success,,,5
run_02240,fact_lookup,success,,,5
run_02241,fact_lookup,success,,,7
run_02242,multi_hop,success,,,8
run_02243,fact_lookup,success,,,5
run_02244,fact_lookup,fail,retry_loop,1,9
run_02245,math_lookup,success,,,5
run_02246,fact_lookup,success,,,5
run_02247,math_lookup,success,,,7
run_02248,multi_hop,fail,context_ignored,7,8
run_02249,math_lookup,success,,,5
run_02250,math_lookup,success,,,5
run_02251,math_lookup,success,,,5
run_02252,fact_lookup,success,,,5
run_02253,math_lookup,success,,,5
run_02254,multi_hop,success,,,8
run_02255,fact_lookup,fail,corrupted_state,3,5
run_02256,math_lookup,success,,,5
run_02257,math_lookup,success,,,5
run_02258,fact_lookup,success,,,5
run_02259,multi_hop,success,,,8
run_02260,fact_lookup,success,,,5
run_02261,fact_lookup,success,,,7
run_02262,multi_hop,success,,,8
run_02263,multi_hop,success,,,8
run_02264,math_lookup,fail,bad_tool_arguments,2,5
run_02265,math_lookup,success,,,5
run_02266,multi_hop,success,,,8
run_02267,multi_hop,success,,,8
run_02268,math_lookup,fail,retry_loop,1,9
run_02269,multi_hop,success,,,8
run_02270,fact_lookup,success,,,7
run_02271,math_lookup,success,,,7
run_02272,multi_hop,fail,context_ignored,7,8
run_02273,math_lookup,success,,,5
run_02274,math_lookup,fail,retry_loop,1,9
run_02275,math_lookup,success,,,5
run_02276,fact_lookup,success,,,5
run_02277,fact_lookup,fail,tool_error_ignored,3,5
run_02278,math_lookup,fail,context_ignored,4,5
run_02279,fact_lookup,success,,,5
run_02280,fact_lookup,success,,,5
run_02281,fact_lookup,fail,wrong_tool_selected,1,5
run_02282,multi_hop,fail,bad_tool_arguments,5,8
run_02283,fact_lookup,success,,,5
run_02284,multi_hop,success,,,8
run_02285,math_lookup,success,,,5
run_02286,fact_lookup,success,,,5
run_02287,math_lookup,fail,wrong_tool_selected,1,5
run_02288,fact_lookup,fail,bad_tool_arguments,2,5
run_02289,math_lookup,success,,,5
run_02290,multi_hop,success,,,8
run_02291,multi_hop,fail,corrupted_state,6,8
run_02292,fact_lookup,success,,,5
run_02293,fact_lookup,fail,wrong_tool_selected,1,5
run_02294,fact_lookup,fail,bad_tool_arguments,2,5
run_02295,fact_lookup,fail,tool_error_ignored,3,5
run_02296,fact_lookup,fail,context_ignored,4,5
run_02297,math_lookup,success,,,7
run_02298,fact_lookup,success,,,7
run_02299,multi_hop,success,,,8
run_02300,multi_hop,success,,,8
run_02301,multi_hop,success,,,8
run_02302,multi_hop,success,,,10
run_02303,math_lookup,success,,,5
run_02304,fact_lookup,success,,,5
run_02305,math_lookup,success,,,5
run_02306,math_lookup,success,,,5
run_02307,fact_lookup,success,,,7
run_02308,fact_lookup,success,,,5
run_02309,multi_hop,fail,corrupted_state,6,7
run_02310,multi_hop,fail,retry_loop,4,12
run_02311,fact_lookup,fail,wrong_tool_selected,1,5
run_02312,multi_hop,success,,,8
run_02313,math_lookup,success,,,7
run_02314,multi_hop,success,,,10
run_02315,fact_lookup,success,,,5
run_02316,math_lookup,success,,,5
run_02317,fact_lookup,fail,wrong_tool_selected,1,5
run_02318,multi_hop,success,,,8
run_02319,math_lookup,success,,,5
run_02320,math_lookup,fail,context_ignored,4,5
run_02321,fact_lookup,fail,corrupted_state,3,5
run_02322,fact_lookup,success,,,7
run_02323,fact_lookup,fail,wrong_tool_selected,1,5
run_02324,fact_lookup,success,,,5
run_02325,fact_lookup,fail,tool_error_ignored,3,5
run_02326,multi_hop,fail,context_ignored,7,8
run_02327,math_lookup,success,,,5
run_02328,fact_lookup,fail,retry_loop,1,9
run_02329,fact_lookup,success,,,7
run_02330,multi_hop,fail,bad_tool_arguments,5,8
run_02331,multi_hop,fail,tool_error_ignored,3,5
run_02332,math_lookup,fail,context_ignored,4,5
run_02333,fact_lookup,success,,,7
run_02334,math_lookup,success,,,5
run_02335,fact_lookup,fail,wrong_tool_selected,1,5
run_02336,fact_lookup,success,,,5
run_02337,math_lookup,fail,tool_error_ignored,3,5
run_02338,math_lookup,fail,context_ignored,4,5
run_02339,math_lookup,success,,,5
run_02340,math_lookup,fail,retry_loop,1,9
run_02341,fact_lookup,fail,wrong_tool_selected,1,5
run_02342,math_lookup,success,,,5
run_02343,fact_lookup,fail,tool_error_ignored,3,5
run_02344,fact_lookup,success,,,7
run_02345,math_lookup,fail,corrupted_state,3,5
run_02346,math_lookup,success,,,5
run_02347,math_lookup,success,,,5
run_02348,math_lookup,success,,,5
run_02349,fact_lookup,success,,,5
run_02350,fact_lookup,success,,,5
run_02351,multi_hop,success,,,8
run_02352,fact_lookup,success,,,5
run_02353,fact_lookup,fail,wrong_tool_selected,1,5
run_02354,math_lookup,fail,bad_tool_arguments,2,5
run_02355,fact_lookup,fail,tool_error_ignored,3,5
run_02356,fact_lookup,success,,,7
run_02357,math_lookup,success,,,5
run_02358,multi_hop,fail,retry_loop,1,9
run_02359,multi_hop,fail,wrong_tool_selected,4,8
run_02360,fact_lookup,fail,bad_tool_arguments,2,5
run_02361,fact_lookup,success,,,5
run_02362,multi_hop,fail,context_ignored,7,8
run_02363,fact_lookup,success,,,5
run_02364,multi_hop,fail,retry_loop,4,12
run_02365,fact_lookup,fail,wrong_tool_selected,1,5
run_02366,math_lookup,success,,,5
run_02367,math_lookup,success,,,5
run_02368,math_lookup,success,,,5
run_02369,fact_lookup,fail,corrupted_state,3,5
run_02370,fact_lookup,fail,retry_loop,1,9
run_02371,math_lookup,fail,wrong_tool_selected,1,5
run_02372,multi_hop,success,,,8
run_02373,math_lookup,success,,,5
run_02374,math_lookup,success,,,5
run_02375,fact_lookup,success,,,7
run_02376,multi_hop,success,,,8
run_02377,math_lookup,success,,,5
run_02378,fact_lookup,fail,bad_tool_arguments,2,5
run_02379,fact_lookup,fail,tool_error_ignored,3,5
run_02380,fact_lookup,fail,context_ignored,4,5
run_02381,fact_lookup,fail,corrupted_state,3,5
run_02382,math_lookup,fail,retry_loop,1,9
run_02383,math_lookup,fail,wrong_tool_selected,1,5
run_02384,multi_hop,success,,,8
run_02385,math_lookup,fail,tool_error_ignored,3,5
run_02386,multi_hop,success,,,8
run_02387,fact_lookup,success,,,5
run_02388,fact_lookup,success,,,5
run_02389,math_lookup,success,,,5
run_02390,math_lookup,fail,bad_tool_arguments,2,5
run_02391,math_lookup,success,,,5
run_02392,fact_lookup,success,,,5
run_02393,multi_hop,fail,corrupted_state,6,8
run_02394,math_lookup,success,,,7
run_02395,math_lookup,success,,,5
run_02396,multi_hop,success,,,10
run_02397,fact_lookup,success,,,5
run_02398,fact_lookup,success,,,7
run_02399,fact_lookup,success,,,5
run_02400,multi_hop,fail,retry_loop,1,9
run_02401,fact_lookup,success,,,5
run_02402,fact_lookup,success,,,5
run_02403,math_lookup,fail,tool_error_ignored,5,7
run_02404,fact_lookup,success,,,5
run_02405,multi_hop,success,,,8
run_02406,math_lookup,fail,retry_loop,1,9
run_02407,fact_lookup,fail,wrong_tool_selected,1,5
run_02408,math_lookup,fail,bad_tool_arguments,2,5
run_02409,math_lookup,fail,tool_error_ignored,3,5
run_02410,math_lookup,success,,,5
run_02411,multi_hop,success,,,8
run_02412,multi_hop,fail,retry_loop,1,9
run_02413,fact_lookup,success,,,5
run_02414,math_lookup,success,,,7
run_02415,math_lookup,fail,tool_error_ignored,3,5
run_02416,math_lookup,success,,,5
run_02417,fact_lookup,success,,,5
run_02418,math_lookup,success,,,5
run_02419,fact_lookup,fail,wrong_tool_selected,1,5
run_02420,math_lookup,fail,bad_tool_arguments,2,5
run_02421,fact_lookup,fail,tool_error_ignored,3,5
run_02422,math_lookup,success,,,5
run_02423,math_lookup,success,,,5
run_02424,fact_lookup,fail,retry_loop,1,9
run_02425,fact_lookup,fail,wrong_tool_selected,1,5
run_02426,math_lookup,fail,bad_tool_arguments,2,5
run_02427,fact_lookup,fail,tool_error_ignored,3,5
run_02428,fact_lookup,success,,,5
run_02429,math_lookup,success,,,5
run_02430,multi_hop,success,,,8
run_02431,math_lookup,success,,,5
run_02432,math_lookup,success,,,5
run_02433,fact_lookup,success,,,5
run_02434,fact_lookup,success,,,5
run_02435,math_lookup,success,,,5
run_02436,multi_hop,success,,,8
run_02437,multi_hop,success,,,8
run_02438,fact_lookup,success,,,5
run_02439,math_lookup,success,,,5
run_02440,multi_hop,fail,context_ignored,7,8
run_02441,math_lookup,fail,corrupted_state,3,5
run_02442,multi_hop,success,,,8
run_02443,math_lookup,success,,,5
run_02444,fact_lookup,success,,,5
run_02445,fact_lookup,success,,,5
run_02446,math_lookup,success,,,7
run_02447,multi_hop,fail,corrupted_state,6,7
run_02448,math_lookup,fail,retry_loop,1,9
run_02449,math_lookup,success,,,5
run_02450,fact_lookup,fail,bad_tool_arguments,2,5
run_02451,fact_lookup,success,,,5
run_02452,multi_hop,success,,,8
run_02453,multi_hop,success,,,8
run_02454,math_lookup,success,,,5
run_02455,fact_lookup,success,,,5
run_02456,fact_lookup,success,,,7
run_02457,multi_hop,success,,,10
run_02458,math_lookup,success,,,5
run_02459,math_lookup,success,,,7
run_02460,multi_hop,success,,,8
run_02461,multi_hop,success,,,8
run_02462,math_lookup,success,,,7
run_02463,multi_hop,fail,tool_error_ignored,6,7
run_02464,math_lookup,fail,context_ignored,4,5
run_02465,multi_hop,success,,,8
run_02466,math_lookup,success,,,5
run_02467,multi_hop,success,,,8
run_02468,fact_lookup,success,,,7
run_02469,fact_lookup,success,,,5
run_02470,math_lookup,fail,context_ignored,4,5
run_02471,math_lookup,success,,,5
run_02472,fact_lookup,success,,,5
run_02473,math_lookup,success,,,7
run_02474,fact_lookup,success,,,7
run_02475,fact_lookup,success,,,5
run_02476,fact_lookup,success,,,5
run_02477,multi_hop,fail,corrupted_state,3,8
run_02478,multi_hop,success,,,8
run_02479,math_lookup,fail,wrong_tool_selected,1,5
run_02480,math_lookup,success,,,5
run_02481,fact_lookup,fail,tool_error_ignored,3,5
run_02482,multi_hop,fail,context_ignored,7,8
run_02483,multi_hop,fail,corrupted_state,6,8
run_02484,math_lookup,success,,,5
run_02485,fact_lookup,success,,,5
run_02486,math_lookup,success,,,5
run_02487,math_lookup,success,,,7
run_02488,fact_lookup,success,,,5
run_02489,math_lookup,fail,corrupted_state,3,5
run_02490,math_lookup,success,,,5
run_02491,fact_lookup,success,,,5
run_02492,fact_lookup,fail,bad_tool_arguments,2,5
run_02493,fact_lookup,success,,,5
run_02494,fact_lookup,success,,,5
run_02495,math_lookup,success,,,7
run_02496,fact_lookup,success,,,7
run_02497,math_lookup,fail,wrong_tool_selected,1,5
run_02498,fact_lookup,fail,bad_tool_arguments,2,5
run_02499,math_lookup,fail,tool_error_ignored,3,5
run_02500,math_lookup,success,,,5
run_02501,fact_lookup,success,,,7
run_02502,fact_lookup,success,,,5
run_02503,fact_lookup,success,,,5
run_02504,math_lookup,success,,,5
run_02505,math_lookup,success,,,5
run_02506,multi_hop,fail,context_ignored,7,8
run_02507,math_lookup,success,,,5
run_02508,math_lookup,success,,,5
run_02509,math_lookup,success,,,5
run_02510,math_lookup,fail,bad_tool_arguments,2,5
run_02511,math_lookup,fail,tool_error_ignored,3,5
run_02512,multi_hop,success,,,8
run_02513,multi_hop,success,,,10
run_02514,math_lookup,success,,,5
run_02515,fact_lookup,success,,,5
run_02516,math_lookup,success,,,5
run_02517,fact_lookup,fail,tool_error_ignored,3,5
run_02518,math_lookup,fail,context_ignored,4,5
run_02519,multi_hop,success,,,8
run_02520,math_lookup,success,,,5
run_02521,multi_hop,fail,wrong_tool_selected,6,10
run_02522,multi_hop,success,,,10
run_02523,fact_lookup,success,,,5
run_02524,fact_lookup,success,,,7
run_02525,math_lookup,success,,,7
run_02526,multi_hop,success,,,8
run_02527,math_lookup,fail,wrong_tool_selected,1,5
run_02528,multi_hop,success,,,8
run_02529,math_lookup,success,,,5
run_02530,math_lookup,success,,,5
run_02531,fact_lookup,success,,,5
run_02532,fact_lookup,success,,,5
run_02533,math_lookup,success,,,7
run_02534,fact_lookup,fail,bad_tool_arguments,2,5
run_02535,multi_hop,fail,tool_error_ignored,6,7
run_02536,multi_hop,fail,context_ignored,7,8
run_02537,fact_lookup,success,,,5
run_02538,multi_hop,success,,,8
run_02539,math_lookup,success,,,5
run_02540,math_lookup,success,,,5
run_02541,math_lookup,fail,tool_error_ignored,3,5
run_02542,math_lookup,fail,context_ignored,4,5
run_02543,fact_lookup,success,,,7
run_02544,multi_hop,fail,retry_loop,1,9
run_02545,math_lookup,fail,wrong_tool_selected,1,5
run_02546,multi_hop,success,,,8
run_02547,multi_hop,success,,,8
run_02548,multi_hop,fail,context_ignored,7,8
run_02549,math_lookup,success,,,5
run_02550,multi_hop,success,,,8
run_02551,math_lookup,success,,,7
run_02552,fact_lookup,success,,,5
run_02553,fact_lookup,success,,,5
run_02554,fact_lookup,fail,context_ignored,4,5
run_02555,math_lookup,success,,,5
run_02556,fact_lookup,success,,,5
run_02557,math_lookup,success,,,7
run_02558,fact_lookup,success,,,5
run_02559,fact_lookup,fail,tool_error_ignored,5,6
run_02560,multi_hop,fail,context_ignored,7,8
run_02561,math_lookup,success,,,5
run_02562,multi_hop,fail,retry_loop,1,9
run_02563,fact_lookup,fail,wrong_tool_selected,1,5
run_02564,math_lookup,fail,bad_tool_arguments,2,5
run_02565,fact_lookup,fail,tool_error_ignored,3,5
run_02566,multi_hop,success,,,8
run_02567,math_lookup,fail,corrupted_state,3,5
run_02568,math_lookup,success,,,5
run_02569,math_lookup,success,,,7
run_02570,fact_lookup,success,,,5
run_02571,multi_hop,success,,,8
run_02572,math_lookup,success,,,5
run_02573,math_lookup,success,,,5
run_02574,multi_hop,fail,retry_loop,1,9
run_02575,math_lookup,success,,,5
run_02576,multi_hop,success,,,8
run_02577,multi_hop,fail,tool_error_ignored,3,5
run_02578,multi_hop,success,,,8
run_02579,multi_hop,fail,corrupted_state,5,10
run_02580,fact_lookup,fail,retry_loop,1,9
run_02581,fact_lookup,success,,,5
run_02582,math_lookup,fail,bad_tool_arguments,2,5
run_02583,fact_lookup,fail,tool_error_ignored,3,5
run_02584,math_lookup,success,,,7
run_02585,multi_hop,fail,corrupted_state,3,8
run_02586,fact_lookup,fail,retry_loop,1,9
run_02587,fact_lookup,fail,wrong_tool_selected,1,5
run_02588,fact_lookup,fail,bad_tool_arguments,2,5
run_02589,fact_lookup,fail,tool_error_ignored,3,5
run_02590,fact_lookup,success,,,7
run_02591,multi_hop,fail,corrupted_state,6,7
run_02592,math_lookup,fail,retry_loop,1,9
run_02593,fact_lookup,success,,,5
run_02594,multi_hop,fail,bad_tool_arguments,2,5
run_02595,multi_hop,fail,tool_error_ignored,6,8
run_02596,multi_hop,fail,context_ignored,7,8
run_02597,math_lookup,success,,,5
run_02598,math_lookup,fail,retry_loop,1,9
run_02599,multi_hop,success,,,8
run_02600,math_lookup,success,,,5
run_02601,fact_lookup,success,,,5
run_02602,multi_hop,success,,,8
run_02603,math_lookup,fail,corrupted_state,3,5
run_02604,multi_hop,fail,retry_loop,1,9
run_02605,multi_hop,fail,wrong_tool_selected,4,8
run_02606,multi_hop,success,,,8
run_02607,math_lookup,fail,tool_error_ignored,3,5
run_02608,fact_lookup,success,,,5
run_02609,fact_lookup,success,,,5
run_02610,math_lookup,success,,,7
run_02611,multi_hop,success,,,8
run_02612,fact_lookup,success,,,5
run_02613,math_lookup,success,,,5
run_02614,multi_hop,fail,context_ignored,7,8
run_02615,multi_hop,fail,corrupted_state,6,8
run_02616,math_lookup,fail,retry_loop,1,9
run_02617,multi_hop,success,,,8
run_02618,math_lookup,fail,bad_tool_arguments,2,5
run_02619,multi_hop,success,,,8
run_02620,multi_hop,fail,context_ignored,7,8
run_02621,math_lookup,success,,,5
run_02622,math_lookup,success,,,5
run_02623,fact_lookup,success,,,5
run_02624,math_lookup,fail,bad_tool_arguments,2,5
run_02625,math_lookup,fail,tool_error_ignored,3,5
run_02626,math_lookup,fail,context_ignored,4,5
run_02627,math_lookup,success,,,7
run_02628,fact_lookup,success,,,5
run_02629,multi_hop,fail,wrong_tool_selected,4,8
run_02630,fact_lookup,success,,,5
run_02631,fact_lookup,success,,,7
run_02632,math_lookup,fail,context_ignored,4,5
run_02633,multi_hop,fail,corrupted_state,3,8
run_02634,math_lookup,success,,,5
run_02635,fact_lookup,fail,wrong_tool_selected,1,5
run_02636,multi_hop,success,,,8
run_02637,fact_lookup,fail,tool_error_ignored,3,5
run_02638,fact_lookup,success,,,7
run_02639,math_lookup,success,,,5
run_02640,math_lookup,success,,,5
run_02641,fact_lookup,success,,,5
run_02642,math_lookup,success,,,5
run_02643,multi_hop,fail,tool_error_ignored,3,5
run_02644,fact_lookup,success,,,7
run_02645,math_lookup,success,,,5
run_02646,math_lookup,success,,,5
run_02647,math_lookup,success,,,7
run_02648,math_lookup,fail,bad_tool_arguments,2,5
run_02649,fact_lookup,fail,tool_error_ignored,3,5
run_02650,multi_hop,fail,context_ignored,7,8
run_02651,multi_hop,fail,corrupted_state,6,7
run_02652,multi_hop,success,,,8
run_02653,math_lookup,success,,,5
run_02654,fact_lookup,success,,,5
run_02655,multi_hop,success,,,8
run_02656,math_lookup,success,,,7
run_02657,math_lookup,success,,,5
run_02658,fact_lookup,fail,retry_loop,1,9
run_02659,fact_lookup,success,,,5
run_02660,multi_hop,success,,,8
run_02661,fact_lookup,success,,,5
run_02662,fact_lookup,success,,,7
run_02663,fact_lookup,fail,corrupted_state,3,5
run_02664,math_lookup,success,,,7
run_02665,fact_lookup,fail,wrong_tool_selected,1,5
run_02666,multi_hop,success,,,8
run_02667,math_lookup,success,,,5
run_02668,multi_hop,success,,,10
run_02669,math_lookup,success,,,7
run_02670,multi_hop,fail,retry_loop,4,12
run_02671,math_lookup,fail,wrong_tool_selected,1,5
run_02672,fact_lookup,fail,bad_tool_arguments,2,5
run_02673,math_lookup,success,,,5
run_02674,math_lookup,success,,,5
run_02675,fact_lookup,success,,,5
run_02676,math_lookup,success,,,5
run_02677,multi_hop,success,,,8
run_02678,fact_lookup,success,,,5
run_02679,fact_lookup,success,,,5
run_02680,multi_hop,success,,,8
run_02681,multi_hop,fail,corrupted_state,6,8
run_02682,math_lookup,success,,,5
run_02683,fact_lookup,success,,,5
run_02684,fact_lookup,success,,,7
run_02685,multi_hop,fail,tool_error_ignored,8,10
run_02686,multi_hop,fail,context_ignored,7,8
run_02687,multi_hop,success,,,8
run_02688,multi_hop,success,,,8
run_02689,fact_lookup,fail,wrong_tool_selected,1,5
run_02690,fact_lookup,fail,bad_tool_arguments,2,5
run_02691,math_lookup,success,,,5
run_02692,fact_lookup,fail,context_ignored,4,5
run_02693,fact_lookup,fail,corrupted_state,3,5
run_02694,math_lookup,success,,,5
run_02695,math_lookup,success,,,5
run_02696,fact_lookup,success,,,5
run_02697,fact_lookup,fail,tool_error_ignored,5,6
run_02698,fact_lookup,fail,context_ignored,4,5
run_02699,multi_hop,fail,corrupted_state,3,8
run_02700,fact_lookup,fail,retry_loop,1,9
run_02701,fact_lookup,success,,,5
run_02702,math_lookup,success,,,5
run_02703,fact_lookup,fail,tool_error_ignored,3,5
run_02704,math_lookup,fail,context_ignored,4,5
run_02705,fact_lookup,fail,corrupted_state,3,5
run_02706,fact_lookup,success,,,5
run_02707,math_lookup,success,,,5
run_02708,multi_hop,success,,,8
run_02709,multi_hop,fail,tool_error_ignored,6,7
run_02710,multi_hop,fail,context_ignored,7,8
run_02711,multi_hop,success,,,8
run_02712,math_lookup,success,,,5
run_02713,math_lookup,fail,wrong_tool_selected,1,5
run_02714,fact_lookup,success,,,5
run_02715,fact_lookup,success,,,5
run_02716,fact_lookup,fail,context_ignored,4,5
run_02717,math_lookup,success,,,5
run_02718,multi_hop,success,,,10
run_02719,multi_hop,fail,wrong_tool_selected,1,5
run_02720,fact_lookup,success,,,5
run_02721,multi_hop,success,,,8
run_02722,multi_hop,success,,,10
run_02723,math_lookup,success,,,5
run_02724,multi_hop,success,,,8
run_02725,fact_lookup,success,,,5
run_02726,math_lookup,fail,bad_tool_arguments,2,5
run_02727,multi_hop,success,,,8
run_02728,math_lookup,fail,context_ignored,4,5
run_02729,multi_hop,success,,,10
run_02730,fact_lookup,fail,retry_loop,1,9
run_02731,fact_lookup,success,,,5
run_02732,fact_lookup,success,,,5
run_02733,fact_lookup,success,,,7
run_02734,multi_hop,fail,context_ignored,7,8
run_02735,math_lookup,success,,,5
run_02736,multi_hop,fail,retry_loop,1,9
run_02737,multi_hop,success,,,8
run_02738,multi_hop,fail,bad_tool_arguments,5,8
run_02739,multi_hop,fail,tool_error_ignored,3,5
run_02740,math_lookup,fail,context_ignored,4,5
run_02741,fact_lookup,success,,,5
run_02742,multi_hop,success,,,8
run_02743,fact_lookup,success,,,5
run_02744,math_lookup,success,,,5
run_02745,fact_lookup,fail,tool_error_ignored,3,5
run_02746,fact_lookup,success,,,5
run_02747,math_lookup,success,,,5
run_02748,multi_hop,success,,,8
run_02749,multi_hop,success,,,8
run_02750,fact_lookup,fail,bad_tool_arguments,2,5
run_02751,multi_hop,fail,tool_error_ignored,6,8
run_02752,multi_hop,fail,context_ignored,7,8
run_02753,multi_hop,fail,corrupted_state,6,7
run_02754,math_lookup,fail,retry_loop,1,9
run_02755,fact_lookup,fail,wrong_tool_selected,1,5
run_02756,fact_lookup,fail,bad_tool_arguments,2,5
run_02757,math_lookup,fail,tool_error_ignored,3,5
run_02758,fact_lookup,fail,context_ignored,4,5
run_02759,math_lookup,fail,corrupted_state,3,5
run_02760,fact_lookup,success,,,5
run_02761,math_lookup,success,,,7
run_02762,math_lookup,fail,bad_tool_arguments,2,5
run_02763,fact_lookup,success,,,5
run_02764,multi_hop,success,,,8
run_02765,fact_lookup,fail,corrupted_state,3,5
run_02766,fact_lookup,success,,,5
run_02767,multi_hop,success,,,8
run_02768,fact_lookup,success,,,5
run_02769,math_lookup,success,,,5
run_02770,math_lookup,success,,,5
run_02771,fact_lookup,success,,,5
run_02772,fact_lookup,success,,,5
run_02773,math_lookup,success,,,5
run_02774,fact_lookup,fail,bad_tool_arguments,2,5
run_02775,math_lookup,success,,,5
run_02776,math_lookup,success,,,5
run_02777,math_lookup,fail,corrupted_state,3,5
run_02778,math_lookup,success,,,7
run_02779,multi_hop,success,,,8
run_02780,multi_hop,success,,,8
run_02781,math_lookup,success,,,5
run_02782,multi_hop,success,,,8
run_02783,multi_hop,success,,,8
run_02784,fact_lookup,success,,,5
run_02785,multi_hop,success,,,8
run_02786,multi_hop,fail,bad_tool_arguments,2,5
run_02787,math_lookup,success,,,5
run_02788,math_lookup,fail,context_ignored,4,5
run_02789,fact_lookup,success,,,5
run_02790,math_lookup,success,,,5
run_02791,fact_lookup,success,,,5
run_02792,multi_hop,success,,,8
run_02793,math_lookup,fail,tool_error_ignored,3,5
run_02794,fact_lookup,success,,,5
run_02795,multi_hop,fail,corrupted_state,3,8
run_02796,multi_hop,success,,,8
run_02797,fact_lookup,success,,,7
run_02798,math_lookup,fail,bad_tool_arguments,2,5
run_02799,fact_lookup,success,,,5
run_02800,math_lookup,success,,,5
run_02801,fact_lookup,fail,corrupted_state,3,5
run_02802,math_lookup,fail,retry_loop,1,9
run_02803,math_lookup,success,,,5
run_02804,math_lookup,fail,bad_tool_arguments,2,5
run_02805,fact_lookup,success,,,5
run_02806,fact_lookup,success,,,5
run_02807,math_lookup,success,,,5
run_02808,math_lookup,fail,retry_loop,1,9
run_02809,math_lookup,success,,,5
run_02810,multi_hop,success,,,8
run_02811,math_lookup,success,,,5
run_02812,fact_lookup,success,,,5
run_02813,multi_hop,fail,corrupted_state,6,8
run_02814,fact_lookup,success,,,7
run_02815,multi_hop,fail,wrong_tool_selected,1,5
run_02816,fact_lookup,fail,bad_tool_arguments,2,5
run_02817,fact_lookup,fail,tool_error_ignored,3,5
run_02818,multi_hop,success,,,8
run_02819,math_lookup,success,,,7
run_02820,fact_lookup,success,,,5
run_02821,math_lookup,success,,,5
run_02822,multi_hop,success,,,8
run_02823,math_lookup,success,,,5
run_02824,multi_hop,fail,context_ignored,7,8
run_02825,multi_hop,success,,,8
run_02826,fact_lookup,success,,,5
run_02827,math_lookup,fail,wrong_tool_selected,1,5
run_02828,math_lookup,success,,,5
run_02829,fact_lookup,fail,tool_error_ignored,5,6
run_02830,fact_lookup,fail,context_ignored,4,5
run_02831,math_lookup,success,,,7
run_02832,fact_lookup,success,,,5
run_02833,fact_lookup,fail,wrong_tool_selected,1,5
run_02834,math_lookup,success,,,7
run_02835,fact_lookup,fail,tool_error_ignored,3,5
run_02836,math_lookup,success,,,5
run_02837,math_lookup,fail,corrupted_state,3,5
run_02838,fact_lookup,fail,retry_loop,1,9
run_02839,fact_lookup,success,,,5
run_02840,math_lookup,success,,,5
run_02841,math_lookup,fail,tool_error_ignored,3,5
run_02842,math_lookup,fail,context_ignored,4,5
run_02843,fact_lookup,success,,,5
run_02844,fact_lookup,fail,retry_loop,1,9
run_02845,math_lookup,success,,,5
run_02846,fact_lookup,fail,bad_tool_arguments,2,5
run_02847,multi_hop,success,,,8
run_02848,fact_lookup,success,,,7
run_02849,fact_lookup,success,,,5
run_02850,math_lookup,success,,,5
run_02851,math_lookup,fail,wrong_tool_selected,1,5
run_02852,math_lookup,success,,,5
run_02853,fact_lookup,success,,,7
run_02854,multi_hop,success,,,10
run_02855,fact_lookup,success,,,5
run_02856,fact_lookup,success,,,5
run_02857,fact_lookup,fail,wrong_tool_selected,1,5
run_02858,math_lookup,success,,,5
run_02859,fact_lookup,success,,,5
run_02860,math_lookup,fail,context_ignored,4,5
run_02861,fact_lookup,success,,,5
run_02862,fact_lookup,success,,,7
run_02863,fact_lookup,success,,,7
run_02864,math_lookup,success,,,5
run_02865,math_lookup,success,,,5
run_02866,fact_lookup,success,,,5
run_02867,multi_hop,success,,,8
run_02868,multi_hop,success,,,8
run_02869,math_lookup,success,,,5
run_02870,fact_lookup,success,,,5
run_02871,multi_hop,success,,,8
run_02872,multi_hop,fail,context_ignored,7,8
run_02873,fact_lookup,fail,corrupted_state,3,5
run_02874,multi_hop,success,,,8
run_02875,multi_hop,success,,,10
run_02876,math_lookup,fail,bad_tool_arguments,2,5
run_02877,fact_lookup,fail,tool_error_ignored,3,5
run_02878,math_lookup,fail,context_ignored,4,5
run_02879,multi_hop,success,,,8
run_02880,math_lookup,fail,retry_loop,1,9
run_02881,math_lookup,fail,wrong_tool_selected,1,5
run_02882,fact_lookup,success,,,5
run_02883,math_lookup,success,,,5
run_02884,multi_hop,fail,context_ignored,7,8
run_02885,multi_hop,success,,,8
run_02886,multi_hop,fail,retry_loop,4,12
run_02887,multi_hop,fail,wrong_tool_selected,4,8
run_02888,math_lookup,success,,,7
run_02889,fact_lookup,success,,,5
run_02890,math_lookup,fail,context_ignored,4,5
run_02891,math_lookup,fail,corrupted_state,5,6
run_02892,multi_hop,success,,,8
run_02893,math_lookup,fail,wrong_tool_selected,1,5
run_02894,math_lookup,fail,bad_tool_arguments,2,5
run_02895,fact_lookup,fail,tool_error_ignored,3,5
run_02896,fact_lookup,fail,context_ignored,4,5
run_02897,multi_hop,fail,corrupted_state,3,8
run_02898,multi_hop,success,,,10
run_02899,fact_lookup,fail,wrong_tool_selected,1,5
run_02900,math_lookup,success,,,5
run_02901,math_lookup,fail,tool_error_ignored,3,5
run_02902,fact_lookup,fail,context_ignored,4,5
run_02903,fact_lookup,success,,,5
run_02904,multi_hop,success,,,8
run_02905,math_lookup,success,,,7
run_02906,multi_hop,success,,,10
run_02907,fact_lookup,success,,,5
run_02908,multi_hop,fail,context_ignored,7,8
run_02909,fact_lookup,success,,,7
run_02910,fact_lookup,success,,,5
run_02911,math_lookup,success,,,5
run_02912,math_lookup,success,,,5
run_02913,fact_lookup,fail,tool_error_ignored,3,5
run_02914,fact_lookup,success,,,5
run_02915,multi_hop,success,,,8
run_02916,multi_hop,success,,,8
run_02917,math_lookup,success,,,7
run_02918,fact_lookup,success,,,5
run_02919,math_lookup,success,,,7
run_02920,math_lookup,success,,,5
run_02921,fact_lookup,success,,,5
run_02922,fact_lookup,fail,retry_loop,1,9
run_02923,math_lookup,fail,wrong_tool_selected,1,5
run_02924,math_lookup,fail,bad_tool_arguments,2,5
run_02925,fact_lookup,fail,tool_error_ignored,3,5
run_02926,fact_lookup,success,,,5
run_02927,multi_hop,fail,corrupted_state,6,8
run_02928,fact_lookup,success,,,5
run_02929,math_lookup,success,,,7
run_02930,math_lookup,success,,,7
run_02931,multi_hop,success,,,10
run_02932,math_lookup,fail,context_ignored,4,5
run_02933,fact_lookup,fail,corrupted_state,3,5
run_02934,fact_lookup,success,,,7
run_02935,multi_hop,fail,wrong_tool_selected,1,5
run_02936,fact_lookup,success,,,5
run_02937,math_lookup,fail,tool_error_ignored,3,5
run_02938,multi_hop,fail,context_ignored,7,8
run_02939,math_lookup,success,,,7
run_02940,math_lookup,success,,,5
run_02941,fact_lookup,fail,wrong_tool_selected,1,5
run_02942,fact_lookup,fail,bad_tool_arguments,2,5
run_02943,multi_hop,success,,,10
run_02944,math_lookup,fail,context_ignored,4,5
run_02945,math_lookup,success,,,5
run_02946,multi_hop,success,,,8
run_02947,multi_hop,success,,,8
run_02948,fact_lookup,fail,bad_tool_arguments,2,5
run_02949,fact_lookup,success,,,7
run_02950,math_lookup,success,,,5
run_02951,fact_lookup,success,,,5
run_02952,multi_hop,success,,,8
run_02953,fact_lookup,fail,wrong_tool_selected,1,5
run_02954,multi_hop,fail,bad_tool_arguments,2,5
run_02955,multi_hop,fail,tool_error_ignored,6,8
run_02956,multi_hop,success,,,8
run_02957,fact_lookup,success,,,5
run_02958,multi_hop,success,,,8
run_02959,fact_lookup,success,,,5
run_02960,math_lookup,fail,bad_tool_arguments,2,5
run_02961,fact_lookup,success,,,5
run_02962,multi_hop,fail,context_ignored,7,8
run_02963,math_lookup,success,,,5
run_02964,fact_lookup,success,,,5
run_02965,fact_lookup,fail,wrong_tool_selected,1,5
run_02966,fact_lookup,success,,,5
run_02967,multi_hop,success,,,8
run_02968,multi_hop,success,,,8
run_02969,multi_hop,success,,,10
run_02970,multi_hop,success,,,8
run_02971,math_lookup,fail,wrong_tool_selected,1,5
run_02972,multi_hop,success,,,8
run_02973,math_lookup,success,,,5
run_02974,math_lookup,success,,,7
run_02975,math_lookup,success,,,5
run_02976,multi_hop,success,,,10
run_02977,fact_lookup,success,,,5
run_02978,multi_hop,success,,,8
run_02979,math_lookup,success,,,5
run_02980,multi_hop,success,,,8
run_02981,math_lookup,fail,corrupted_state,3,5
run_02982,multi_hop,success,,,8
run_02983,math_lookup,success,,,5
run_02984,fact_lookup,success,,,5
run_02985,math_lookup,success,,,5
run_02986,math_lookup,success,,,7
run_02987,math_lookup,fail,corrupted_state,3,5
run_02988,multi_hop,success,,,10
run_02989,math_lookup,fail,wrong_tool_selected,1,5
run_02990,fact_lookup,success,,,5
run_02991,math_lookup,success,,,5
run_02992,fact_lookup,success,,,5
run_02993,math_lookup,success,,,5
run_02994,fact_lookup,fail,retry_loop,1,9
run_02995,fact_lookup,success,,,5
run_02996,fact_lookup,success,,,5
run_02997,fact_lookup,success,,,5
run_02998,math_lookup,success,,,5
run_02999,multi_hop,fail,corrupted_state,6,8
run_03000,math_lookup,success,,,7
run_03001,fact_lookup,success,,,5
run_03002,math_lookup,success,,,5
run_03003,multi_hop,fail,tool_error_ignored,6,8
run_03004,fact_lookup,fail,context_ignored,4,5
run_03005,fact_lookup,fail,corrupted_state,3,5
run_03006,math_lookup,success,,,5
run_03007,multi_hop,fail,wrong_tool_selected,4,8
run_03008,math_lookup,success,,,7
run_03009,math_lookup,fail,tool_error_ignored,3,5
run_03010,fact_lookup,fail,context_ignored,4,5
run_03011,math_lookup,fail,corrupted_state,3,5
run_03012,fact_lookup,success,,,5
run_03013,math_lookup,success,,,5
run_03014,multi_hop,fail,bad_tool_arguments,2,5
run_03015,math_lookup,fail,tool_error_ignored,3,5
run_03016,fact_lookup,fail,context_ignored,4,5
run_03017,fact_lookup,fail,corrupted_state,3,5
run_03018,math_lookup,success,,,5
run_03019,math_lookup,success,,,5
run_03020,multi_hop,success,,,8
run_03021,fact_lookup,success,,,5
run_03022,fact_lookup,success,,,5
run_03023,fact_lookup,success,,,5
run_03024,math_lookup,success,,,5
run_03025,multi_hop,success,,,10
run_03026,multi_hop,fail,bad_tool_arguments,2,5
run_03027,math_lookup,success,,,5
run_03028,math_lookup,success,,,5
run_03029,multi_hop,success,,,10
run_03030,multi_hop,success,,,10
run_03031,multi_hop,success,,,8
run_03032,math_lookup,fail,bad_tool_arguments,2,5
run_03033,fact_lookup,success,,,5
run_03034,math_lookup,success,,,7
run_03035,math_lookup,fail,corrupted_state,5,7
run_03036,fact_lookup,fail,retry_loop,1,9
run_03037,fact_lookup,success,,,5
run_03038,multi_hop,success,,,8
run_03039,multi_hop,fail,tool_error_ignored,6,7
run_03040,multi_hop,fail,context_ignored,7,8
run_03041,fact_lookup,success,,,5
run_03042,fact_lookup,success,,,5
run_03043,multi_hop,success,,,8
run_03044,multi_hop,fail,bad_tool_arguments,5,8
run_03045,math_lookup,success,,,5
run_03046,multi_hop,fail,context_ignored,7,8
run_03047,math_lookup,success,,,5
run_03048,fact_lookup,success,,,5
run_03049,fact_lookup,success,,,5
run_03050,fact_lookup,success,,,5
run_03051,multi_hop,success,,,10
run_03052,fact_lookup,fail,context_ignored,4,5
run_03053,math_lookup,success,,,5
run_03054,math_lookup,fail,retry_loop,1,9
run_03055,math_lookup,success,,,5
run_03056,fact_lookup,success,,,5
run_03057,fact_lookup,fail,tool_error_ignored,3,5
run_03058,math_lookup,fail,context_ignored,4,5
run_03059,multi_hop,success,,,8
run_03060,math_lookup,success,,,5
run_03061,fact_lookup,fail,wrong_tool_selected,1,5
run_03062,fact_lookup,success,,,5
run_03063,math_lookup,success,,,5
run_03064,math_lookup,success,,,5
run_03065,fact_lookup,fail,corrupted_state,5,7
run_03066,multi_hop,fail,retry_loop,1,9
run_03067,fact_lookup,fail,wrong_tool_selected,1,5
run_03068,multi_hop,success,,,8
run_03069,fact_lookup,success,,,7
run_03070,fact_lookup,fail,context_ignored,4,5
run_03071,fact_lookup,success,,,5
run_03072,fact_lookup,success,,,5
run_03073,multi_hop,success,,,8
run_03074,fact_lookup,success,,,5
run_03075,multi_hop,success,,,8
run_03076,math_lookup,success,,,5
run_03077,fact_lookup,success,,,7
run_03078,math_lookup,success,,,5
run_03079,math_lookup,fail,wrong_tool_selected,1,5
run_03080,multi_hop,success,,,8
run_03081,multi_hop,success,,,10
run_03082,math_lookup,fail,context_ignored,4,5
run_03083,fact_lookup,success,,,5
run_03084,fact_lookup,success,,,5
run_03085,fact_lookup,fail,wrong_tool_selected,1,5
run_03086,fact_lookup,success,,,5
run_03087,math_lookup,fail,tool_error_ignored,3,5
run_03088,fact_lookup,success,,,5
run_03089,fact_lookup,fail,corrupted_state,3,5
run_03090,math_lookup,success,,,5
run_03091,fact_lookup,success,,,5
run_03092,multi_hop,fail,bad_tool_arguments,7,10
run_03093,multi_hop,success,,,8
run_03094,multi_hop,success,,,8
run_03095,math_lookup,success,,,5
run_03096,fact_lookup,fail,retry_loop,1,9
run_03097,fact_lookup,success,,,5
run_03098,fact_lookup,success,,,5
run_03099,math_lookup,success,,,5
run_03100,multi_hop,success,,,8
run_03101,multi_hop,success,,,8
run_03102,fact_lookup,success,,,5
run_03103,multi_hop,fail,wrong_tool_selected,4,8
run_03104,fact_lookup,success,,,5
run_03105,math_lookup,success,,,5
run_03106,multi_hop,success,,,8
run_03107,fact_lookup,success,,,5
run_03108,fact_lookup,fail,retry_loop,1,9
run_03109,math_lookup,fail,wrong_tool_selected,1,5
run_03110,fact_lookup,fail,bad_tool_arguments,2,5
run_03111,math_lookup,fail,tool_error_ignored,3,5
run_03112,multi_hop,fail,context_ignored,7,8
run_03113,multi_hop,success,,,8
run_03114,fact_lookup,success,,,5
run_03115,fact_lookup,fail,wrong_tool_selected,1,5
run_03116,fact_lookup,fail,bad_tool_arguments,2,5
run_03117,math_lookup,success,,,5
run_03118,multi_hop,success,,,8
run_03119,fact_lookup,success,,,5
run_03120,multi_hop,success,,,10
run_03121,multi_hop,fail,wrong_tool_selected,1,5
run_03122,multi_hop,success,,,10
run_03123,multi_hop,success,,,10
run_03124,fact_lookup,success,,,5
run_03125,multi_hop,success,,,8
run_03126,fact_lookup,success,,,5
run_03127,multi_hop,fail,wrong_tool_selected,4,8
run_03128,multi_hop,success,,,8
run_03129,fact_lookup,success,,,5
run_03130,math_lookup,success,,,5
run_03131,math_lookup,fail,corrupted_state,3,5
run_03132,multi_hop,success,,,10
run_03133,fact_lookup,success,,,5
run_03134,fact_lookup,success,,,5
run_03135,multi_hop,success,,,8
run_03136,fact_lookup,success,,,5
run_03137,math_lookup,success,,,5
run_03138,math_lookup,fail,retry_loop,1,9
run_03139,math_lookup,success,,,5
run_03140,math_lookup,success,,,5
run_03141,math_lookup,success,,,5
run_03142,fact_lookup,fail,context_ignored,4,5
run_03143,multi_hop,success,,,10
run_03144,math_lookup,success,,,5
run_03145,multi_hop,success,,,8
run_03146,fact_lookup,success,,,7
run_03147,multi_hop,success,,,8
run_03148,multi_hop,success,,,8
run_03149,fact_lookup,success,,,5
run_03150,math_lookup,success,,,5
run_03151,multi_hop,success,,,8
run_03152,fact_lookup,fail,bad_tool_arguments,2,5
run_03153,fact_lookup,fail,tool_error_ignored,3,5
run_03154,multi_hop,fail,context_ignored,7,8
run_03155,fact_lookup,fail,corrupted_state,3,5
run_03156,fact_lookup,success,,,5
run_03157,fact_lookup,success,,,5
run_03158,fact_lookup,success,,,5
run_03159,fact_lookup,success,,,5
run_03160,math_lookup,success,,,5
run_03161,multi_hop,fail,corrupted_state,6,7
run_03162,math_lookup,success,,,5
run_03163,math_lookup,fail,wrong_tool_selected,1,5
run_03164,fact_lookup,success,,,5
run_03165,math_lookup,success,,,5
run_03166,math_lookup,success,,,5
run_03167,multi_hop,success,,,8
run_03168,fact_lookup,success,,,5
run_03169,fact_lookup,success,,,5
run_03170,fact_lookup,success,,,5
run_03171,fact_lookup,fail,tool_error_ignored,3,5
run_03172,multi_hop,success,,,10
run_03173,math_lookup,success,,,5
run_03174,math_lookup,success,,,5
run_03175,fact_lookup,fail,wrong_tool_selected,1,5
run_03176,multi_hop,fail,bad_tool_arguments,7,10
run_03177,fact_lookup,success,,,5
run_03178,fact_lookup,success,,,5
run_03179,fact_lookup,success,,,5
run_03180,multi_hop,success,,,8
run_03181,fact_lookup,success,,,5
run_03182,multi_hop,success,,,8
run_03183,math_lookup,success,,,7
run_03184,multi_hop,success,,,8
run_03185,math_lookup,success,,,5
run_03186,fact_lookup,success,,,5
run_03187,fact_lookup,fail,wrong_tool_selected,1,5
run_03188,math_lookup,success,,,7
run_03189,math_lookup,fail,tool_error_ignored,3,5
run_03190,fact_lookup,fail,context_ignored,4,5
run_03191,fact_lookup,success,,,5
run_03192,math_lookup,success,,,5
run_03193,math_lookup,fail,wrong_tool_selected,1,5
run_03194,multi_hop,fail,bad_tool_arguments,2,5
run_03195,math_lookup,success,,,5
run_03196,math_lookup,success,,,5
run_03197,math_lookup,fail,corrupted_state,3,5
run_03198,math_lookup,fail,retry_loop,1,9
run_03199,fact_lookup,success,,,7
run_03200,multi_hop,success,,,8
run_03201,multi_hop,success,,,8
run_03202,multi_hop,success,,,8
run_03203,math_lookup,success,,,7
run_03204,fact_lookup,fail,retry_loop,1,9
run_03205,multi_hop,success,,,8
run_03206,multi_hop,fail,bad_tool_arguments,2,5
run_03207,fact_lookup,success,,,5
run_03208,fact_lookup,success,,,5
run_03209,fact_lookup,fail,corrupted_state,3,5
run_03210,math_lookup,fail,retry_loop,1,9
run_03211,multi_hop,success,,,8
run_03212,math_lookup,success,,,5
run_03213,math_lookup,success,,,5
run_03214,math_lookup,success,,,5
run_03215,multi_hop,fail,corrupted_state,8,9
run_03216,fact_lookup,success,,,7
run_03217,math_lookup,success,,,5
run_03218,multi_hop,success,,,8
run_03219,fact_lookup,success,,,5
run_03220,multi_hop,fail,context_ignored,7,8
run_03221,math_lookup,success,,,5
run_03222,multi_hop,success,,,8
run_03223,math_lookup,success,,,7
run_03224,math_lookup,fail,bad_tool_arguments,2,5
run_03225,multi_hop,success,,,8
run_03226,fact_lookup,success,,,5
run_03227,multi_hop,success,,,10
run_03228,fact_lookup,success,,,5
run_03229,math_lookup,success,,,5
run_03230,math_lookup,success,,,5
run_03231,math_lookup,fail,tool_error_ignored,3,5
run_03232,fact_lookup,success,,,5
run_03233,fact_lookup,success,,,5
run_03234,math_lookup,fail,retry_loop,1,9
run_03235,math_lookup,success,,,7
run_03236,fact_lookup,success,,,5
run_03237,multi_hop,fail,tool_error_ignored,3,5
run_03238,math_lookup,success,,,5
run_03239,multi_hop,success,,,10
run_03240,fact_lookup,success,,,5
run_03241,fact_lookup,fail,wrong_tool_selected,1,5
run_03242,math_lookup,fail,bad_tool_arguments,2,5
run_03243,math_lookup,fail,tool_error_ignored,3,5
run_03244,math_lookup,fail,context_ignored,4,5
run_03245,math_lookup,fail,corrupted_state,3,5
run_03246,multi_hop,success,,,8
run_03247,fact_lookup,success,,,5
run_03248,fact_lookup,success,,,5
run_03249,math_lookup,success,,,7
run_03250,math_lookup,success,,,5
run_03251,fact_lookup,success,,,7
run_03252,fact_lookup,success,,,7
run_03253,math_lookup,success,,,7
run_03254,fact_lookup,fail,bad_tool_arguments,2,5
run_03255,fact_lookup,success,,,5
run_03256,multi_hop,fail,context_ignored,7,8
run_03257,multi_hop,success,,,8
run_03258,math_lookup,fail,retry_loop,1,9
run_03259,fact_lookup,success,,,5
run_03260,math_lookup,success,,,5
run_03261,multi_hop,success,,,8
run_03262,multi_hop,success,,,10
run_03263,fact_lookup,success,,,7
run_03264,fact_lookup,success,,,5
run_03265,multi_hop,success,,,8
run_03266,math_lookup,fail,bad_tool_arguments,2,5
run_03267,fact_lookup,success,,,5
run_03268,multi_hop,success,,,8
run_03269,multi_hop,fail,corrupted_state,6,8
run_03270,multi_hop,fail,retry_loop,1,9
run_03271,math_lookup,success,,,5
run_03272,math_lookup,success,,,5
run_03273,multi_hop,success,,,10
run_03274,multi_hop,success,,,8
run_03275,multi_hop,success,,,8
run_03276,math_lookup,fail,retry_loop,1,9
run_03277,fact_lookup,success,,,7
run_03278,math_lookup,success,,,5
run_03279,fact_lookup,success,,,5
run_03280,multi_hop,fail,context_ignored,7,8
run_03281,math_lookup,success,,,5
run_03282,math_lookup,success,,,5
run_03283,math_lookup,success,,,5
run_03284,multi_hop,success,,,8
run_03285,fact_lookup,success,,,5
run_03286,fact_lookup,fail,context_ignored,4,5
run_03287,fact_lookup,success,,,5
run_03288,math_lookup,fail,retry_loop,1,9
run_03289,fact_lookup,success,,,7
run_03290,fact_lookup,fail,bad_tool_arguments,2,5
run_03291,fact_lookup,fail,tool_error_ignored,3,5
run_03292,multi_hop,fail,context_ignored,7,8
run_03293,multi_hop,success,,,8
run_03294,multi_hop,fail,retry_loop,4,12
run_03295,multi_hop,fail,wrong_tool_selected,4,8
run_03296,fact_lookup,success,,,7
run_03297,fact_lookup,fail,tool_error_ignored,3,5
run_03298,multi_hop,fail,context_ignored,7,8
run_03299,fact_lookup,fail,corrupted_state,3,5
run_03300,fact_lookup,success,,,5
run_03301,fact_lookup,fail,wrong_tool_selected,1,5
run_03302,fact_lookup,success,,,5
run_03303,math_lookup,success,,,5
run_03304,multi_hop,fail,context_ignored,7,8
run_03305,math_lookup,fail,corrupted_state,3,5
run_03306,multi_hop,success,,,8
run_03307,fact_lookup,success,,,5
run_03308,multi_hop,fail,bad_tool_arguments,5,8
run_03309,fact_lookup,success,,,5
run_03310,fact_lookup,fail,context_ignored,4,5
run_03311,math_lookup,success,,,7
run_03312,math_lookup,fail,retry_loop,1,9
run_03313,fact_lookup,fail,wrong_tool_selected,1,5
run_03314,fact_lookup,success,,,5
run_03315,multi_hop,success,,,8
run_03316,fact_lookup,success,,,5
run_03317,math_lookup,fail,corrupted_state,3,5
run_03318,fact_lookup,fail,retry_loop,1,9
run_03319,math_lookup,success,,,5
run_03320,multi_hop,fail,bad_tool_arguments,7,10
run_03321,fact_lookup,fail,tool_error_ignored,3,5
run_03322,multi_hop,fail,context_ignored,7,8
run_03323,fact_lookup,fail,corrupted_state,3,5
run_03324,math_lookup,success,,,5
run_03325,fact_lookup,fail,wrong_tool_selected,1,5
run_03326,math_lookup,success,,,7
run_03327,multi_hop,success,,,8
run_03328,math_lookup,fail,context_ignored,4,5
run_03329,math_lookup,success,,,5
run_03330,fact_lookup,success,,,5
run_03331,math_lookup,success,,,5
run_03332,math_lookup,success,,,5
run_03333,multi_hop,fail,tool_error_ignored,6,8
run_03334,fact_lookup,fail,context_ignored,4,5
run_03335,multi_hop,success,,,8
run_03336,math_lookup,success,,,5
run_03337,math_lookup,success,,,5
run_03338,fact_lookup,success,,,5
run_03339,fact_lookup,success,,,5
run_03340,multi_hop,success,,,8
run_03341,math_lookup,success,,,5
run_03342,fact_lookup,success,,,5
run_03343,fact_lookup,success,,,5
run_03344,math_lookup,fail,bad_tool_arguments,2,5
run_03345,multi_hop,success,,,8
run_03346,math_lookup,fail,context_ignored,4,5
run_03347,fact_lookup,success,,,5
run_03348,multi_hop,success,,,8
run_03349,fact_lookup,success,,,7
run_03350,fact_lookup,success,,,5
run_03351,math_lookup,success,,,5
run_03352,multi_hop,fail,context_ignored,7,8
run_03353,math_lookup,fail,corrupted_state,3,5
run_03354,math_lookup,fail,retry_loop,1,9
run_03355,math_lookup,success,,,5
run_03356,fact_lookup,success,,,5
run_03357,fact_lookup,success,,,5
run_03358,math_lookup,success,,,7
run_03359,fact_lookup,success,,,5
run_03360,math_lookup,success,,,5
run_03361,math_lookup,fail,wrong_tool_selected,1,5
run_03362,math_lookup,success,,,5
run_03363,math_lookup,fail,tool_error_ignored,3,5
run_03364,math_lookup,success,,,5
run_03365,fact_lookup,success,,,5
run_03366,multi_hop,success,,,8
run_03367,fact_lookup,success,,,5
run_03368,math_lookup,success,,,7
run_03369,multi_hop,success,,,8
run_03370,math_lookup,fail,context_ignored,4,5
run_03371,fact_lookup,success,,,5
run_03372,fact_lookup,success,,,5
run_03373,math_lookup,success,,,7
run_03374,multi_hop,fail,bad_tool_arguments,2,5
run_03375,math_lookup,success,,,7
run_03376,multi_hop,fail,context_ignored,7,8
run_03377,math_lookup,fail,corrupted_state,3,5
run_03378,multi_hop,fail,retry_loop,4,12
run_03379,multi_hop,success,,,8
run_03380,multi_hop,success,,,8
run_03381,math_lookup,success,,,5
run_03382,multi_hop,fail,context_ignored,7,8
run_03383,math_lookup,success,,,5
run_03384,fact_lookup,fail,retry_loop,1,9
run_03385,multi_hop,success,,,10
run_03386,multi_hop,success,,,8
run_03387,multi_hop,success,,,8
run_03388,multi_hop,success,,,8
run_03389,multi_hop,success,,,8
run_03390,multi_hop,fail,retry_loop,1,9
run_03391,fact_lookup,fail,wrong_tool_selected,1,5
run_03392,fact_lookup,fail,bad_tool_arguments,2,5
run_03393,fact_lookup,success,,,5
run_03394,multi_hop,success,,,8
run_03395,fact_lookup,fail,corrupted_state,3,5
run_03396,multi_hop,success,,,8
run_03397,multi_hop,success,,,8
run_03398,fact_lookup,success,,,5
run_03399,fact_lookup,success,,,5
run_03400,math_lookup,success,,,5
run_03401,multi_hop,success,,,10
run_03402,fact_lookup,fail,retry_loop,1,9
run_03403,math_lookup,fail,wrong_tool_selected,1,5
run_03404,math_lookup,success,,,5
run_03405,math_lookup,fail,tool_error_ignored,3,5
run_03406,math_lookup,fail,context_ignored,4,5
run_03407,math_lookup,fail,corrupted_state,3,5
run_03408,math_lookup,success,,,5
run_03409,fact_lookup,fail,wrong_tool_selected,1,5
run_03410,fact_lookup,success,,,5
run_03411,fact_lookup,success,,,5
run_03412,fact_lookup,fail,context_ignored,4,5
run_03413,multi_hop,fail,corrupted_state,5,10
run_03414,fact_lookup,success,,,5
run_03415,multi_hop,success,,,8
run_03416,fact_lookup,fail,bad_tool_arguments,2,5
run_03417,math_lookup,success,,,5
run_03418,fact_lookup,success,,,5
run_03419,fact_lookup,fail,corrupted_state,3,5
run_03420,fact_lookup,fail,retry_loop,1,9
run_03421,math_lookup,fail,wrong_tool_selected,1,5
run_03422,multi_hop,success,,,8
run_03423,fact_lookup,success,,,7
run_03424,fact_lookup,success,,,5
run_03425,multi_hop,success,,,8
run_03426,multi_hop,success,,,8
run_03427,fact_lookup,success,,,5
run_03428,fact_lookup,success,,,5
run_03429,fact_lookup,success,,,5
run_03430,fact_lookup,success,,,5
run_03431,math_lookup,success,,,5
run_03432,math_lookup,success,,,5
run_03433,math_lookup,success,,,7
run_03434,fact_lookup,success,,,5
run_03435,math_lookup,success,,,5
run_03436,fact_lookup,success,,,5
run_03437,fact_lookup,fail,corrupted_state,5,7
run_03438,math_lookup,fail,retry_loop,1,9
run_03439,fact_lookup,success,,,7
run_03440,math_lookup,fail,bad_tool_arguments,2,5
run_03441,fact_lookup,fail,tool_error_ignored,3,5
run_03442,math_lookup,success,,,7
run_03443,multi_hop,success,,,8
run_03444,fact_lookup,fail,retry_loop,1,9
run_03445,multi_hop,success,,,8
run_03446,fact_lookup,fail,bad_tool_arguments,2,5
run_03447,multi_hop,success,,,8
run_03448,multi_hop,success,,,8
run_03449,multi_hop,fail,corrupted_state,3,8
run_03450,math_lookup,success,,,5
run_03451,multi_hop,success,,,8
run_03452,math_lookup,success,,,5
run_03453,math_lookup,success,,,5
run_03454,fact_lookup,success,,,7
run_03455,math_lookup,fail,corrupted_state,3,5
run_03456,multi_hop,success,,,8
run_03457,fact_lookup,fail,wrong_tool_selected,1,5
run_03458,math_lookup,fail,bad_tool_arguments,2,5
run_03459,math_lookup,fail,tool_error_ignored,3,5
run_03460,multi_hop,fail,context_ignored,7,8
run_03461,math_lookup,success,,,5
run_03462,multi_hop,success,,,8
run_03463,multi_hop,success,,,10
run_03464,fact_lookup,success,,,5
run_03465,multi_hop,success,,,8
run_03466,fact_lookup,success,,,5
run_03467,multi_hop,fail,corrupted_state,6,7
run_03468,fact_lookup,success,,,5
run_03469,math_lookup,fail,wrong_tool_selected,1,5
run_03470,math_lookup,fail,bad_tool_arguments,2,5
run_03471,math_lookup,success,,,7
run_03472,fact_lookup,success,,,7
run_03473,math_lookup,success,,,7
run_03474,math_lookup,success,,,7
run_03475,fact_lookup,fail,wrong_tool_selected,1,5
run_03476,math_lookup,success,,,7
run_03477,fact_lookup,success,,,5
run_03478,fact_lookup,success,,,5
run_03479,multi_hop,success,,,10
run_03480,multi_hop,fail,retry_loop,4,12
run_03481,fact_lookup,fail,wrong_tool_selected,1,5
run_03482,multi_hop,success,,,8
run_03483,fact_lookup,fail,tool_error_ignored,3,5
run_03484,fact_lookup,success,,,7
run_03485,fact_lookup,fail,corrupted_state,3,5
run_03486,fact_lookup,success,,,5
run_03487,fact_lookup,fail,wrong_tool_selected,1,5
run_03488,math_lookup,fail,bad_tool_arguments,2,5
run_03489,math_lookup,success,,,5
run_03490,multi_hop,fail,context_ignored,7,8
run_03491,multi_hop,success,,,8
run_03492,multi_hop,success,,,8
run_03493,multi_hop,fail,wrong_tool_selected,4,8
run_03494,fact_lookup,fail,bad_tool_arguments,2,5
run_03495,fact_lookup,success,,,5
run_03496,fact_lookup,success,,,5
run_03497,multi_hop,fail,corrupted_state,6,8
run_03498,math_lookup,fail,retry_loop,1,9
run_03499,math_lookup,success,,,5
run_03500,fact_lookup,success,,,5
run_03501,multi_hop,success,,,10
run_03502,multi_hop,success,,,8
run_03503,fact_lookup,fail,corrupted_state,3,5
run_03504,fact_lookup,success,,,5
run_03505,fact_lookup,success,,,5
run_03506,fact_lookup,success,,,5
run_03507,multi_hop,success,,,10
run_03508,math_lookup,success,,,5
run_03509,fact_lookup,success,,,5
run_03510,fact_lookup,success,,,5
run_03511,fact_lookup,fail,wrong_tool_selected,1,5
run_03512,math_lookup,success,,,5
run_03513,fact_lookup,success,,,5
run_03514,fact_lookup,success,,,7
run_03515,fact_lookup,fail,corrupted_state,3,5
run_03516,math_lookup,fail,retry_loop,1,9
run_03517,fact_lookup,fail,wrong_tool_selected,1,5
run_03518,multi_hop,fail,bad_tool_arguments,5,8
run_03519,multi_hop,fail,tool_error_ignored,6,8
run_03520,multi_hop,success,,,8
run_03521,multi_hop,fail,corrupted_state,6,7
run_03522,math_lookup,success,,,5
run_03523,math_lookup,success,,,5
run_03524,multi_hop,success,,,8
run_03525,fact_lookup,success,,,5
run_03526,multi_hop,success,,,10
run_03527,math_lookup,fail,corrupted_state,3,5
run_03528,fact_lookup,success,,,5
run_03529,multi_hop,success,,,8
run_03530,multi_hop,fail,bad_tool_arguments,5,8
run_03531,multi_hop,success,,,10
run_03532,fact_lookup,success,,,5
run_03533,multi_hop,fail,corrupted_state,8,10
run_03534,math_lookup,success,,,5
run_03535,fact_lookup,success,,,5
run_03536,multi_hop,fail,bad_tool_arguments,2,5
run_03537,multi_hop,fail,tool_error_ignored,6,8
run_03538,fact_lookup,success,,,5
run_03539,multi_hop,success,,,8
run_03540,fact_lookup,success,,,5
run_03541,math_lookup,fail,wrong_tool_selected,1,5
run_03542,math_lookup,success,,,7
run_03543,multi_hop,success,,,8
run_03544,math_lookup,fail,context_ignored,4,5
run_03545,fact_lookup,success,,,7
run_03546,multi_hop,fail,retry_loop,1,9
run_03547,math_lookup,fail,wrong_tool_selected,1,5
run_03548,math_lookup,fail,bad_tool_arguments,2,5
run_03549,fact_lookup,success,,,5
run_03550,math_lookup,success,,,5
run_03551,math_lookup,success,,,5
run_03552,fact_lookup,success,,,5
run_03553,multi_hop,fail,wrong_tool_selected,6,10
run_03554,fact_lookup,success,,,5
run_03555,math_lookup,success,,,7
run_03556,multi_hop,success,,,8
run_03557,fact_lookup,fail,corrupted_state,3,5
run_03558,fact_lookup,fail,retry_loop,1,9
run_03559,multi_hop,fail,wrong_tool_selected,4,8
run_03560,fact_lookup,fail,bad_tool_arguments,2,5
run_03561,math_lookup,success,,,7
run_03562,fact_lookup,fail,context_ignored,4,5
run_03563,math_lookup,success,,,7
run_03564,math_lookup,success,,,7
run_03565,math_lookup,success,,,5
run_03566,math_lookup,fail,bad_tool_arguments,2,5
run_03567,multi_hop,fail,tool_error_ignored,3,5
run_03568,multi_hop,success,,,10
run_03569,math_lookup,success,,,5
run_03570,fact_lookup,success,,,5
run_03571,math_lookup,success,,,5
run_03572,math_lookup,fail,bad_tool_arguments,2,5
run_03573,math_lookup,fail,tool_error_ignored,3,5
run_03574,fact_lookup,fail,context_ignored,4,5
run_03575,multi_hop,success,,,8
run_03576,math_lookup,fail,retry_loop,1,9
run_03577,fact_lookup,fail,wrong_tool_selected,1,5
run_03578,fact_lookup,fail,bad_tool_arguments,2,5
run_03579,fact_lookup,success,,,5
run_03580,multi_hop,fail,context_ignored,7,8
run_03581,fact_lookup,fail,corrupted_state,3,5
run_03582,fact_lookup,fail,retry_loop,1,9
run_03583,fact_lookup,success,,,5
run_03584,multi_hop,success,,,8
run_03585,multi_hop,fail,tool_error_ignored,8,10
run_03586,math_lookup,success,,,5
run_03587,math_lookup,success,,,7
run_03588,math_lookup,fail,retry_loop,1,9
run_03589,multi_hop,success,,,8
run_03590,fact_lookup,fail,bad_tool_arguments,2,5
run_03591,multi_hop,success,,,8
run_03592,math_lookup,fail,context_ignored,4,5
run_03593,math_lookup,fail,corrupted_state,3,5
run_03594,math_lookup,success,,,5
run_03595,math_lookup,fail,wrong_tool_selected,1,5
run_03596,math_lookup,fail,bad_tool_arguments,2,5
run_03597,fact_lookup,success,,,5
run_03598,fact_lookup,success,,,5
run_03599,math_lookup,success,,,7
run_03600,multi_hop,fail,retry_loop,1,9
run_03601,multi_hop,success,,,8
run_03602,fact_lookup,success,,,7
run_03603,math_lookup,success,,,7
run_03604,fact_lookup,success,,,5
run_03605,multi_hop,success,,,8
run_03606,fact_lookup,fail,retry_loop,1,9
run_03607,fact_lookup,success,,,5
run_03608,math_lookup,success,,,5
run_03609,fact_lookup,success,,,5
run_03610,multi_hop,success,,,8
run_03611,math_lookup,success,,,7
run_03612,fact_lookup,success,,,5
run_03613,math_lookup,fail,wrong_tool_selected,1,5
run_03614,multi_hop,fail,bad_tool_arguments,5,8
run_03615,math_lookup,fail,tool_error_ignored,3,5
run_03616,math_lookup,success,,,5
run_03617,multi_hop,success,,,10
run_03618,math_lookup,success,,,5
run_03619,math_lookup,fail,wrong_tool_selected,1,5
run_03620,multi_hop,success,,,8
run_03621,multi_hop,fail,tool_error_ignored,8,10
run_03622,math_lookup,success,,,5
run_03623,fact_lookup,fail,corrupted_state,3,5
run_03624,math_lookup,success,,,5
run_03625,fact_lookup,fail,wrong_tool_selected,1,5
run_03626,math_lookup,success,,,7
run_03627,multi_hop,success,,,8
run_03628,math_lookup,success,,,5
run_03629,fact_lookup,fail,corrupted_state,3,5
run_03630,math_lookup,success,,,7
run_03631,math_lookup,success,,,7
run_03632,math_lookup,success,,,5
run_03633,fact_lookup,success,,,5
run_03634,multi_hop,fail,context_ignored,7,8
run_03635,multi_hop,success,,,8
run_03636,math_lookup,success,,,5
run_03637,multi_hop,success,,,10
run_03638,math_lookup,fail,bad_tool_arguments,2,5
run_03639,math_lookup,success,,,5
run_03640,math_lookup,success,,,5
run_03641,multi_hop,success,,,10
run_03642,multi_hop,success,,,8
run_03643,math_lookup,fail,wrong_tool_selected,1,5
run_03644,math_lookup,success,,,5
run_03645,math_lookup,fail,tool_error_ignored,3,5
run_03646,math_lookup,fail,context_ignored,4,5
run_03647,math_lookup,success,,,5
run_03648,math_lookup,success,,,5
run_03649,math_lookup,success,,,5
run_03650,fact_lookup,success,,,5
run_03651,multi_hop,success,,,8
run_03652,math_lookup,success,,,7
run_03653,multi_hop,success,,,10
run_03654,multi_hop,fail,retry_loop,4,12
run_03655,multi_hop,fail,wrong_tool_selected,4,8
run_03656,fact_lookup,success,,,5
run_03657,fact_lookup,success,,,5
run_03658,multi_hop,success,,,8
run_03659,fact_lookup,success,,,5
run_03660,multi_hop,success,,,8
run_03661,math_lookup,success,,,7
run_03662,multi_hop,fail,bad_tool_arguments,5,8
run_03663,math_lookup,success,,,5
run_03664,fact_lookup,fail,context_ignored,4,5
run_03665,multi_hop,success,,,8
run_03666,fact_lookup,fail,retry_loop,1,9
run_03667,multi_hop,success,,,8
run_03668,math_lookup,success,,,5
run_03669,math_lookup,fail,tool_error_ignored,5,6
run_03670,fact_lookup,fail,context_ignored,4,5
run_03671,fact_lookup,success,,,7
run_03672,multi_hop,fail,retry_loop,4,12
run_03673,math_lookup,success,,,5
run_03674,math_lookup,fail,bad_tool_arguments,2,5
run_03675,multi_hop,success,,,8
run_03676,multi_hop,fail,context_ignored,7,8
run_03677,fact_lookup,fail,corrupted_state,3,5
run_03678,fact_lookup,success,,,5
run_03679,math_lookup,fail,wrong_tool_selected,1,5
run_03680,multi_hop,success,,,10
run_03681,multi_hop,success,,,8
run_03682,fact_lookup,fail,context_ignored,4,5
run_03683,fact_lookup,success,,,5
run_03684,math_lookup,fail,retry_loop,1,9
run_03685,math_lookup,fail,wrong_tool_selected,1,5
run_03686,multi_hop,success,,,10
run_03687,fact_lookup,success,,,7
run_03688,multi_hop,fail,context_ignored,7,8
run_03689,fact_lookup,success,,,5
run_03690,multi_hop,success,,,8
run_03691,fact_lookup,fail,wrong_tool_selected,1,5
run_03692,multi_hop,fail,bad_tool_arguments,2,5
run_03693,fact_lookup,success,,,5
run_03694,math_lookup,fail,context_ignored,4,5
run_03695,fact_lookup,fail,corrupted_state,3,5
run_03696,fact_lookup,fail,retry_loop,1,9
run_03697,multi_hop,success,,,8
run_03698,math_lookup,success,,,5
run_03699,multi_hop,success,,,8
run_03700,multi_hop,fail,context_ignored,7,8
run_03701,multi_hop,success,,,8
run_03702,fact_lookup,fail,retry_loop,1,9
run_03703,fact_lookup,success,,,7
run_03704,math_lookup,fail,bad_tool_arguments,2,5
run_03705,math_lookup,fail,tool_error_ignored,3,5
run_03706,fact_lookup,success,,,5
run_03707,math_lookup,fail,corrupted_state,3,5
run_03708,math_lookup,fail,retry_loop,1,9
run_03709,multi_hop,success,,,8
run_03710,math_lookup,success,,,5
run_03711,fact_lookup,fail,tool_error_ignored,5,7
run_03712,multi_hop,fail,context_ignored,7,8
run_03713,math_lookup,fail,corrupted_state,3,5
run_03714,fact_lookup,fail,retry_loop,1,9
run_03715,fact_lookup,fail,wrong_tool_selected,1,5
run_03716,fact_lookup,success,,,5
run_03717,multi_hop,success,,,8
run_03718,multi_hop,success,,,8
run_03719,multi_hop,success,,,8
run_03720,multi_hop,success,,,8
run_03721,multi_hop,success,,,8
run_03722,fact_lookup,success,,,5
run_03723,fact_lookup,fail,tool_error_ignored,3,5
run_03724,math_lookup,success,,,5
run_03725,multi_hop,fail,corrupted_state,6,8
run_03726,multi_hop,success,,,8
run_03727,math_lookup,fail,wrong_tool_selected,1,5
run_03728,multi_hop,fail,bad_tool_arguments,5,8
run_03729,multi_hop,fail,tool_error_ignored,6,7
run_03730,multi_hop,success,,,8
run_03731,multi_hop,fail,corrupted_state,3,8
run_03732,math_lookup,fail,retry_loop,1,9
run_03733,multi_hop,success,,,10
run_03734,math_lookup,fail,bad_tool_arguments,2,5
run_03735,math_lookup,success,,,5
run_03736,multi_hop,fail,context_ignored,7,8
run_03737,multi_hop,fail,corrupted_state,3,8
run_03738,fact_lookup,success,,,5
run_03739,fact_lookup,fail,wrong_tool_selected,1,5
run_03740,multi_hop,success,,,8
run_03741,multi_hop,success,,,8
run_03742,multi_hop,success,,,8
run_03743,math_lookup,success,,,5
run_03744,multi_hop,success,,,8
run_03745,fact_lookup,fail,wrong_tool_selected,1,5
run_03746,fact_lookup,success,,,5
run_03747,multi_hop,success,,,8
run_03748,math_lookup,success,,,5
run_03749,math_lookup,success,,,7
run_03750,multi_hop,success,,,8
run_03751,math_lookup,success,,,7
run_03752,multi_hop,success,,,8
run_03753,fact_lookup,fail,tool_error_ignored,3,5
run_03754,math_lookup,fail,context_ignored,4,5
run_03755,multi_hop,success,,,10
run_03756,multi_hop,success,,,10
run_03757,fact_lookup,fail,wrong_tool_selected,1,5
run_03758,fact_lookup,fail,bad_tool_arguments,2,5
run_03759,fact_lookup,success,,,5
run_03760,fact_lookup,success,,,5
run_03761,fact_lookup,success,,,5
run_03762,math_lookup,success,,,5
run_03763,multi_hop,success,,,8
run_03764,fact_lookup,success,,,5
run_03765,fact_lookup,fail,tool_error_ignored,5,7
run_03766,math_lookup,success,,,5
run_03767,multi_hop,success,,,8
run_03768,fact_lookup,success,,,7
run_03769,multi_hop,success,,,8
run_03770,math_lookup,success,,,5
run_03771,multi_hop,success,,,8
run_03772,multi_hop,success,,,8
run_03773,fact_lookup,success,,,5
run_03774,fact_lookup,fail,retry_loop,1,9
run_03775,fact_lookup,success,,,5
run_03776,fact_lookup,success,,,7
run_03777,fact_lookup,success,,,5
run_03778,math_lookup,fail,context_ignored,4,5
run_03779,fact_lookup,success,,,5
run_03780,fact_lookup,success,,,5
run_03781,math_lookup,success,,,7
run_03782,fact_lookup,success,,,5
run_03783,fact_lookup,success,,,7
run_03784,math_lookup,success,,,5
run_03785,math_lookup,success,,,5
run_03786,multi_hop,success,,,10
run_03787,fact_lookup,success,,,7
run_03788,math_lookup,success,,,5
run_03789,multi_hop,fail,tool_error_ignored,3,5
run_03790,fact_lookup,success,,,7
run_03791,fact_lookup,fail,corrupted_state,3,5
run_03792,math_lookup,success,,,5
run_03793,fact_lookup,fail,wrong_tool_selected,1,5
run_03794,fact_lookup,success,,,7
run_03795,fact_lookup,fail,tool_error_ignored,3,5
run_03796,fact_lookup,success,,,5
run_03797,fact_lookup,success,,,5
run_03798,fact_lookup,fail,retry_loop,1,9
run_03799,math_lookup,fail,wrong_tool_selected,1,5
run_03800,fact_lookup,fail,bad_tool_arguments,2,5
run_03801,math_lookup,success,,,5
run_03802,fact_lookup,fail,context_ignored,4,5
run_03803,fact_lookup,success,,,5
run_03804,multi_hop,fail,retry_loop,4,12
run_03805,multi_hop,fail,wrong_tool_selected,1,5
run_03806,fact_lookup,fail,bad_tool_arguments,2,5
run_03807,fact_lookup,success,,,5
run_03808,multi_hop,success,,,8
run_03809,multi_hop,success,,,8
run_03810,multi_hop,success,,,8
run_03811,multi_hop,fail,wrong_tool_selected,1,5
run_03812,fact_lookup,fail,bad_tool_arguments,2,5
run_03813,math_lookup,success,,,5
run_03814,fact_lookup,fail,context_ignored,4,5
run_03815,math_lookup,fail,corrupted_state,3,5
run_03816,fact_lookup,success,,,5
run_03817,fact_lookup,success,,,5
run_03818,multi_hop,fail,bad_tool_arguments,2,5
run_03819,math_lookup,success,,,5
run_03820,math_lookup,success,,,7
run_03821,math_lookup,success,,,5
run_03822,multi_hop,success,,,8
run_03823,multi_hop,success,,,10
run_03824,math_lookup,success,,,5
run_03825,fact_lookup,success,,,7
run_03826,multi_hop,fail,context_ignored,7,8
run_03827,math_lookup,success,,,5
run_03828,math_lookup,success,,,7
run_03829,math_lookup,fail,wrong_tool_selected,1,5
run_03830,multi_hop,success,,,10
run_03831,math_lookup,success,,,7
run_03832,math_lookup,fail,context_ignored,4,5
run_03833,fact_lookup,fail,corrupted_state,5,6
run_03834,math_lookup,fail,retry_loop,1,9
run_03835,fact_lookup,success,,,5
run_03836,math_lookup,success,,,5
run_03837,fact_lookup,success,,,5
run_03838,multi_hop,success,,,8
run_03839,multi_hop,success,,,8
run_03840,math_lookup,fail,retry_loop,1,9
run_03841,multi_hop,success,,,8
run_03842,math_lookup,success,,,5
run_03843,multi_hop,success,,,8
run_03844,fact_lookup,fail,context_ignored,4,5
run_03845,math_lookup,success,,,7
run_03846,fact_lookup,success,,,5
run_03847,math_lookup,fail,wrong_tool_selected,1,5
run_03848,fact_lookup,success,,,5
run_03849,multi_hop,success,,,8
run_03850,math_lookup,success,,,5
run_03851,fact_lookup,fail,corrupted_state,3,5
run_03852,fact_lookup,success,,,7
run_03853,multi_hop,fail,wrong_tool_selected,4,8
run_03854,multi_hop,success,,,8
run_03855,multi_hop,fail,tool_error_ignored,3,5
run_03856,multi_hop,success,,,8
run_03857,math_lookup,success,,,7
run_03858,math_lookup,fail,retry_loop,1,9
run_03859,multi_hop,fail,wrong_tool_selected,6,10
run_03860,math_lookup,success,,,5
run_03861,fact_lookup,success,,,5
run_03862,math_lookup,success,,,5
run_03863,multi_hop,success,,,8
run_03864,math_lookup,fail,retry_loop,1,9
run_03865,multi_hop,success,,,8
run_03866,fact_lookup,fail,bad_tool_arguments,2,5
run_03867,fact_lookup,success,,,7
run_03868,math_lookup,success,,,7
run_03869,multi_hop,fail,corrupted_state,3,8
run_03870,fact_lookup,success,,,5
run_03871,math_lookup,success,,,5
run_03872,multi_hop,fail,bad_tool_arguments,5,8
run_03873,fact_lookup,fail,tool_error_ignored,3,5
run_03874,multi_hop,success,,,8
run_03875,math_lookup,success,,,5
run_03876,fact_lookup,success,,,5
run_03877,multi_hop,fail,wrong_tool_selected,1,5
run_03878,multi_hop,success,,,10
run_03879,math_lookup,success,,,5
run_03880,fact_lookup,fail,context_ignored,4,5
run_03881,multi_hop,success,,,8
run_03882,math_lookup,fail,retry_loop,1,9
run_03883,math_lookup,fail,wrong_tool_selected,1,5
run_03884,fact_lookup,success,,,5
run_03885,math_lookup,success,,,5
run_03886,multi_hop,fail,context_ignored,7,8
run_03887,math_lookup,success,,,5
run_03888,math_lookup,fail,retry_loop,1,9
run_03889,math_lookup,fail,wrong_tool_selected,1,5
run_03890,fact_lookup,success,,,5
run_03891,fact_lookup,success,,,5
run_03892,math_lookup,fail,context_ignored,4,5
run_03893,multi_hop,success,,,10
run_03894,math_lookup,success,,,7
run_03895,multi_hop,success,,,8
run_03896,fact_lookup,fail,bad_tool_arguments,2,5
run_03897,multi_hop,success,,,8
run_03898,fact_lookup,success,,,5
run_03899,math_lookup,success,,,5
run_03900,multi_hop,success,,,8
run_03901,math_lookup,success,,,7
run_03902,multi_hop,success,,,8
run_03903,fact_lookup,fail,tool_error_ignored,3,5
run_03904,fact_lookup,success,,,7
run_03905,multi_hop,success,,,8
run_03906,math_lookup,fail,retry_loop,1,9
run_03907,multi_hop,fail,wrong_tool_selected,1,5
run_03908,fact_lookup,success,,,5
run_03909,fact_lookup,success,,,7
run_03910,multi_hop,success,,,10
run_03911,fact_lookup,success,,,5
run_03912,multi_hop,success,,,8
run_03913,multi_hop,success,,,8
run_03914,multi_hop,success,,,10
run_03915,multi_hop,fail,tool_error_ignored,3,5
run_03916,math_lookup,fail,context_ignored,4,5
run_03917,multi_hop,success,,,8
run_03918,math_lookup,success,,,5
run_03919,fact_lookup,success,,,5
run_03920,math_lookup,fail,bad_tool_arguments,2,5
run_03921,math_lookup,success,,,5
run_03922,multi_hop,fail,context_ignored,7,8
run_03923,fact_lookup,success,,,5
run_03924,fact_lookup,success,,,5
run_03925,math_lookup,success,,,7
run_03926,math_lookup,fail,bad_tool_arguments,2,5
run_03927,math_lookup,fail,tool_error_ignored,3,5
run_03928,math_lookup,fail,context_ignored,4,5
run_03929,fact_lookup,fail,corrupted_state,5,6
run_03930,math_lookup,success,,,5
run_03931,fact_lookup,fail,wrong_tool_selected,1,5
run_03932,fact_lookup,fail,bad_tool_arguments,2,5
run_03933,math_lookup,success,,,5
run_03934,math_lookup,success,,,7
run_03935,multi_hop,fail,corrupted_state,6,7
run_03936,multi_hop,success,,,8
run_03937,fact_lookup,fail,wrong_tool_selected,1,5
run_03938,math_lookup,fail,bad_tool_arguments,2,5
run_03939,fact_lookup,success,,,7
run_03940,fact_lookup,success,,,5
run_03941,fact_lookup,fail,corrupted_state,3,5
run_03942,fact_lookup,fail,retry_loop,1,9
run_03943,fact_lookup,success,,,5
run_03944,math_lookup,success,,,5
run_03945,math_lookup,success,,,7
run_03946,math_lookup,success,,,5
run_03947,multi_hop,success,,,8
run_03948,multi_hop,success,,,10
run_03949,multi_hop,success,,,8
run_03950,multi_hop,fail,bad_tool_arguments,2,5
run_03951,fact_lookup,success,,,7
run_03952,multi_hop,success,,,10
run_03953,fact_lookup,fail,corrupted_state,3,5
run_03954,math_lookup,fail,retry_loop,1,9
run_03955,multi_hop,fail,wrong_tool_selected,4,8
run_03956,multi_hop,success,,,8
run_03957,multi_hop,fail,tool_error_ignored,5,6
run_03958,fact_lookup,success,,,7
run_03959,fact_lookup,fail,corrupted_state,3,5
run_03960,math_lookup,fail,retry_loop,1,9
run_03961,math_lookup,fail,wrong_tool_selected,1,5
run_03962,math_lookup,success,,,7
run_03963,multi_hop,success,,,10
run_03964,multi_hop,fail,context_ignored,7,8
run_03965,math_lookup,success,,,5
run_03966,math_lookup,fail,retry_loop,1,9
run_03967,multi_hop,success,,,8
run_03968,math_lookup,success,,,5
run_03969,fact_lookup,success,,,5
run_03970,fact_lookup,fail,context_ignored,4,5
run_03971,math_lookup,fail,corrupted_state,3,5
run_03972,multi_hop,success,,,8
run_03973,fact_lookup,success,,,5
run_03974,math_lookup,success,,,5
run_03975,multi_hop,success,,,10
run_03976,fact_lookup,success,,,5
run_03977,multi_hop,fail,corrupted_state,3,8
run_03978,multi_hop,success,,,8
run_03979,fact_lookup,success,,,5
run_03980,fact_lookup,success,,,5
run_03981,fact_lookup,success,,,5
run_03982,multi_hop,fail,context_ignored,7,8
run_03983,fact_lookup,success,,,5
run_03984,multi_hop,success,,,8
run_03985,fact_lookup,success,,,5
run_03986,multi_hop,fail,bad_tool_arguments,2,5
run_03987,math_lookup,success,,,5
run_03988,multi_hop,success,,,8
run_03989,fact_lookup,success,,,5
run_03990,fact_lookup,fail,retry_loop,1,9
run_03991,math_lookup,fail,wrong_tool_selected,1,5
run_03992,multi_hop,fail,bad_tool_arguments,2,5
run_03993,multi_hop,fail,tool_error_ignored,3,5
run_03994,multi_hop,fail,context_ignored,7,8
run_03995,fact_lookup,success,,,5
run_03996,multi_hop,success,,,8
run_03997,multi_hop,success,,,8
run_03998,math_lookup,success,,,5
run_03999,math_lookup,fail,tool_error_ignored,3,5
run_04000,math_lookup,success,,,5
run_04001,multi_hop,success,,,8
run_04002,fact_lookup,success,,,5
run_04003,fact_lookup,success,,,5
run_04004,multi_hop,fail,bad_tool_arguments,5,8
run_04005,multi_hop,fail,tool_error_ignored,5,6
run_04006,math_lookup,fail,context_ignored,4,5
run_04007,multi_hop,success,,,8
run_04008,multi_hop,success,,,8
run_04009,multi_hop,success,,,8
run_04010,fact_lookup,success,,,5
run_04011,fact_lookup,fail,tool_error_ignored,5,7
run_04012,math_lookup,success,,,7
run_04013,fact_lookup,success,,,5
run_04014,math_lookup,success,,,7
run_04015,math_lookup,fail,wrong_tool_selected,1,5
run_04016,math_lookup,fail,bad_tool_arguments,2,5
run_04017,multi_hop,fail,tool_error_ignored,3,5
run_04018,multi_hop,success,,,8
run_04019,math_lookup,fail,corrupted_state,3,5
run_04020,multi_hop,fail,retry_loop,4,12
run_04021,math_lookup,fail,wrong_tool_selected,1,5
run_04022,math_lookup,success,,,5
run_04023,math_lookup,fail,tool_error_ignored,3,5
run_04024,fact_lookup,success,,,5
run_04025,multi_hop,success,,,8
run_04026,math_lookup,success,,,5
run_04027,math_lookup,success,,,5
run_04028,multi_hop,success,,,8
run_04029,fact_lookup,fail,tool_error_ignored,3,5
run_04030,multi_hop,success,,,8
run_04031,multi_hop,success,,,8
run_04032,fact_lookup,fail,retry_loop,1,9
run_04033,multi_hop,fail,wrong_tool_selected,4,8
run_04034,fact_lookup,fail,bad_tool_arguments,2,5
run_04035,multi_hop,success,,,8
run_04036,fact_lookup,success,,,5
run_04037,multi_hop,success,,,8
run_04038,math_lookup,fail,retry_loop,1,9
run_04039,multi_hop,success,,,8
run_04040,math_lookup,fail,bad_tool_arguments,2,5
run_04041,fact_lookup,success,,,5
run_04042,math_lookup,fail,context_ignored,4,5
run_04043,math_lookup,fail,corrupted_state,3,5
run_04044,fact_lookup,fail,retry_loop,1,9
run_04045,multi_hop,success,,,8
run_04046,math_lookup,fail,bad_tool_arguments,2,5
run_04047,multi_hop,fail,tool_error_ignored,3,5
run_04048,multi_hop,success,,,10
run_04049,multi_hop,success,,,8
run_04050,fact_lookup,fail,retry_loop,1,9
run_04051,multi_hop,fail,wrong_tool_selected,1,5
run_04052,multi_hop,success,,,10
run_04053,fact_lookup,success,,,5
run_04054,fact_lookup,success,,,5
run_04055,multi_hop,success,,,8
run_04056,multi_hop,success,,,8
run_04057,fact_lookup,success,,,5
run_04058,multi_hop,fail,bad_tool_arguments,5,8
run_04059,fact_lookup,fail,tool_error_ignored,3,5
run_04060,math_lookup,success,,,5
run_04061,multi_hop,fail,corrupted_state,6,7
run_04062,math_lookup,success,,,5
run_04063,math_lookup,fail,wrong_tool_selected,1,5
run_04064,fact_lookup,fail,bad_tool_arguments,2,5
run_04065,multi_hop,success,,,8
run_04066,fact_lookup,success,,,5
run_04067,multi_hop,success,,,8
run_04068,fact_lookup,success,,,7
run_04069,multi_hop,success,,,8
run_04070,math_lookup,success,,,5
run_04071,math_lookup,fail,tool_error_ignored,3,5
run_04072,math_lookup,success,,,5
run_04073,multi_hop,fail,corrupted_state,8,10
run_04074,fact_lookup,success,,,5
run_04075,math_lookup,success,,,5
run_04076,math_lookup,success,,,7
run_04077,math_lookup,success,,,5
run_04078,math_lookup,success,,,5
run_04079,fact_lookup,success,,,5
run_04080,math_lookup,success,,,5
run_04081,fact_lookup,success,,,5
run_04082,math_lookup,fail,bad_tool_arguments,2,5
run_04083,multi_hop,success,,,10
run_04084,multi_hop,success,,,10
run_04085,multi_hop,fail,corrupted_state,3,8
run_04086,multi_hop,success,,,10
run_04087,fact_lookup,success,,,5
run_04088,multi_hop,success,,,10
run_04089,math_lookup,fail,tool_error_ignored,5,6
run_04090,math_lookup,success,,,5
run_04091,fact_lookup,fail,corrupted_state,5,7
run_04092,fact_lookup,success,,,5
run_04093,math_lookup,fail,wrong_tool_selected,1,5
run_04094,multi_hop,success,,,8
run_04095,math_lookup,fail,tool_error_ignored,3,5
run_04096,fact_lookup,success,,,5
run_04097,math_lookup,success,,,5
run_04098,multi_hop,success,,,8
run_04099,fact_lookup,success,,,5
run_04100,fact_lookup,success,,,5
run_04101,multi_hop,fail,tool_error_ignored,3,5
run_04102,multi_hop,success,,,8
run_04103,math_lookup,success,,,5
run_04104,fact_lookup,success,,,5
run_04105,multi_hop,success,,,8
run_04106,fact_lookup,success,,,5
run_04107,math_lookup,fail,tool_error_ignored,3,5
run_04108,fact_lookup,success,,,5
run_04109,fact_lookup,success,,,5
run_04110,multi_hop,success,,,8
run_04111,math_lookup,success,,,5
run_04112,math_lookup,success,,,5
run_04113,multi_hop,success,,,8
run_04114,math_lookup,fail,context_ignored,4,5
run_04115,multi_hop,fail,corrupted_state,8,10
run_04116,multi_hop,success,,,8
run_04117,multi_hop,success,,,8
run_04118,math_lookup,success,,,5
run_04119,multi_hop,success,,,10
run_04120,fact_lookup,success,,,5
run_04121,multi_hop,fail,corrupted_state,3,8
run_04122,fact_lookup,fail,retry_loop,1,9
run_04123,fact_lookup,fail,wrong_tool_selected,1,5
run_04124,math_lookup,success,,,5
run_04125,fact_lookup,fail,tool_error_ignored,3,5
run_04126,math_lookup,success,,,5
run_04127,fact_lookup,success,,,5
run_04128,math_lookup,success,,,5
run_04129,fact_lookup,success,,,5
run_04130,math_lookup,success,,,7
run_04131,multi_hop,success,,,8
run_04132,fact_lookup,fail,context_ignored,4,5
run_04133,multi_hop,fail,corrupted_state,6,8
run_04134,math_lookup,fail,retry_loop,1,9
run_04135,multi_hop,fail,wrong_tool_selected,4,8
run_04136,fact_lookup,success,,,7
run_04137,math_lookup,fail,tool_error_ignored,3,5
run_04138,fact_lookup,fail,context_ignored,4,5
run_04139,fact_lookup,success,,,7
run_04140,fact_lookup,fail,retry_loop,1,9
run_04141,math_lookup,success,,,5
run_04142,fact_lookup,success,,,5
run_04143,math_lookup,fail,tool_error_ignored,3,5
run_04144,fact_lookup,success,,,5
run_04145,math_lookup,success,,,5
run_04146,multi_hop,success,,,8
run_04147,multi_hop,success,,,8
run_04148,fact_lookup,success,,,5
run_04149,fact_lookup,success,,,5
run_04150,math_lookup,success,,,5
run_04151,math_lookup,success,,,5
run_04152,math_lookup,success,,,5
run_04153,math_lookup,fail,wrong_tool_selected,1,5
run_04154,fact_lookup,success,,,7
run_04155,multi_hop,success,,,10
run_04156,math_lookup,success,,,5
run_04157,fact_lookup,success,,,5
run_04158,math_lookup,success,,,5
run_04159,fact_lookup,success,,,5
run_04160,fact_lookup,fail,bad_tool_arguments,2,5
run_04161,math_lookup,fail,tool_error_ignored,3,5
run_04162,multi_hop,success,,,10
run_04163,fact_lookup,fail,corrupted_state,3,5
run_04164,fact_lookup,fail,retry_loop,1,9
run_04165,fact_lookup,fail,wrong_tool_selected,1,5
run_04166,fact_lookup,success,,,5
run_04167,multi_hop,success,,,8
run_04168,fact_lookup,success,,,5
run_04169,multi_hop,success,,,10
run_04170,multi_hop,fail,retry_loop,1,9
run_04171,fact_lookup,success,,,5
run_04172,math_lookup,success,,,5
run_04173,math_lookup,success,,,5
run_04174,fact_lookup,success,,,5
run_04175,fact_lookup,success,,,7
run_04176,fact_lookup,success,,,7
run_04177,multi_hop,success,,,10
run_04178,fact_lookup,success,,,7
run_04179,math_lookup,success,,,7
run_04180,fact_lookup,success,,,5
run_04181,multi_hop,success,,,8
run_04182,math_lookup,success,,,5
run_04183,multi_hop,success,,,8
run_04184,multi_hop,success,,,8
run_04185,math_lookup,success,,,5
run_04186,fact_lookup,success,,,7
run_04187,multi_hop,fail,corrupted_state,6,7
run_04188,fact_lookup,success,,,5
run_04189,multi_hop,success,,,8
run_04190,math_lookup,fail,bad_tool_arguments,2,5
run_04191,math_lookup,success,,,5
run_04192,multi_hop,fail,context_ignored,7,8
run_04193,fact_lookup,success,,,5
run_04194,math_lookup,success,,,5
run_04195,fact_lookup,fail,wrong_tool_selected,1,5
run_04196,fact_lookup,fail,bad_tool_arguments,2,5
run_04197,math_lookup,success,,,7
run_04198,fact_lookup,success,,,7
run_04199,math_lookup,fail,corrupted_state,5,6
run_04200,math_lookup,success,,,7
run_04201,fact_lookup,success,,,5
run_04202,fact_lookup,fail,bad_tool_arguments,2,5
run_04203,math_lookup,success,,,5
run_04204,fact_lookup,success,,,5
run_04205,math_lookup,fail,corrupted_state,5,7
run_04206,fact_lookup,success,,,5
run_04207,fact_lookup,success,,,5
run_04208,fact_lookup,success,,,5
run_04209,fact_lookup,success,,,5
run_04210,fact_lookup,success,,,5
run_04211,fact_lookup,success,,,5
run_04212,multi_hop,success,,,8
run_04213,multi_hop,success,,,8
run_04214,math_lookup,success,,,5
run_04215,math_lookup,success,,,5
run_04216,math_lookup,success,,,5
run_04217,math_lookup,success,,,5
run_04218,multi_hop,success,,,8
run_04219,fact_lookup,success,,,7
run_04220,multi_hop,success,,,10
run_04221,multi_hop,success,,,8
run_04222,fact_lookup,success,,,5
run_04223,fact_lookup,success,,,7
run_04224,fact_lookup,success,,,5
run_04225,fact_lookup,success,,,7
run_04226,math_lookup,success,,,5
run_04227,math_lookup,success,,,5
run_04228,fact_lookup,success,,,5
run_04229,math_lookup,success,,,7
run_04230,fact_lookup,fail,retry_loop,1,9
run_04231,math_lookup,success,,,5
run_04232,math_lookup,fail,bad_tool_arguments,2,5
run_04233,math_lookup,success,,,5
run_04234,fact_lookup,fail,context_ignored,4,5
run_04235,multi_hop,success,,,8
run_04236,fact_lookup,fail,retry_loop,1,9
run_04237,math_lookup,success,,,5
run_04238,multi_hop,success,,,8
run_04239,math_lookup,fail,tool_error_ignored,5,6
run_04240,math_lookup,success,,,5
run_04241,multi_hop,success,,,8
run_04242,fact_lookup,fail,retry_loop,1,9
run_04243,multi_hop,fail,wrong_tool_selected,4,8
run_04244,multi_hop,success,,,10
run_04245,math_lookup,fail,tool_error_ignored,3,5
run_04246,multi_hop,success,,,8
run_04247,math_lookup,success,,,5
run_04248,fact_lookup,fail,retry_loop,1,9
run_04249,fact_lookup,success,,,5
run_04250,fact_lookup,fail,bad_tool_arguments,2,5
run_04251,fact_lookup,success,,,5
run_04252,fact_lookup,fail,context_ignored,4,5
run_04253,math_lookup,success,,,5
run_04254,math_lookup,fail,retry_loop,1,9
run_04255,multi_hop,success,,,8
run_04256,multi_hop,success,,,8
run_04257,math_lookup,success,,,5
run_04258,fact_lookup,success,,,7
run_04259,math_lookup,success,,,5
run_04260,fact_lookup,fail,retry_loop,1,9
run_04261,multi_hop,fail,wrong_tool_selected,1,5
run_04262,multi_hop,success,,,8
run_04263,math_lookup,fail,tool_error_ignored,3,5
run_04264,fact_lookup,fail,context_ignored,4,5
run_04265,fact_lookup,fail,corrupted_state,3,5
run_04266,multi_hop,fail,retry_loop,1,9
run_04267,math_lookup,success,,,7
run_04268,math_lookup,success,,,5
run_04269,fact_lookup,success,,,5
run_04270,multi_hop,fail,context_ignored,7,8
run_04271,multi_hop,success,,,8
run_04272,math_lookup,fail,retry_loop,1,9
run_04273,fact_lookup,fail,wrong_tool_selected,1,5
run_04274,fact_lookup,success,,,5
run_04275,fact_lookup,fail,tool_error_ignored,3,5
run_04276,math_lookup,success,,,5
run_04277,fact_lookup,success,,,5
run_04278,multi_hop,fail,retry_loop,4,12
run_04279,fact_lookup,success,,,5
run_04280,multi_hop,fail,bad_tool_arguments,2,5
run_04281,math_lookup,fail,tool_error_ignored,3,5
run_04282,math_lookup,success,,,7
run_04283,multi_hop,success,,,8
run_04284,multi_hop,fail,retry_loop,4,12
run_04285,fact_lookup,fail,wrong_tool_selected,1,5
run_04286,multi_hop,fail,bad_tool_arguments,5,8
run_04287,fact_lookup,success,,,5
run_04288,math_lookup,success,,,7
run_04289,multi_hop,fail,corrupted_state,6,7
run_04290,multi_hop,fail,retry_loop,1,9
run_04291,math_lookup,success,,,7
run_04292,math_lookup,success,,,5
run_04293,fact_lookup,success,,,7
run_04294,fact_lookup,fail,context_ignored,4,5
run_04295,multi_hop,success,,,8
run_04296,fact_lookup,success,,,5
run_04297,multi_hop,success,,,8
run_04298,fact_lookup,success,,,5
run_04299,math_lookup,fail,tool_error_ignored,3,5
run_04300,fact_lookup,fail,context_ignored,4,5
run_04301,multi_hop,success,,,8
run_04302,math_lookup,success,,,5
run_04303,math_lookup,fail,wrong_tool_selected,1,5
run_04304,math_lookup,success,,,5
run_04305,fact_lookup,fail,tool_error_ignored,3,5
run_04306,fact_lookup,fail,context_ignored,4,5
run_04307,fact_lookup,success,,,5
run_04308,fact_lookup,success,,,5
run_04309,fact_lookup,success,,,5
run_04310,multi_hop,fail,bad_tool_arguments,2,5
run_04311,multi_hop,success,,,10
run_04312,fact_lookup,success,,,5
run_04313,math_lookup,fail,corrupted_state,3,5
run_04314,math_lookup,fail,retry_loop,1,9
run_04315,fact_lookup,success,,,5
run_04316,math_lookup,success,,,5
run_04317,math_lookup,fail,tool_error_ignored,3,5
run_04318,math_lookup,success,,,5
run_04319,fact_lookup,fail,corrupted_state,3,5
run_04320,math_lookup,success,,,5
run_04321,fact_lookup,fail,wrong_tool_selected,1,5
run_04322,math_lookup,success,,,5
run_04323,multi_hop,success,,,8
run_04324,math_lookup,success,,,5
run_04325,math_lookup,success,,,5
run_04326,fact_lookup,success,,,5
run_04327,math_lookup,success,,,5
run_04328,multi_hop,fail,bad_tool_arguments,5,8
run_04329,multi_hop,success,,,10
run_04330,math_lookup,success,,,5
run_04331,math_lookup,fail,corrupted_state,3,5
run_04332,math_lookup,fail,retry_loop,1,9
run_04333,math_lookup,success,,,5
run_04334,math_lookup,success,,,5
run_04335,multi_hop,success,,,8
run_04336,fact_lookup,success,,,5
run_04337,math_lookup,fail,corrupted_state,3,5
run_04338,math_lookup,fail,retry_loop,1,9
run_04339,fact_lookup,success,,,7
run_04340,fact_lookup,fail,bad_tool_arguments,2,5
run_04341,fact_lookup,fail,tool_error_ignored,3,5
run_04342,fact_lookup,fail,context_ignored,4,5
run_04343,multi_hop,fail,corrupted_state,6,8
run_04344,fact_lookup,success,,,7
run_04345,multi_hop,success,,,8
run_04346,fact_lookup,success,,,7
run_04347,math_lookup,fail,tool_error_ignored,3,5
run_04348,fact_lookup,success,,,5
run_04349,math_lookup,success,,,7
run_04350,math_lookup,success,,,7
run_04351,multi_hop,success,,,10
run_04352,math_lookup,fail,bad_tool_arguments,2,5
run_04353,math_lookup,success,,,5
run_04354,fact_lookup,success,,,5
run_04355,fact_lookup,success,,,5
run_04356,fact_lookup,fail,retry_loop,1,9
run_04357,multi_hop,success,,,8
run_04358,fact_lookup,fail,bad_tool_arguments,2,5
run_04359,multi_hop,fail,tool_error_ignored,3,5
run_04360,multi_hop,success,,,8
run_04361,fact_lookup,success,,,5
run_04362,multi_hop,fail,retry_loop,4,12
run_04363,math_lookup,success,,,5
run_04364,multi_hop,success,,,8
run_04365,fact_lookup,success,,,5
run_04366,math_lookup,fail,context_ignored,4,5
run_04367,math_lookup,fail,corrupted_state,3,5
run_04368,multi_hop,success,,,8
run_04369,fact_lookup,success,,,5
run_04370,math_lookup,success,,,5
run_04371,math_lookup,success,,,5
run_04372,fact_lookup,success,,,5
run_04373,multi_hop,fail,corrupted_state,6,8
run_04374,multi_hop,fail,retry_loop,1,9
run_04375,math_lookup,fail,wrong_tool_selected,1,5
run_04376,multi_hop,success,,,8
run_04377,fact_lookup,success,,,5
run_04378,multi_hop,success,,,8
run_04379,multi_hop,success,,,8
run_04380,multi_hop,success,,,8
run_04381,math_lookup,success,,,5
run_04382,math_lookup,fail,bad_tool_arguments,2,5
run_04383,math_lookup,fail,tool_error_ignored,3,5
run_04384,fact_lookup,fail,context_ignored,4,5
run_04385,math_lookup,success,,,5
run_04386,fact_lookup,fail,retry_loop,1,9
run_04387,fact_lookup,success,,,5
run_04388,math_lookup,fail,bad_tool_arguments,2,5
run_04389,math_lookup,success,,,5
run_04390,multi_hop,success,,,8
run_04391,math_lookup,fail,corrupted_state,3,5
run_04392,fact_lookup,fail,retry_loop,1,9
run_04393,multi_hop,success,,,8
run_04394,fact_lookup,success,,,5
run_04395,multi_hop,success,,,8
run_04396,math_lookup,fail,context_ignored,4,5
run_04397,fact_lookup,success,,,5
run_04398,multi_hop,success,,,8
run_04399,multi_hop,success,,,8
run_04400,fact_lookup,success,,,7
run_04401,math_lookup,success,,,5
run_04402,math_lookup,success,,,5
run_04403,fact_lookup,success,,,7
run_04404,multi_hop,fail,retry_loop,4,12
run_04405,math_lookup,success,,,5
run_04406,math_lookup,success,,,5
run_04407,math_lookup,success,,,7
run_04408,math_lookup,success,,,7
run_04409,multi_hop,fail,corrupted_state,6,8
run_04410,fact_lookup,success,,,5
run_04411,math_lookup,success,,,7
run_04412,math_lookup,success,,,7
run_04413,multi_hop,success,,,8
run_04414,multi_hop,fail,context_ignored,7,8
run_04415,fact_lookup,success,,,5
run_04416,math_lookup,success,,,5
run_04417,multi_hop,fail,wrong_tool_selected,4,8
run_04418,multi_hop,success,,,10
run_04419,multi_hop,success,,,8
run_04420,multi_hop,success,,,8
run_04421,multi_hop,fail,corrupted_state,3,8
run_04422,fact_lookup,success,,,5
run_04423,multi_hop,fail,wrong_tool_selected,1,5
run_04424,fact_lookup,fail,bad_tool_arguments,2,5
run_04425,math_lookup,fail,tool_error_ignored,3,5
run_04426,fact_lookup,fail,context_ignored,4,5
run_04427,fact_lookup,success,,,7
run_04428,multi_hop,success,,,8
run_04429,math_lookup,success,,,5
run_04430,multi_hop,fail,bad_tool_arguments,5,8
run_04431,multi_hop,fail,tool_error_ignored,3,5
run_04432,fact_lookup,success,,,5
run_04433,multi_hop,success,,,8
run_04434,math_lookup,fail,retry_loop,1,9
run_04435,fact_lookup,fail,wrong_tool_selected,1,5
run_04436,multi_hop,fail,bad_tool_arguments,2,5
run_04437,math_lookup,success,,,5
run_04438,fact_lookup,success,,,5
run_04439,fact_lookup,success,,,7
run_04440,math_lookup,success,,,5
run_04441,fact_lookup,success,,,5
run_04442,fact_lookup,success,,,5
run_04443,math_lookup,success,,,5
run_04444,fact_lookup,success,,,5
run_04445,fact_lookup,success,,,5
run_04446,multi_hop,success,,,8
run_04447,fact_lookup,success,,,7
run_04448,math_lookup,fail,bad_tool_arguments,2,5
run_04449,multi_hop,success,,,8
run_04450,fact_lookup,success,,,5
run_04451,multi_hop,fail,corrupted_state,3,8
run_04452,fact_lookup,success,,,5
run_04453,fact_lookup,success,,,5
run_04454,multi_hop,fail,bad_tool_arguments,5,8
run_04455,math_lookup,success,,,5
run_04456,multi_hop,success,,,8
run_04457,math_lookup,success,,,7
run_04458,fact_lookup,success,,,5
run_04459,multi_hop,success,,,8
run_04460,math_lookup,success,,,5
run_04461,fact_lookup,fail,tool_error_ignored,5,7
run_04462,multi_hop,fail,context_ignored,7,8
run_04463,fact_lookup,success,,,5
run_04464,fact_lookup,success,,,5
run_04465,multi_hop,success,,,10
run_04466,fact_lookup,fail,bad_tool_arguments,2,5
run_04467,multi_hop,fail,tool_error_ignored,8,9
run_04468,math_lookup,fail,context_ignored,4,5
run_04469,multi_hop,fail,corrupted_state,5,10
run_04470,fact_lookup,fail,retry_loop,1,9
run_04471,math_lookup,fail,wrong_tool_selected,1,5
run_04472,multi_hop,success,,,8
run_04473,math_lookup,success,,,5
run_04474,fact_lookup,success,,,5
run_04475,fact_lookup,success,,,5
run_04476,multi_hop,success,,,10
run_04477,multi_hop,fail,wrong_tool_selected,1,5
run_04478,fact_lookup,success,,,5
run_04479,fact_lookup,success,,,7
run_04480,multi_hop,success,,,8
run_04481,math_lookup,fail,corrupted_state,3,5
run_04482,math_lookup,fail,retry_loop,1,9
run_04483,math_lookup,success,,,5
run_04484,multi_hop,fail,bad_tool_arguments,2,5
run_04485,fact_lookup,success,,,5
run_04486,multi_hop,success,,,8
run_04487,multi_hop,success,,,8
run_04488,math_lookup,fail,retry_loop,1,9
run_04489,fact_lookup,success,,,5
run_04490,math_lookup,success,,,7
run_04491,multi_hop,fail,tool_error_ignored,3,5
run_04492,math_lookup,success,,,7
run_04493,multi_hop,fail,corrupted_state,3,8
run_04494,math_lookup,fail,retry_loop,1,9
run_04495,fact_lookup,fail,wrong_tool_selected,1,5
run_04496,fact_lookup,success,,,5
run_04497,math_lookup,success,,,7
run_04498,math_lookup,success,,,5
run_04499,fact_lookup,success,,,5
run_04500,fact_lookup,fail,retry_loop,1,9
run_04501,fact_lookup,success,,,5
run_04502,fact_lookup,fail,bad_tool_arguments,2,5
run_04503,math_lookup,success,,,5
run_04504,math_lookup,success,,,5
run_04505,fact_lookup,fail,corrupted_state,3,5
run_04506,math_lookup,fail,retry_loop,1,9
run_04507,fact_lookup,success,,,5
run_04508,fact_lookup,success,,,5
run_04509,math_lookup,fail,tool_error_ignored,3,5
run_04510,multi_hop,success,,,10
run_04511,math_lookup,success,,,7
run_04512,multi_hop,fail,retry_loop,4,12
run_04513,math_lookup,fail,wrong_tool_selected,1,5
run_04514,multi_hop,success,,,8
run_04515,multi_hop,fail,tool_error_ignored,6,7
run_04516,fact_lookup,success,,,5
run_04517,multi_hop,fail,corrupted_state,5,10
run_04518,multi_hop,fail,retry_loop,1,9
run_04519,multi_hop,fail,wrong_tool_selected,4,8
run_04520,multi_hop,success,,,8
run_04521,math_lookup,success,,,5
run_04522,math_lookup,success,,,5
run_04523,multi_hop,fail,corrupted_state,3,8
run_04524,multi_hop,fail,retry_loop,4,12
run_04525,fact_lookup,fail,wrong_tool_selected,1,5
run_04526,multi_hop,success,,,8
run_04527,fact_lookup,success,,,5
run_04528,math_lookup,fail,context_ignored,4,5
run_04529,multi_hop,fail,corrupted_state,6,7
run_04530,math_lookup,fail,retry_loop,1,9
run_04531,math_lookup,success,,,5
run_04532,fact_lookup,success,,,7
run_04533,multi_hop,success,,,8
run_04534,fact_lookup,fail,context_ignored,4,5
run_04535,math_lookup,success,,,5
run_04536,math_lookup,fail,retry_loop,1,9
run_04537,math_lookup,fail,wrong_tool_selected,1,5
run_04538,math_lookup,success,,,5
run_04539,math_lookup,success,,,5
run_04540,fact_lookup,fail,context_ignored,4,5
run_04541,fact_lookup,success,,,5
run_04542,math_lookup,fail,retry_loop,1,9
run_04543,fact_lookup,fail,wrong_tool_selected,1,5
run_04544,math_lookup,success,,,5
run_04545,fact_lookup,fail,tool_error_ignored,3,5
run_04546,math_lookup,success,,,5
run_04547,multi_hop,fail,corrupted_state,3,8
run_04548,multi_hop,success,,,8
run_04549,math_lookup,success,,,5
run_04550,fact_lookup,success,,,5
run_04551,math_lookup,fail,tool_error_ignored,5,7
run_04552,fact_lookup,success,,,5
run_04553,multi_hop,success,,,8
run_04554,math_lookup,fail,retry_loop,1,9
run_04555,math_lookup,fail,wrong_tool_selected,1,5
run_04556,multi_hop,fail,bad_tool_arguments,5,8
run_04557,fact_lookup,fail,tool_error_ignored,3,5
run_04558,multi_hop,success,,,8
run_04559,multi_hop,fail,corrupted_state,3,8
run_04560,multi_hop,success,,,8
run_04561,fact_lookup,fail,wrong_tool_selected,1,5
run_04562,math_lookup,success,,,5
run_04563,multi_hop,success,,,8
run_04564,fact_lookup,success,,,5
run_04565,multi_hop,success,,,8
run_04566,multi_hop,success,,,8
run_04567,fact_lookup,fail,wrong_tool_selected,1,5
run_04568,fact_lookup,success,,,5
run_04569,math_lookup,fail,tool_error_ignored,3,5
run_04570,fact_lookup,success,,,5
run_04571,math_lookup,fail,corrupted_state,3,5
run_04572,multi_hop,success,,,8
run_04573,multi_hop,success,,,8
run_04574,multi_hop,success,,,8
run_04575,multi_hop,fail,tool_error_ignored,6,8
run_04576,multi_hop,success,,,8
run_04577,fact_lookup,success,,,5
run_04578,fact_lookup,fail,retry_loop,1,9
run_04579,fact_lookup,success,,,5
run_04580,fact_lookup,success,,,5
run_04581,multi_hop,fail,tool_error_ignored,3,5
run_04582,fact_lookup,success,,,5
run_04583,math_lookup,success,,,5
run_04584,fact_lookup,success,,,5
run_04585,math_lookup,fail,wrong_tool_selected,1,5
run_04586,fact_lookup,success,,,7
run_04587,math_lookup,success,,,5
run_04588,math_lookup,fail,context_ignored,4,5
run_04589,math_lookup,success,,,5
run_04590,math_lookup,success,,,5
run_04591,multi_hop,success,,,8
run_04592,fact_lookup,success,,,7
run_04593,math_lookup,success,,,7
run_04594,multi_hop,fail,context_ignored,7,8
run_04595,fact_lookup,success,,,5
run_04596,fact_lookup,success,,,5
run_04597,multi_hop,success,,,8
run_04598,math_lookup,success,,,7
run_04599,fact_lookup,success,,,5
run_04600,multi_hop,success,,,8
run_04601,math_lookup,success,,,5
run_04602,math_lookup,fail,retry_loop,1,9
run_04603,math_lookup,fail,wrong_tool_selected,1,5
run_04604,fact_lookup,success,,,5
run_04605,math_lookup,success,,,7
run_04606,math_lookup,success,,,5
run_04607,fact_lookup,fail,corrupted_state,5,7
run_04608,fact_lookup,success,,,5
run_04609,multi_hop,success,,,8
run_04610,fact_lookup,fail,bad_tool_arguments,2,5
run_04611,multi_hop,fail,tool_error_ignored,3,5
run_04612,math_lookup,success,,,5
run_04613,math_lookup,success,,,7
run_04614,multi_hop,success,,,8
run_04615,fact_lookup,fail,wrong_tool_selected,1,5
run_04616,fact_lookup,success,,,5
run_04617,fact_lookup,success,,,5
run_04618,fact_lookup,success,,,7
run_04619,fact_lookup,fail,corrupted_state,5,7
run_04620,multi_hop,fail,retry_loop,4,12
run_04621,fact_lookup,fail,wrong_tool_selected,1,5
run_04622,fact_lookup,success,,,7
run_04623,multi_hop,success,,,8
run_04624,fact_lookup,fail,context_ignored,4,5
run_04625,multi_hop,success,,,8
run_04626,fact_lookup,success,,,5
run_04627,fact_lookup,fail,wrong_tool_selected,1,5
run_04628,math_lookup,success,,,5
run_04629,math_lookup,success,,,5
run_04630,fact_lookup,fail,context_ignored,4,5
run_04631,math_lookup,fail,corrupted_state,3,5
run_04632,math_lookup,fail,retry_loop,1,9
run_04633,multi_hop,success,,,8
run_04634,fact_lookup,fail,bad_tool_arguments,2,5
run_04635,math_lookup,success,,,5
run_04636,math_lookup,fail,context_ignored,4,5
run_04637,math_lookup,fail,corrupted_state,3,5
run_04638,fact_lookup,success,,,5
run_04639,fact_lookup,success,,,5
run_04640,fact_lookup,fail,bad_tool_arguments,2,5
run_04641,multi_hop,success,,,10
run_04642,math_lookup,success,,,5
run_04643,math_lookup,success,,,5
run_04644,fact_lookup,success,,,5
run_04645,multi_hop,fail,wrong_tool_selected,4,8
run_04646,fact_lookup,success,,,5
run_04647,multi_hop,fail,tool_error_ignored,3,5
run_04648,fact_lookup,fail,context_ignored,4,5
run_04649,math_lookup,success,,,5
run_04650,math_lookup,success,,,5
run_04651,math_lookup,fail,wrong_tool_selected,1,5
run_04652,fact_lookup,success,,,7
run_04653,multi_hop,success,,,8
run_04654,math_lookup,success,,,5
run_04655,multi_hop,fail,corrupted_state,3,8
run_04656,multi_hop,success,,,8
run_04657,math_lookup,success,,,7
run_04658,multi_hop,success,,,8
run_04659,multi_hop,success,,,8
run_04660,fact_lookup,success,,,5
run_04661,fact_lookup,success,,,5
run_04662,multi_hop,success,,,8
run_04663,math_lookup,success,,,7
run_04664,math_lookup,success,,,7
run_04665,fact_lookup,success,,,5
run_04666,fact_lookup,success,,,7
run_04667,fact_lookup,success,,,7
run_04668,multi_hop,success,,,8
run_04669,math_lookup,success,,,5
run_04670,multi_hop,success,,,8
run_04671,fact_lookup,success,,,7
run_04672,multi_hop,success,,,10
run_04673,math_lookup,success,,,5
run_04674,math_lookup,success,,,5
run_04675,fact_lookup,success,,,5
run_04676,fact_lookup,success,,,7
run_04677,math_lookup,success,,,7
run_04678,fact_lookup,success,,,7
run_04679,fact_lookup,success,,,5
run_04680,fact_lookup,success,,,5
run_04681,multi_hop,fail,wrong_tool_selected,1,5
run_04682,multi_hop,success,,,10
run_04683,multi_hop,success,,,8
run_04684,math_lookup,success,,,5
run_04685,multi_hop,fail,corrupted_state,3,8
run_04686,math_lookup,success,,,5
run_04687,fact_lookup,fail,wrong_tool_selected,1,5
run_04688,fact_lookup,fail,bad_tool_arguments,2,5
run_04689,fact_lookup,success,,,5
run_04690,fact_lookup,fail,context_ignored,4,5
run_04691,multi_hop,fail,corrupted_state,3,8
run_04692,math_lookup,success,,,5
run_04693,fact_lookup,fail,wrong_tool_selected,1,5
run_04694,fact_lookup,success,,,5
run_04695,math_lookup,success,,,5
run_04696,fact_lookup,fail,context_ignored,4,5
run_04697,fact_lookup,fail,corrupted_state,3,5
run_04698,math_lookup,success,,,5
run_04699,fact_lookup,success,,,5
run_04700,fact_lookup,success,,,5
run_04701,math_lookup,fail,tool_error_ignored,3,5
run_04702,fact_lookup,success,,,5
run_04703,multi_hop,success,,,8
run_04704,fact_lookup,success,,,5
run_04705,multi_hop,success,,,8
run_04706,fact_lookup,fail,bad_tool_arguments,2,5
run_04707,fact_lookup,success,,,7
run_04708,math_lookup,success,,,5
run_04709,fact_lookup,success,,,5
run_04710,fact_lookup,fail,retry_loop,1,9
run_04711,multi_hop,fail,wrong_tool_selected,4,8
run_04712,fact_lookup,fail,bad_tool_arguments,2,5
run_04713,multi_hop,fail,tool_error_ignored,3,5
run_04714,fact_lookup,success,,,5
run_04715,multi_hop,success,,,8
run_04716,multi_hop,success,,,10
run_04717,fact_lookup,success,,,7
run_04718,math_lookup,success,,,7
run_04719,math_lookup,success,,,7
run_04720,multi_hop,success,,,8
run_04721,multi_hop,success,,,8
run_04722,fact_lookup,success,,,5
run_04723,math_lookup,fail,wrong_tool_selected,1,5
run_04724,math_lookup,success,,,5
run_04725,multi_hop,success,,,8
run_04726,fact_lookup,success,,,5
run_04727,math_lookup,success,,,5
run_04728,math_lookup,success,,,5
run_04729,math_lookup,fail,wrong_tool_selected,1,5
run_04730,math_lookup,success,,,5
run_04731,math_lookup,success,,,5
run_04732,fact_lookup,success,,,5
run_04733,fact_lookup,success,,,7
run_04734,math_lookup,fail,retry_loop,1,9
run_04735,multi_hop,success,,,10
run_04736,math_lookup,fail,bad_tool_arguments,2,5
run_04737,multi_hop,success,,,8
run_04738,math_lookup,success,,,5
run_04739,multi_hop,fail,corrupted_state,3,8
run_04740,math_lookup,fail,retry_loop,1,9
run_04741,fact_lookup,success,,,5
run_04742,math_lookup,success,,,5
run_04743,multi_hop,success,,,8
run_04744,multi_hop,success,,,8
run_04745,multi_hop,success,,,10
run_04746,multi_hop,success,,,10
run_04747,fact_lookup,success,,,5
run_04748,fact_lookup,success,,,5
run_04749,math_lookup,success,,,5
run_04750,multi_hop,success,,,8
run_04751,fact_lookup,success,,,5
run_04752,fact_lookup,success,,,5
run_04753,fact_lookup,fail,wrong_tool_selected,1,5
run_04754,multi_hop,success,,,8
run_04755,multi_hop,fail,tool_error_ignored,6,8
run_04756,fact_lookup,fail,context_ignored,4,5
run_04757,fact_lookup,success,,,7
run_04758,multi_hop,fail,retry_loop,4,12
run_04759,fact_lookup,success,,,7
run_04760,math_lookup,success,,,5
run_04761,fact_lookup,success,,,5
run_04762,math_lookup,fail,context_ignored,4,5
run_04763,multi_hop,fail,corrupted_state,6,8
run_04764,math_lookup,fail,retry_loop,1,9
run_04765,fact_lookup,success,,,5
run_04766,multi_hop,fail,bad_tool_arguments,5,8
run_04767,math_lookup,success,,,7
run_04768,fact_lookup,fail,context_ignored,4,5
run_04769,fact_lookup,fail,corrupted_state,3,5
run_04770,fact_lookup,success,,,5
run_04771,math_lookup,success,,,5
run_04772,math_lookup,success,,,5
run_04773,fact_lookup,success,,,7
run_04774,math_lookup,success,,,5
run_04775,fact_lookup,fail,corrupted_state,3,5
run_04776,fact_lookup,fail,retry_loop,1,9
run_04777,multi_hop,success,,,10
run_04778,fact_lookup,success,,,5
run_04779,multi_hop,success,,,8
run_04780,math_lookup,success,,,5
run_04781,fact_lookup,success,,,5
run_04782,multi_hop,success,,,10
run_04783,math_lookup,success,,,5
run_04784,fact_lookup,fail,bad_tool_arguments,2,5
run_04785,math_lookup,fail,tool_error_ignored,3,5
run_04786,fact_lookup,success,,,5
run_04787,math_lookup,success,,,7
run_04788,math_lookup,fail,retry_loop,1,9
run_04789,math_lookup,success,,,5
run_04790,multi_hop,success,,,8
run_04791,math_lookup,success,,,5
run_04792,fact_lookup,success,,,5
run_04793,multi_hop,success,,,8
run_04794,math_lookup,success,,,5
run_04795,multi_hop,success,,,8
run_04796,math_lookup,success,,,7
run_04797,multi_hop,success,,,10
run_04798,fact_lookup,fail,context_ignored,4,5
run_04799,math_lookup,success,,,5
run_04800,multi_hop,fail,retry_loop,1,9
run_04801,math_lookup,success,,,5
run_04802,multi_hop,success,,,10
run_04803,multi_hop,success,,,8
run_04804,fact_lookup,success,,,5
run_04805,fact_lookup,fail,corrupted_state,3,5
run_04806,fact_lookup,success,,,5
run_04807,multi_hop,success,,,10
run_04808,fact_lookup,success,,,5
run_04809,fact_lookup,fail,tool_error_ignored,3,5
run_04810,fact_lookup,fail,context_ignored,4,5
run_04811,math_lookup,success,,,7
run_04812,multi_hop,fail,retry_loop,1,9
run_04813,math_lookup,fail,wrong_tool_selected,1,5
run_04814,multi_hop,success,,,8
run_04815,multi_hop,success,,,10
run_04816,multi_hop,success,,,8
run_04817,math_lookup,success,,,5
run_04818,math_lookup,success,,,5
run_04819,multi_hop,fail,wrong_tool_selected,4,8
run_04820,multi_hop,fail,bad_tool_arguments,5,8
run_04821,math_lookup,fail,tool_error_ignored,3,5
run_04822,fact_lookup,success,,,5
run_04823,math_lookup,success,,,5
run_04824,multi_hop,success,,,8
run_04825,multi_hop,fail,wrong_tool_selected,1,5
run_04826,multi_hop,success,,,10
run_04827,fact_lookup,success,,,7
run_04828,math_lookup,fail,context_ignored,4,5
run_04829,fact_lookup,fail,corrupted_state,3,5
run_04830,multi_hop,fail,retry_loop,4,12
run_04831,fact_lookup,success,,,5
run_04832,math_lookup,success,,,7
run_04833,multi_hop,success,,,10
run_04834,multi_hop,success,,,8
run_04835,fact_lookup,success,,,5
run_04836,multi_hop,success,,,8
run_04837,multi_hop,success,,,8
run_04838,math_lookup,success,,,5
run_04839,math_lookup,success,,,7
run_04840,math_lookup,success,,,5
run_04841,multi_hop,success,,,10
run_04842,math_lookup,success,,,5
run_04843,fact_lookup,success,,,5
run_04844,math_lookup,success,,,7
run_04845,math_lookup,fail,tool_error_ignored,5,7
run_04846,math_lookup,fail,context_ignored,4,5
run_04847,math_lookup,success,,,5
run_04848,fact_lookup,success,,,5
run_04849,math_lookup,success,,,5
run_04850,multi_hop,success,,,10
run_04851,fact_lookup,success,,,7
run_04852,math_lookup,success,,,5
run_04853,fact_lookup,fail,corrupted_state,3,5
run_04854,multi_hop,fail,retry_loop,4,12
run_04855,math_lookup,fail,wrong_tool_selected,1,5
run_04856,fact_lookup,fail,bad_tool_arguments,2,5
run_04857,multi_hop,success,,,8
run_04858,math_lookup,fail,context_ignored,4,5
run_04859,multi_hop,fail,corrupted_state,8,9
run_04860,multi_hop,success,,,8
run_04861,fact_lookup,success,,,5
run_04862,multi_hop,fail,bad_tool_arguments,2,5
run_04863,multi_hop,success,,,8
run_04864,multi_hop,success,,,10
run_04865,math_lookup,fail,corrupted_state,3,5
run_04866,multi_hop,success,,,10
run_04867,multi_hop,success,,,8
run_04868,fact_lookup,success,,,7
run_04869,multi_hop,success,,,10
run_04870,fact_lookup,success,,,5
run_04871,fact_lookup,success,,,5
run_04872,fact_lookup,success,,,5
run_04873,multi_hop,fail,wrong_tool_selected,1,5
run_04874,fact_lookup,fail,bad_tool_arguments,2,5
run_04875,multi_hop,fail,tool_error_ignored,6,7
run_04876,multi_hop,fail,context_ignored,7,8
run_04877,multi_hop,fail,corrupted_state,6,8
run_04878,fact_lookup,success,,,5
run_04879,math_lookup,fail,wrong_tool_selected,1,5
run_04880,math_lookup,success,,,5
run_04881,fact_lookup,success,,,5
run_04882,fact_lookup,fail,context_ignored,4,5
run_04883,fact_lookup,success,,,5
run_04884,math_lookup,success,,,5
run_04885,fact_lookup,fail,wrong_tool_selected,1,5
run_04886,math_lookup,fail,bad_tool_arguments,2,5
run_04887,fact_lookup,success,,,5
run_04888,fact_lookup,success,,,5
run_04889,math_lookup,fail,corrupted_state,3,5
run_04890,math_lookup,fail,retry_loop,1,9
run_04891,math_lookup,fail,wrong_tool_selected,1,5
run_04892,math_lookup,success,,,7
run_04893,fact_lookup,success,,,5
run_04894,fact_lookup,success,,,7
run_04895,fact_lookup,fail,corrupted_state,3,5
run_04896,math_lookup,success,,,5
run_04897,multi_hop,success,,,8
run_04898,multi_hop,fail,bad_tool_arguments,2,5
run_04899,math_lookup,fail,tool_error_ignored,3,5
run_04900,multi_hop,success,,,8
run_04901,multi_hop,success,,,8
run_04902,fact_lookup,success,,,5
run_04903,multi_hop,fail,wrong_tool_selected,4,8
run_04904,fact_lookup,success,,,5
run_04905,multi_hop,fail,tool_error_ignored,3,5
run_04906,multi_hop,success,,,8
run_04907,multi_hop,success,,,8
run_04908,multi_hop,success,,,10
run_04909,multi_hop,success,,,10
run_04910,fact_lookup,success,,,5
run_04911,multi_hop,success,,,8
run_04912,math_lookup,fail,context_ignored,4,5
run_04913,math_lookup,success,,,7
run_04914,math_lookup,success,,,5
run_04915,fact_lookup,fail,wrong_tool_selected,1,5
run_04916,math_lookup,success,,,5
run_04917,multi_hop,fail,tool_error_ignored,3,5
run_04918,multi_hop,fail,context_ignored,7,8
run_04919,fact_lookup,success,,,5
run_04920,multi_hop,success,,,8
run_04921,math_lookup,success,,,5
run_04922,math_lookup,fail,bad_tool_arguments,2,5
run_04923,fact_lookup,fail,tool_error_ignored,3,5
run_04924,math_lookup,success,,,5
run_04925,math_lookup,fail,corrupted_state,3,5
run_04926,math_lookup,success,,,7
run_04927,math_lookup,success,,,5
run_04928,math_lookup,success,,,5
run_04929,multi_hop,success,,,8
run_04930,multi_hop,fail,context_ignored,7,8
run_04931,multi_hop,success,,,8
run_04932,fact_lookup,success,,,5
run_04933,fact_lookup,fail,wrong_tool_selected,1,5
run_04934,math_lookup,fail,bad_tool_arguments,2,5
run_04935,multi_hop,success,,,10
run_04936,fact_lookup,success,,,5
run_04937,math_lookup,success,,,5
run_04938,multi_hop,fail,retry_loop,4,12
run_04939,multi_hop,success,,,8
run_04940,fact_lookup,fail,bad_tool_arguments,2,5
run_04941,math_lookup,success,,,5
run_04942,fact_lookup,success,,,5
run_04943,math_lookup,fail,corrupted_state,3,5
run_04944,multi_hop,success,,,8
run_04945,fact_lookup,fail,wrong_tool_selected,1,5
run_04946,math_lookup,success,,,5
run_04947,math_lookup,fail,tool_error_ignored,3,5
run_04948,fact_lookup,fail,context_ignored,4,5
run_04949,math_lookup,success,,,5
run_04950,math_lookup,success,,,5
run_04951,fact_lookup,success,,,5
run_04952,multi_hop,success,,,10
run_04953,math_lookup,success,,,5
run_04954,math_lookup,success,,,7
run_04955,multi_hop,success,,,8
run_04956,multi_hop,success,,,8
run_04957,math_lookup,success,,,5
run_04958,math_lookup,success,,,5
run_04959,multi_hop,success,,,8
run_04960,multi_hop,success,,,8
run_04961,multi_hop,fail,corrupted_state,8,10
run_04962,math_lookup,success,,,5
run_04963,multi_hop,fail,wrong_tool_selected,4,8
run_04964,multi_hop,success,,,8
run_04965,math_lookup,success,,,7
run_04966,multi_hop,fail,context_ignored,7,8
run_04967,math_lookup,success,,,5
run_04968,multi_hop,fail,retry_loop,4,12
run_04969,math_lookup,success,,,5
run_04970,fact_lookup,success,,,5
run_04971,multi_hop,fail,tool_error_ignored,8,9
run_04972,fact_lookup,success,,,5
run_04973,fact_lookup,fail,corrupted_state,3,5
run_04974,math_lookup,fail,retry_loop,1,9
run_04975,math_lookup,fail,wrong_tool_selected,1,5
run_04976,math_lookup,fail,bad_tool_arguments,2,5
run_04977,fact_lookup,success,,,5
run_04978,math_lookup,fail,context_ignored,4,5
run_04979,multi_hop,success,,,8
run_04980,math_lookup,success,,,5
run_04981,fact_lookup,success,,,7
run_04982,fact_lookup,success,,,7
run_04983,math_lookup,success,,,5
run_04984,fact_lookup,success,,,5
run_04985,multi_hop,success,,,10
run_04986,fact_lookup,success,,,5
run_04987,fact_lookup,success,,,5
run_04988,fact_lookup,success,,,7
run_04989,multi_hop,success,,,8
run_04990,math_lookup,fail,context_ignored,4,5
run_04991,multi_hop,success,,,8
run_04992,fact_lookup,success,,,5
run_04993,multi_hop,fail,wrong_tool_selected,4,8
run_04994,math_lookup,success,,,5
run_04995,multi_hop,success,,,8
run_04996,multi_hop,success,,,8
run_04997,math_lookup,success,,,5
run_04998,multi_hop,success,,,8
run_04999,fact_lookup,success,,,7
run_05000,multi_hop,success,,,8
