run_id,task_type,final_outcome,fault_type,root_cause_step_index,total_steps
run_00001,math_lookup,fail,wrong_tool_selected,1,5
run_00002,math_lookup,success,,,5
run_00003,multi_hop,success,,,8
run_00004,fact_lookup,success,,,5
run_00005,fact_lookup,success,,,5
run_00006,fact_lookup,success,,,7
run_00007,fact_lookup,success,,,5
run_00008,math_lookup,success,,,7
run_00009,fact_lookup,success,,,5
run_00010,multi_hop,success,,,8
run_00011,math_lookup,fail,corrupted_state,3,5
run_00012,fact_lookup,success,,,7
run_00013,fact_lookup,fail,wrong_tool_selected,1,5
run_00014,multi_hop,success,,,8
run_00015,multi_hop,fail,tool_error_ignored,8,10
run_00016,fact_lookup,fail,context_ignored,4,5
run_00017,fact_lookup,success,,,5
run_00018,fact_lookup,success,,,7
run_00019,multi_hop,success,,,10
run_00020,math_lookup,fail,bad_tool_arguments,2,5
run_00021,math_lookup,success,,,5
run_00022,math_lookup,success,,,5
run_00023,multi_hop,success,,,8
run_00024,math_lookup,success,,,5
run_00025,fact_lookup,fail,wrong_tool_selected,1,5
run_00026,multi_hop,success,,,8
run_00027,multi_hop,success,,,8
run_00028,math_lookup,success,,,5
run_00029,multi_hop,success,,,8
run_00030,fact_lookup,fail,retry_loop,1,9
run_00031,fact_lookup,fail,wrong_tool_selected,1,5
run_00032,fact_lookup,success,,,5
run_00033,multi_hop,fail,tool_error_ignored,3,5
run_00034,fact_lookup,success,,,5
run_00035,fact_lookup,success,,,5
run_00036,math_lookup,fail,retry_loop,1,9
run_00037,fact_lookup,success,,,5
run_00038,fact_lookup,success,,,5
run_00039,math_lookup,fail,tool_error_ignored,3,5
run_00040,math_lookup,success,,,5
run_00041,fact_lookup,fail,corrupted_state,3,5
run_00042,multi_hop,success,,,8
run_00043,fact_lookup,success,,,7
run_00044,math_lookup,fail,bad_tool_arguments,2,5
run_00045,fact_lookup,fail,tool_error_ignored,5,7
run_00046,fact_lookup,fail,context_ignored,4,5
run_00047,multi_hop,fail,corrupted_state,6,8
run_00048,fact_lookup,fail,retry_loop,1,9
run_00049,fact_lookup,success,,,5
run_00050,multi_hop,fail,bad_tool_arguments,2,5
run_00051,math_lookup,success,,,5
run_00052,fact_lookup,success,,,5
run_00053,fact_lookup,success,,,5
run_00054,fact_lookup,success,,,5
run_00055,multi_hop,success,,,8
run_00056,multi_hop,fail,bad_tool_arguments,5,8
run_00057,multi_hop,fail,tool_error_ignored,6,8
run_00058,fact_lookup,success,,,5
run_00059,multi_hop,success,,,8
run_00060,multi_hop,fail,retry_loop,4,12
run_00061,math_lookup,fail,wrong_tool_selected,1,5
run_00062,math_lookup,success,,,5
run_00063,multi_hop,success,,,8
run_00064,math_lookup,fail,context_ignored,4,5
run_00065,math_lookup,success,,,5
run_00066,multi_hop,success,,,8
run_00067,fact_lookup,success,,,5
run_00068,fact_lookup,fail,bad_tool_arguments,2,5
run_00069,math_lookup,success,,,5
run_00070,multi_hop,success,,,10
run_00071,math_lookup,success,,,7
run_00072,multi_hop,success,,,10
run_00073,multi_hop,success,,,8
run_00074,multi_hop,success,,,10
run_00075,math_lookup,success,,,5
run_00076,multi_hop,fail,context_ignored,7,8
run_00077,fact_lookup,success,,,5
run_00078,fact_lookup,success,,,5
run_00079,multi_hop,success,,,8
run_00080,fact_lookup,fail,bad_tool_arguments,2,5
run_00081,math_lookup,success,,,5
run_00082,multi_hop,success,,,8
run_00083,math_lookup,success,,,5
run_00084,math_lookup,fail,retry_loop,1,9
run_00085,multi_hop,fail,wrong_tool_selected,4,8
run_00086,fact_lookup,fail,bad_tool_arguments,2,5
run_00087,math_lookup,success,,,5
run_00088,multi_hop,success,,,8
run_00089,math_lookup,fail,corrupted_state,5,7
run_00090,fact_lookup,success,,,5
run_00091,math_lookup,fail,wrong_tool_selected,1,5
run_00092,multi_hop,fail,bad_tool_arguments,2,5
run_00093,multi_hop,success,,,10
run_00094,fact_lookup,fail,context_ignored,4,5
run_00095,fact_lookup,fail,corrupted_state,3,5
run_00096,multi_hop,success,,,8
run_00097,fact_lookup,success,,,7
run_00098,fact_lookup,fail,bad_tool_arguments,2,5
run_00099,math_lookup,fail,tool_error_ignored,3,5
run_00100,fact_lookup,fail,context_ignored,4,5
run_00101,math_lookup,success,,,5
run_00102,multi_hop,success,,,8
run_00103,multi_hop,fail,wrong_tool_selected,4,8
run_00104,multi_hop,fail,bad_tool_arguments,2,5
run_00105,math_lookup,success,,,5
run_00106,fact_lookup,fail,context_ignored,4,5
run_00107,fact_lookup,success,,,5
run_00108,math_lookup,fail,retry_loop,1,9
run_00109,math_lookup,success,,,5
run_00110,fact_lookup,success,,,5
run_00111,math_lookup,success,,,5
run_00112,math_lookup,success,,,5
run_00113,fact_lookup,success,,,5
run_00114,fact_lookup,success,,,5
run_00115,multi_hop,fail,wrong_tool_selected,1,5
run_00116,multi_hop,fail,bad_tool_arguments,2,5
run_00117,multi_hop,success,,,8
run_00118,math_lookup,success,,,5
run_00119,fact_lookup,fail,corrupted_state,3,5
run_00120,fact_lookup,fail,retry_loop,1,9
run_00121,multi_hop,success,,,10
run_00122,math_lookup,success,,,7
run_00123,multi_hop,success,,,8
run_00124,fact_lookup,fail,context_ignored,4,5
run_00125,multi_hop,success,,,8
run_00126,math_lookup,success,,,7
run_00127,math_lookup,success,,,5
run_00128,fact_lookup,fail,bad_tool_arguments,2,5
run_00129,fact_lookup,success,,,5
run_00130,fact_lookup,success,,,5
run_00131,math_lookup,success,,,5
run_00132,math_lookup,success,,,5
run_00133,multi_hop,success,,,8
run_00134,multi_hop,success,,,8
run_00135,math_lookup,success,,,5
run_00136,math_lookup,success,,,5
run_00137,fact_lookup,success,,,5
run_00138,fact_lookup,success,,,7
run_00139,fact_lookup,success,,,5
run_00140,math_lookup,fail,bad_tool_arguments,2,5
run_00141,multi_hop,success,,,8
run_00142,fact_lookup,fail,context_ignored,4,5
run_00143,fact_lookup,fail,corrupted_state,3,5
run_00144,multi_hop,success,,,8
run_00145,fact_lookup,fail,wrong_tool_selected,1,5
run_00146,math_lookup,success,,,5
run_00147,fact_lookup,success,,,5
run_00148,math_lookup,success,,,5
run_00149,math_lookup,fail,corrupted_state,5,6
run_00150,fact_lookup,success,,,5
run_00151,math_lookup,fail,wrong_tool_selected,1,5
run_00152,math_lookup,success,,,5
run_00153,math_lookup,success,,,5
run_00154,fact_lookup,success,,,5
run_00155,multi_hop,success,,,8
run_00156,multi_hop,success,,,8
run_00157,multi_hop,success,,,8
run_00158,multi_hop,success,,,8
run_00159,math_lookup,success,,,7
run_00160,fact_lookup,success,,,5
run_00161,math_lookup,success,,,5
run_00162,fact_lookup,fail,retry_loop,1,9
run_00163,fact_lookup,success,,,7
run_00164,math_lookup,success,,,5
run_00165,fact_lookup,success,,,7
run_00166,math_lookup,success,,,7
run_00167,math_lookup,success,,,5
run_00168,multi_hop,success,,,8
run_00169,math_lookup,success,,,5
run_00170,fact_lookup,success,,,7
run_00171,fact_lookup,fail,tool_error_ignored,3,5
run_00172,fact_lookup,success,,,5
run_00173,fact_lookup,fail,corrupted_state,3,5
run_00174,multi_hop,fail,retry_loop,4,12
run_00175,fact_lookup,success,,,5
run_00176,math_lookup,success,,,5
run_00177,math_lookup,success,,,5
run_00178,fact_lookup,success,,,7
run_00179,math_lookup,success,,,5
run_00180,multi_hop,fail,retry_loop,1,9
run_00181,multi_hop,fail,wrong_tool_selected,1,5
run_00182,math_lookup,success,,,7
run_00183,fact_lookup,fail,tool_error_ignored,3,5
run_00184,math_lookup,success,,,5
run_00185,fact_lookup,success,,,5
run_00186,fact_lookup,fail,retry_loop,1,9
run_00187,multi_hop,success,,,8
run_00188,math_lookup,success,,,5
run_00189,fact_lookup,fail,tool_error_ignored,3,5
run_00190,fact_lookup,success,,,5
run_00191,multi_hop,success,,,8
run_00192,math_lookup,success,,,5
run_00193,fact_lookup,fail,wrong_tool_selected,1,5
run_00194,multi_hop,success,,,8
run_00195,multi_hop,success,,,10
run_00196,fact_lookup,success,,,5
run_00197,multi_hop,success,,,10
run_00198,math_lookup,fail,retry_loop,1,9
run_00199,multi_hop,fail,wrong_tool_selected,1,5
run_00200,math_lookup,success,,,5
run_00201,multi_hop,success,,,10
run_00202,fact_lookup,success,,,5
run_00203,fact_lookup,success,,,5
run_00204,math_lookup,fail,retry_loop,1,9
run_00205,multi_hop,success,,,10
run_00206,math_lookup,success,,,5
run_00207,multi_hop,success,,,8
run_00208,multi_hop,fail,context_ignored,7,8
run_00209,math_lookup,success,,,5
run_00210,fact_lookup,success,,,5
run_00211,multi_hop,fail,wrong_tool_selected,4,8
run_00212,fact_lookup,success,,,5
run_00213,multi_hop,success,,,8
run_00214,math_lookup,success,,,5
run_00215,math_lookup,fail,corrupted_state,3,5
run_00216,fact_lookup,success,,,5
run_00217,fact_lookup,fail,wrong_tool_selected,1,5
run_00218,fact_lookup,success,,,5
run_00219,fact_lookup,success,,,5
run_00220,fact_lookup,success,,,5
run_00221,fact_lookup,fail,corrupted_state,3,5
run_00222,fact_lookup,success,,,5
run_00223,fact_lookup,fail,wrong_tool_selected,1,5
run_00224,multi_hop,fail,bad_tool_arguments,2,5
run_00225,math_lookup,fail,tool_error_ignored,3,5
run_00226,math_lookup,success,,,5
run_00227,math_lookup,success,,,5
run_00228,math_lookup,success,,,5
run_00229,fact_lookup,success,,,5
run_00230,fact_lookup,success,,,7
run_00231,multi_hop,success,,,8
run_00232,fact_lookup,fail,context_ignored,4,5
run_00233,math_lookup,success,,,5
run_00234,fact_lookup,success,,,5
run_00235,math_lookup,success,,,5
run_00236,math_lookup,fail,bad_tool_arguments,2,5
run_00237,multi_hop,success,,,10
run_00238,fact_lookup,success,,,5
run_00239,fact_lookup,success,,,5
run_00240,math_lookup,fail,retry_loop,1,9
run_00241,math_lookup,fail,wrong_tool_selected,1,5
run_00242,multi_hop,fail,bad_tool_arguments,2,5
run_00243,fact_lookup,success,,,7
run_00244,math_lookup,fail,context_ignored,4,5
run_00245,multi_hop,success,,,10
run_00246,fact_lookup,success,,,5
run_00247,multi_hop,success,,,8
run_00248,multi_hop,success,,,8
run_00249,math_lookup,success,,,5
run_00250,fact_lookup,success,,,5
run_00251,multi_hop,fail,corrupted_state,8,9
run_00252,multi_hop,success,,,8
run_00253,multi_hop,fail,wrong_tool_selected,4,8
run_00254,fact_lookup,fail,bad_tool_arguments,2,5
run_00255,fact_lookup,fail,tool_error_ignored,3,5
run_00256,multi_hop,fail,context_ignored,7,8
run_00257,math_lookup,fail,corrupted_state,3,5
run_00258,fact_lookup,success,,,5
run_00259,fact_lookup,success,,,5
run_00260,fact_lookup,success,,,5
run_00261,math_lookup,success,,,5
run_00262,fact_lookup,success,,,5
run_00263,fact_lookup,success,,,5
run_00264,multi_hop,fail,retry_loop,4,12
run_00265,math_lookup,success,,,5
run_00266,multi_hop,fail,bad_tool_arguments,5,8
run_00267,fact_lookup,success,,,5
run_00268,multi_hop,success,,,10
run_00269,math_lookup,success,,,5
run_00270,math_lookup,fail,retry_loop,1,9
run_00271,multi_hop,success,,,8
run_00272,multi_hop,fail,bad_tool_arguments,5,8
run_00273,multi_hop,fail,tool_error_ignored,6,8
run_00274,math_lookup,success,,,7
run_00275,math_lookup,fail,corrupted_state,3,5
run_00276,math_lookup,success,,,5
run_00277,fact_lookup,success,,,5
run_00278,fact_lookup,fail,bad_tool_arguments,2,5
run_00279,math_lookup,success,,,5
run_00280,fact_lookup,fail,context_ignored,4,5
run_00281,multi_hop,success,,,8
run_00282,fact_lookup,success,,,5
run_00283,math_lookup,success,,,7
run_00284,multi_hop,fail,bad_tool_arguments,5,8
run_00285,multi_hop,success,,,8
run_00286,fact_lookup,success,,,7
run_00287,math_lookup,success,,,7
run_00288,fact_lookup,success,,,5
run_00289,multi_hop,fail,wrong_tool_selected,4,8
run_00290,fact_lookup,success,,,5
run_00291,multi_hop,success,,,8
run_00292,fact_lookup,success,,,7
run_00293,multi_hop,success,,,10
run_00294,fact_lookup,fail,retry_loop,1,9
run_00295,math_lookup,fail,wrong_tool_selected,1,5
run_00296,math_lookup,success,,,7
run_00297,multi_hop,success,,,8
run_00298,fact_lookup,success,,,5
run_00299,multi_hop,success,,,8
run_00300,math_lookup,fail,retry_loop,1,9
run_00301,fact_lookup,fail,wrong_tool_selected,1,5
run_00302,multi_hop,success,,,8
run_00303,multi_hop,success,,,8
run_00304,math_lookup,success,,,7
run_00305,math_lookup,success,,,7
run_00306,math_lookup,success,,,5
run_00307,fact_lookup,success,,,5
run_00308,math_lookup,success,,,5
run_00309,fact_lookup,success,,,5
run_00310,math_lookup,success,,,7
run_00311,fact_lookup,success,,,5
run_00312,fact_lookup,success,,,5
run_00313,fact_lookup,fail,wrong_tool_selected,1,5
run_00314,fact_lookup,success,,,5
run_00315,fact_lookup,success,,,7
run_00316,fact_lookup,success,,,5
run_00317,fact_lookup,success,,,5
run_00318,math_lookup,fail,retry_loop,1,9
run_00319,math_lookup,success,,,5
run_00320,math_lookup,fail,bad_tool_arguments,2,5
run_00321,math_lookup,success,,,5
run_00322,fact_lookup,success,,,5
run_00323,fact_lookup,success,,,5
run_00324,multi_hop,success,,,10
run_00325,math_lookup,fail,wrong_tool_selected,1,5
run_00326,fact_lookup,fail,bad_tool_arguments,2,5
run_00327,multi_hop,fail,tool_error_ignored,6,8
run_00328,fact_lookup,success,,,5
run_00329,math_lookup,success,,,5
run_00330,multi_hop,fail,retry_loop,1,9
run_00331,multi_hop,success,,,8
run_00332,fact_lookup,success,,,5
run_00333,fact_lookup,success,,,5
run_00334,fact_lookup,success,,,7
run_00335,fact_lookup,fail,corrupted_state,3,5
run_00336,multi_hop,fail,retry_loop,4,12
run_00337,fact_lookup,success,,,5
run_00338,multi_hop,fail,bad_tool_arguments,2,5
run_00339,fact_lookup,fail,tool_error_ignored,3,5
run_00340,math_lookup,fail,context_ignored,4,5
run_00341,fact_lookup,success,,,5
run_00342,math_lookup,success,,,7
run_00343,multi_hop,success,,,8
run_00344,fact_lookup,success,,,7
run_00345,math_lookup,success,,,5
run_00346,fact_lookup,success,,,7
run_00347,math_lookup,success,,,5
run_00348,math_lookup,success,,,5
run_00349,math_lookup,success,,,5
run_00350,multi_hop,success,,,10
run_00351,fact_lookup,success,,,7
run_00352,multi_hop,success,,,10
run_00353,multi_hop,success,,,8
run_00354,math_lookup,fail,retry_loop,1,9
run_00355,fact_lookup,success,,,5
run_00356,fact_lookup,fail,bad_tool_arguments,2,5
run_00357,multi_hop,success,,,8
run_00358,multi_hop,success,,,8
run_00359,fact_lookup,success,,,7
run_00360,math_lookup,success,,,5
run_00361,math_lookup,success,,,5
run_00362,fact_lookup,success,,,5
run_00363,math_lookup,success,,,5
run_00364,multi_hop,success,,,10
run_00365,multi_hop,success,,,8
run_00366,fact_lookup,success,,,5
run_00367,fact_lookup,fail,wrong_tool_selected,1,5
run_00368,fact_lookup,success,,,5
run_00369,math_lookup,fail,tool_error_ignored,3,5
run_00370,math_lookup,success,,,5
run_00371,multi_hop,success,,,8
run_00372,multi_hop,fail,retry_loop,4,12
run_00373,fact_lookup,success,,,5
run_00374,multi_hop,fail,bad_tool_arguments,5,8
run_00375,fact_lookup,success,,,7
run_00376,multi_hop,success,,,8
run_00377,fact_lookup,success,,,5
run_00378,multi_hop,success,,,8
run_00379,fact_lookup,fail,wrong_tool_selected,1,5
run_00380,math_lookup,success,,,7
run_00381,multi_hop,fail,tool_error_ignored,3,5
run_00382,multi_hop,fail,context_ignored,7,8
run_00383,multi_hop,fail,corrupted_state,3,8
run_00384,multi_hop,success,,,8
run_00385,math_lookup,success,,,7
run_00386,multi_hop,success,,,8
run_00387,math_lookup,success,,,7
run_00388,multi_hop,success,,,8
run_00389,fact_lookup,success,,,5
run_00390,math_lookup,fail,retry_loop,1,9
run_00391,math_lookup,fail,wrong_tool_selected,1,5
run_00392,fact_lookup,success,,,5
run_00393,math_lookup,fail,tool_error_ignored,3,5
run_00394,fact_lookup,success,,,5
run_00395,multi_hop,success,,,8
run_00396,math_lookup,success,,,5
run_00397,multi_hop,success,,,8
run_00398,fact_lookup,fail,bad_tool_arguments,2,5
run_00399,multi_hop,success,,,8
run_00400,multi_hop,success,,,10
run_00401,math_lookup,fail,corrupted_state,3,5
run_00402,multi_hop,success,,,8
run_00403,fact_lookup,success,,,5
run_00404,math_lookup,success,,,5
run_00405,fact_lookup,fail,tool_error_ignored,5,7
run_00406,multi_hop,success,,,8
run_00407,fact_lookup,success,,,5
run_00408,math_lookup,success,,,7
run_00409,multi_hop,success,,,10
run_00410,math_lookup,fail,bad_tool_arguments,2,5
run_00411,fact_lookup,success,,,5
run_00412,math_lookup,fail,context_ignored,4,5
run_00413,multi_hop,fail,corrupted_state,5,10
run_00414,fact_lookup,success,,,5
run_00415,math_lookup,success,,,5
run_00416,fact_lookup,fail,bad_tool_arguments,2,5
run_00417,fact_lookup,success,,,5
run_00418,fact_lookup,success,,,5
run_00419,math_lookup,success,,,7
run_00420,multi_hop,success,,,8
run_00421,fact_lookup,fail,wrong_tool_selected,1,5
run_00422,math_lookup,fail,bad_tool_arguments,2,5
run_00423,multi_hop,success,,,8
run_00424,fact_lookup,fail,context_ignored,4,5
run_00425,multi_hop,success,,,8
run_00426,math_lookup,fail,retry_loop,1,9
run_00427,fact_lookup,fail,wrong_tool_selected,1,5
run_00428,fact_lookup,fail,bad_tool_arguments,2,5
run_00429,multi_hop,success,,,10
run_00430,multi_hop,success,,,8
run_00431,multi_hop,success,,,8
run_00432,math_lookup,success,,,5
run_00433,fact_lookup,fail,wrong_tool_selected,1,5
run_00434,math_lookup,fail,bad_tool_arguments,2,5
run_00435,fact_lookup,success,,,5
run_00436,math_lookup,fail,context_ignored,4,5
run_00437,multi_hop,success,,,8
run_00438,fact_lookup,fail,retry_loop,1,9
run_00439,fact_lookup,success,,,5
run_00440,math_lookup,success,,,5
run_00441,fact_lookup,success,,,5
run_00442,fact_lookup,success,,,5
run_00443,fact_lookup,success,,,5
run_00444,math_lookup,success,,,5
run_00445,fact_lookup,success,,,5
run_00446,math_lookup,fail,bad_tool_arguments,2,5
run_00447,multi_hop,fail,tool_error_ignored,3,5
run_00448,math_lookup,fail,context_ignored,4,5
run_00449,multi_hop,success,,,8
run_00450,fact_lookup,success,,,7
run_00451,fact_lookup,success,,,7
run_00452,fact_lookup,success,,,5
run_00453,fact_lookup,success,,,5
run_00454,multi_hop,success,,,8
run_00455,fact_lookup,fail,corrupted_state,3,5
run_00456,math_lookup,success,,,5
run_00457,multi_hop,success,,,8
run_00458,fact_lookup,success,,,5
run_00459,math_lookup,success,,,5
run_00460,math_lookup,fail,context_ignored,4,5
run_00461,multi_hop,fail,corrupted_state,8,10
run_00462,multi_hop,fail,retry_loop,1,9
run_00463,multi_hop,success,,,10
run_00464,math_lookup,fail,bad_tool_arguments,2,5
run_00465,multi_hop,success,,,8
run_00466,multi_hop,fail,context_ignored,7,8
run_00467,multi_hop,success,,,8
run_00468,multi_hop,success,,,8
run_00469,math_lookup,fail,wrong_tool_selected,1,5
run_00470,multi_hop,success,,,8
run_00471,multi_hop,success,,,10
run_00472,multi_hop,fail,context_ignored,7,8
run_00473,multi_hop,success,,,8
run_00474,fact_lookup,fail,retry_loop,1,9
run_00475,fact_lookup,success,,,5
run_00476,math_lookup,success,,,5
run_00477,math_lookup,success,,,7
run_00478,math_lookup,fail,context_ignored,4,5
run_00479,math_lookup,success,,,5
run_00480,fact_lookup,fail,retry_loop,1,9
run_00481,math_lookup,success,,,7
run_00482,fact_lookup,success,,,5
run_00483,multi_hop,success,,,8
run_00484,math_lookup,success,,,7
run_00485,math_lookup,fail,corrupted_state,3,5
run_00486,multi_hop,success,,,8
run_00487,math_lookup,fail,wrong_tool_selected,1,5
run_00488,multi_hop,success,,,8
run_00489,multi_hop,fail,tool_error_ignored,3,5
run_00490,multi_hop,fail,context_ignored,7,8
run_00491,multi_hop,success,,,8
run_00492,math_lookup,fail,retry_loop,1,9
run_00493,fact_lookup,fail,wrong_tool_selected,1,5
run_00494,math_lookup,success,,,5
run_00495,math_lookup,fail,tool_error_ignored,3,5
run_00496,fact_lookup,success,,,5
run_00497,math_lookup,success,,,5
run_00498,fact_lookup,success,,,5
run_00499,fact_lookup,fail,wrong_tool_selected,1,5
run_00500,multi_hop,success,,,8
run_00501,fact_lookup,fail,tool_error_ignored,3,5
run_00502,fact_lookup,success,,,5
run_00503,multi_hop,fail,corrupted_state,3,8
run_00504,math_lookup,success,,,5
run_00505,fact_lookup,success,,,5
run_00506,multi_hop,fail,bad_tool_arguments,5,8
run_00507,math_lookup,fail,tool_error_ignored,3,5
run_00508,math_lookup,fail,context_ignored,4,5
run_00509,multi_hop,success,,,10
run_00510,multi_hop,fail,retry_loop,4,12
run_00511,multi_hop,success,,,8
run_00512,math_lookup,fail,bad_tool_arguments,2,5
run_00513,fact_lookup,fail,tool_error_ignored,5,6
run_00514,math_lookup,success,,,5
run_00515,math_lookup,success,,,5
run_00516,fact_lookup,success,,,5
run_00517,multi_hop,success,,,10
run_00518,multi_hop,success,,,8
run_00519,math_lookup,success,,,5
run_00520,fact_lookup,fail,context_ignored,4,5
run_00521,multi_hop,fail,corrupted_state,6,7
run_00522,fact_lookup,success,,,5
run_00523,multi_hop,success,,,8
run_00524,multi_hop,fail,bad_tool_arguments,2,5
run_00525,fact_lookup,success,,,5
run_00526,fact_lookup,success,,,5
run_00527,math_lookup,success,,,5
run_00528,fact_lookup,success,,,5
run_00529,fact_lookup,success,,,7
run_00530,math_lookup,success,,,5
run_00531,math_lookup,success,,,5
run_00532,math_lookup,fail,context_ignored,4,5
run_00533,multi_hop,success,,,8
run_00534,fact_lookup,success,,,5
run_00535,math_lookup,fail,wrong_tool_selected,1,5
run_00536,math_lookup,success,,,5
run_00537,fact_lookup,fail,tool_error_ignored,3,5
run_00538,fact_lookup,fail,context_ignored,4,5
run_00539,math_lookup,fail,corrupted_state,3,5
run_00540,fact_lookup,fail,retry_loop,1,9
run_00541,fact_lookup,fail,wrong_tool_selected,1,5
run_00542,fact_lookup,fail,bad_tool_arguments,2,5
run_00543,fact_lookup,fail,tool_error_ignored,5,7
run_00544,multi_hop,fail,context_ignored,7,8
run_00545,math_lookup,success,,,7
run_00546,math_lookup,success,,,7
run_00547,math_lookup,success,,,5
run_00548,multi_hop,fail,bad_tool_arguments,2,5
run_00549,math_lookup,success,,,7
run_00550,fact_lookup,success,,,5
run_00551,multi_hop,fail,corrupted_state,3,8
run_00552,fact_lookup,success,,,5
run_00553,fact_lookup,success,,,5
run_00554,multi_hop,success,,,8
run_00555,multi_hop,success,,,8
run_00556,multi_hop,fail,context_ignored,7,8
run_00557,multi_hop,success,,,10
run_00558,multi_hop,fail,retry_loop,4,12
run_00559,multi_hop,fail,wrong_tool_selected,1,5
run_00560,fact_lookup,fail,bad_tool_arguments,2,5
run_00561,math_lookup,success,,,5
run_00562,fact_lookup,fail,context_ignored,4,5
run_00563,math_lookup,fail,corrupted_state,3,5
run_00564,fact_lookup,success,,,5
run_00565,multi_hop,success,,,10
run_00566,fact_lookup,success,,,5
run_00567,multi_hop,fail,tool_error_ignored,3,5
run_00568,math_lookup,success,,,7
run_00569,fact_lookup,fail,corrupted_state,3,5
run_00570,fact_lookup,success,,,5
run_00571,multi_hop,success,,,8
run_00572,multi_hop,fail,bad_tool_arguments,2,5
run_00573,multi_hop,fail,tool_error_ignored,3,5
run_00574,math_lookup,success,,,5
run_00575,math_lookup,success,,,5
run_00576,multi_hop,fail,retry_loop,1,9
run_00577,multi_hop,success,,,8
run_00578,math_lookup,success,,,5
run_00579,math_lookup,success,,,5
run_00580,fact_lookup,fail,context_ignored,4,5
run_00581,multi_hop,fail,corrupted_state,3,8
run_00582,multi_hop,fail,retry_loop,4,12
run_00583,multi_hop,success,,,8
run_00584,math_lookup,success,,,5
run_00585,fact_lookup,fail,tool_error_ignored,3,5
run_00586,math_lookup,success,,,7
run_00587,multi_hop,fail,corrupted_state,3,8
run_00588,multi_hop,success,,,8
run_00589,multi_hop,success,,,8
run_00590,multi_hop,success,,,8
run_00591,math_lookup,success,,,5
run_00592,math_lookup,success,,,5
run_00593,math_lookup,fail,corrupted_state,3,5
run_00594,math_lookup,success,,,5
run_00595,multi_hop,fail,wrong_tool_selected,4,8
run_00596,math_lookup,fail,bad_tool_arguments,2,5
run_00597,fact_lookup,success,,,5
run_00598,fact_lookup,success,,,7
run_00599,math_lookup,success,,,5
run_00600,fact_lookup,fail,retry_loop,1,9
run_00601,math_lookup,success,,,5
run_00602,math_lookup,fail,bad_tool_arguments,2,5
run_00603,multi_hop,success,,,8
run_00604,fact_lookup,fail,context_ignored,4,5
run_00605,math_lookup,fail,corrupted_state,3,5
run_00606,math_lookup,fail,retry_loop,1,9
run_00607,math_lookup,success,,,7
run_00608,fact_lookup,fail,bad_tool_arguments,2,5
run_00609,math_lookup,success,,,5
run_00610,math_lookup,success,,,5
run_00611,math_lookup,fail,corrupted_state,3,5
run_00612,fact_lookup,success,,,5
run_00613,fact_lookup,fail,wrong_tool_selected,1,5
run_00614,math_lookup,fail,bad_tool_arguments,2,5
run_00615,fact_lookup,success,,,7
run_00616,math_lookup,success,,,5
run_00617,math_lookup,fail,corrupted_state,3,5
run_00618,multi_hop,success,,,8
run_00619,multi_hop,success,,,8
run_00620,math_lookup,success,,,5
run_00621,math_lookup,fail,tool_error_ignored,5,6
run_00622,fact_lookup,success,,,5
run_00623,math_lookup,success,,,5
run_00624,math_lookup,fail,retry_loop,1,9
run_00625,math_lookup,success,,,5
run_00626,fact_lookup,fail,bad_tool_arguments,2,5
run_00627,math_lookup,success,,,5
run_00628,multi_hop,success,,,8
run_00629,fact_lookup,fail,corrupted_state,3,5
run_00630,math_lookup,success,,,5
run_00631,math_lookup,fail,wrong_tool_selected,1,5
run_00632,fact_lookup,fail,bad_tool_arguments,2,5
run_00633,multi_hop,success,,,8
run_00634,multi_hop,success,,,8
run_00635,math_lookup,fail,corrupted_state,5,7
run_00636,fact_lookup,success,,,5
run_00637,multi_hop,success,,,8
run_00638,multi_hop,success,,,8
run_00639,fact_lookup,fail,tool_error_ignored,3,5
run_00640,math_lookup,success,,,5
run_00641,fact_lookup,fail,corrupted_state,3,5
run_00642,fact_lookup,success,,,5
run_00643,fact_lookup,success,,,7
run_00644,multi_hop,success,,,8
run_00645,fact_lookup,fail,tool_error_ignored,3,5
run_00646,fact_lookup,success,,,5
run_00647,math_lookup,fail,corrupted_state,3,5
run_00648,fact_lookup,success,,,5
run_00649,multi_hop,fail,wrong_tool_selected,4,8
run_00650,multi_hop,success,,,8
run_00651,math_lookup,fail,tool_error_ignored,3,5
run_00652,math_lookup,success,,,5
run_00653,fact_lookup,success,,,5
run_00654,math_lookup,fail,retry_loop,1,9
run_00655,fact_lookup,fail,wrong_tool_selected,1,5
run_00656,fact_lookup,success,,,5
run_00657,fact_lookup,success,,,5
run_00658,math_lookup,success,,,5
run_00659,fact_lookup,fail,corrupted_state,3,5
run_00660,fact_lookup,fail,retry_loop,1,9
run_00661,math_lookup,success,,,5
run_00662,fact_lookup,success,,,5
run_00663,multi_hop,success,,,8
run_00664,fact_lookup,fail,context_ignored,4,5
run_00665,multi_hop,success,,,8
run_00666,math_lookup,success,,,5
run_00667,math_lookup,fail,wrong_tool_selected,1,5
run_00668,math_lookup,success,,,5
run_00669,math_lookup,success,,,7
run_00670,fact_lookup,fail,context_ignored,4,5
run_00671,math_lookup,success,,,5
run_00672,multi_hop,success,,,8
run_00673,fact_lookup,success,,,7
run_00674,math_lookup,fail,bad_tool_arguments,2,5
run_00675,math_lookup,success,,,5
run_00676,multi_hop,fail,context_ignored,7,8
run_00677,multi_hop,success,,,10
run_00678,fact_lookup,success,,,5
run_00679,math_lookup,fail,wrong_tool_selected,1,5
run_00680,fact_lookup,success,,,5
run_00681,fact_lookup,fail,tool_error_ignored,3,5
run_00682,multi_hop,success,,,10
run_00683,multi_hop,success,,,10
run_00684,fact_lookup,success,,,5
run_00685,math_lookup,success,,,5
run_00686,math_lookup,fail,bad_tool_arguments,2,5
run_00687,multi_hop,success,,,8
run_00688,multi_hop,fail,context_ignored,7,8
run_00689,fact_lookup,success,,,5
run_00690,math_lookup,success,,,5
run_00691,fact_lookup,success,,,5
run_00692,math_lookup,fail,bad_tool_arguments,2,5
run_00693,multi_hop,success,,,10
run_00694,multi_hop,fail,context_ignored,7,8
run_00695,math_lookup,success,,,7
run_00696,math_lookup,success,,,7
run_00697,fact_lookup,success,,,5
run_00698,fact_lookup,success,,,5
run_00699,math_lookup,success,,,5
run_00700,multi_hop,fail,context_ignored,7,8
run_00701,math_lookup,success,,,7
run_00702,fact_lookup,success,,,7
run_00703,math_lookup,success,,,7
run_00704,multi_hop,fail,bad_tool_arguments,2,5
run_00705,math_lookup,fail,tool_error_ignored,3,5
run_00706,fact_lookup,success,,,5
run_00707,multi_hop,fail,corrupted_state,6,8
run_00708,fact_lookup,fail,retry_loop,1,9
run_00709,multi_hop,fail,wrong_tool_selected,4,8
run_00710,multi_hop,success,,,8
run_00711,fact_lookup,fail,tool_error_ignored,5,6
run_00712,multi_hop,success,,,8
run_00713,math_lookup,success,,,5
run_00714,fact_lookup,fail,retry_loop,1,9
run_00715,fact_lookup,success,,,7
run_00716,math_lookup,success,,,5
run_00717,multi_hop,fail,tool_error_ignored,6,8
run_00718,multi_hop,success,,,8
run_00719,math_lookup,success,,,7
run_00720,math_lookup,success,,,7
run_00721,fact_lookup,fail,wrong_tool_selected,1,5
run_00722,fact_lookup,fail,bad_tool_arguments,2,5
run_00723,multi_hop,fail,tool_error_ignored,3,5
run_00724,math_lookup,fail,context_ignored,4,5
run_00725,multi_hop,fail,corrupted_state,3,8
run_00726,math_lookup,success,,,5
run_00727,fact_lookup,success,,,5
run_00728,fact_lookup,success,,,5
run_00729,multi_hop,success,,,8
run_00730,multi_hop,success,,,8
run_00731,fact_lookup,success,,,5
run_00732,math_lookup,fail,retry_loop,1,9
run_00733,math_lookup,success,,,5
run_00734,math_lookup,success,,,5
run_00735,multi_hop,success,,,8
run_00736,math_lookup,success,,,5
run_00737,math_lookup,success,,,5
run_00738,multi_hop,fail,retry_loop,1,9
run_00739,multi_hop,success,,,10
run_00740,fact_lookup,fail,bad_tool_arguments,2,5
run_00741,multi_hop,fail,tool_error_ignored,6,7
run_00742,math_lookup,fail,context_ignored,4,5
run_00743,math_lookup,fail,corrupted_state,3,5
run_00744,fact_lookup,success,,,7
run_00745,multi_hop,success,,,8
run_00746,math_lookup,success,,,5
run_00747,fact_lookup,success,,,5
run_00748,math_lookup,success,,,7
run_00749,math_lookup,fail,corrupted_state,3,5
run_00750,multi_hop,success,,,10
run_00751,math_lookup,fail,wrong_tool_selected,1,5
run_00752,multi_hop,success,,,10
run_00753,fact_lookup,fail,tool_error_ignored,3,5
run_00754,fact_lookup,success,,,5
run_00755,math_lookup,fail,corrupted_state,3,5
run_00756,math_lookup,success,,,5
run_00757,math_lookup,fail,wrong_tool_selected,1,5
run_00758,math_lookup,success,,,5
run_00759,math_lookup,success,,,7
run_00760,fact_lookup,success,,,5
run_00761,math_lookup,success,,,5
run_00762,math_lookup,fail,retry_loop,1,9
run_00763,math_lookup,success,,,5
run_00764,fact_lookup,success,,,5
run_00765,fact_lookup,success,,,7
run_00766,math_lookup,fail,context_ignored,4,5
run_00767,fact_lookup,fail,corrupted_state,3,5
run_00768,multi_hop,success,,,8
run_00769,multi_hop,fail,wrong_tool_selected,1,5
run_00770,multi_hop,success,,,8
run_00771,fact_lookup,fail,tool_error_ignored,3,5
run_00772,math_lookup,success,,,5
run_00773,multi_hop,success,,,8
run_00774,math_lookup,fail,retry_loop,1,9
run_00775,math_lookup,fail,wrong_tool_selected,1,5
run_00776,math_lookup,fail,bad_tool_arguments,2,5
run_00777,multi_hop,success,,,8
run_00778,multi_hop,success,,,10
run_00779,multi_hop,success,,,8
run_00780,fact_lookup,fail,retry_loop,1,9
run_00781,math_lookup,fail,wrong_tool_selected,1,5
run_00782,multi_hop,success,,,8
run_00783,fact_lookup,fail,tool_error_ignored,3,5
run_00784,multi_hop,fail,context_ignored,7,8
run_00785,fact_lookup,fail,corrupted_state,3,5
run_00786,math_lookup,fail,retry_loop,1,9
run_00787,math_lookup,success,,,5
run_00788,math_lookup,success,,,5
run_00789,multi_hop,success,,,8
run_00790,fact_lookup,success,,,7
run_00791,multi_hop,success,,,8
run_00792,multi_hop,fail,retry_loop,1,9
run_00793,multi_hop,fail,wrong_tool_selected,1,5
run_00794,multi_hop,fail,bad_tool_arguments,5,8
run_00795,math_lookup,success,,,7
run_00796,multi_hop,fail,context_ignored,7,8
run_00797,multi_hop,success,,,8
run_00798,multi_hop,success,,,8
run_00799,multi_hop,success,,,8
run_00800,fact_lookup,fail,bad_tool_arguments,2,5
run_00801,fact_lookup,fail,tool_error_ignored,5,6
run_00802,multi_hop,success,,,10
run_00803,math_lookup,fail,corrupted_state,3,5
run_00804,multi_hop,success,,,8
run_00805,multi_hop,success,,,8
run_00806,fact_lookup,success,,,5
run_00807,math_lookup,fail,tool_error_ignored,3,5
run_00808,fact_lookup,success,,,7
run_00809,math_lookup,success,,,7
run_00810,multi_hop,success,,,10
run_00811,math_lookup,success,,,5
run_00812,multi_hop,success,,,8
run_00813,fact_lookup,fail,tool_error_ignored,3,5
run_00814,fact_lookup,fail,context_ignored,4,5
run_00815,multi_hop,fail,corrupted_state,3,8
run_00816,fact_lookup,success,,,7
run_00817,math_lookup,success,,,7
run_00818,fact_lookup,fail,bad_tool_arguments,2,5
run_00819,math_lookup,fail,tool_error_ignored,3,5
run_00820,fact_lookup,success,,,5
run_00821,multi_hop,fail,corrupted_state,3,8
run_00822,fact_lookup,fail,retry_loop,1,9
run_00823,math_lookup,success,,,5
run_00824,fact_lookup,success,,,5
run_00825,math_lookup,success,,,5
run_00826,fact_lookup,success,,,5
run_00827,multi_hop,fail,corrupted_state,6,8
run_00828,math_lookup,success,,,5
run_00829,multi_hop,success,,,8
run_00830,fact_lookup,fail,bad_tool_arguments,2,5
run_00831,multi_hop,success,,,8
run_00832,multi_hop,success,,,10
run_00833,multi_hop,fail,corrupted_state,3,8
run_00834,math_lookup,fail,retry_loop,1,9
run_00835,math_lookup,success,,,5
run_00836,math_lookup,success,,,7
run_00837,fact_lookup,success,,,5
run_00838,math_lookup,fail,context_ignored,4,5
run_00839,math_lookup,success,,,5
run_00840,math_lookup,success,,,5
run_00841,math_lookup,success,,,5
run_00842,math_lookup,success,,,5
run_00843,multi_hop,success,,,8
run_00844,math_lookup,fail,context_ignored,4,5
run_00845,math_lookup,success,,,5
run_00846,fact_lookup,fail,retry_loop,1,9
run_00847,multi_hop,fail,wrong_tool_selected,1,5
run_00848,multi_hop,success,,,10
run_00849,math_lookup,fail,tool_error_ignored,3,5
run_00850,fact_lookup,success,,,5
run_00851,multi_hop,fail,corrupted_state,6,7
run_00852,math_lookup,success,,,5
run_00853,math_lookup,success,,,7
run_00854,math_lookup,success,,,5
run_00855,fact_lookup,success,,,7
run_00856,math_lookup,success,,,5
run_00857,multi_hop,success,,,8
run_00858,multi_hop,success,,,8
run_00859,multi_hop,fail,wrong_tool_selected,1,5
run_00860,math_lookup,success,,,5
run_00861,fact_lookup,success,,,5
run_00862,math_lookup,fail,context_ignored,4,5
run_00863,fact_lookup,success,,,7
run_00864,math_lookup,success,,,5
run_00865,multi_hop,success,,,10
run_00866,multi_hop,fail,bad_tool_arguments,5,8
run_00867,multi_hop,fail,tool_error_ignored,3,5
run_00868,fact_lookup,fail,context_ignored,4,5
run_00869,math_lookup,fail,corrupted_state,3,5
run_00870,multi_hop,success,,,8
run_00871,math_lookup,success,,,5
run_00872,multi_hop,success,,,8
run_00873,math_lookup,success,,,5
run_00874,math_lookup,success,,,5
run_00875,math_lookup,success,,,5
run_00876,multi_hop,success,,,8
run_00877,math_lookup,success,,,5
run_00878,fact_lookup,success,,,7
run_00879,fact_lookup,success,,,5
run_00880,math_lookup,success,,,5
run_00881,multi_hop,fail,corrupted_state,3,8
run_00882,multi_hop,fail,retry_loop,4,12
run_00883,math_lookup,fail,wrong_tool_selected,1,5
run_00884,multi_hop,fail,bad_tool_arguments,2,5
run_00885,math_lookup,fail,tool_error_ignored,3,5
run_00886,math_lookup,success,,,5
run_00887,fact_lookup,success,,,5
run_00888,multi_hop,fail,retry_loop,1,9
run_00889,math_lookup,success,,,5
run_00890,multi_hop,success,,,10
run_00891,fact_lookup,success,,,5
run_00892,multi_hop,success,,,10
run_00893,math_lookup,fail,corrupted_state,3,5
run_00894,fact_lookup,success,,,7
run_00895,fact_lookup,success,,,5
run_00896,multi_hop,success,,,8
run_00897,fact_lookup,fail,tool_error_ignored,3,5
run_00898,fact_lookup,success,,,5
run_00899,multi_hop,success,,,8
run_00900,fact_lookup,success,,,7
run_00901,multi_hop,success,,,10
run_00902,fact_lookup,fail,bad_tool_arguments,2,5
run_00903,multi_hop,success,,,8
run_00904,fact_lookup,fail,context_ignored,4,5
run_00905,math_lookup,success,,,5
run_00906,fact_lookup,success,,,7
run_00907,fact_lookup,success,,,7
run_00908,math_lookup,fail,bad_tool_arguments,2,5
run_00909,multi_hop,success,,,8
run_00910,fact_lookup,fail,context_ignored,4,5
run_00911,math_lookup,success,,,5
run_00912,math_lookup,fail,retry_loop,1,9
run_00913,math_lookup,success,,,5
run_00914,math_lookup,fail,bad_tool_arguments,2,5
run_00915,fact_lookup,success,,,5
run_00916,math_lookup,success,,,5
run_00917,multi_hop,success,,,8
run_00918,math_lookup,fail,retry_loop,1,9
run_00919,math_lookup,success,,,7
run_00920,math_lookup,success,,,5
run_00921,fact_lookup,success,,,5
run_00922,math_lookup,success,,,5
run_00923,math_lookup,fail,corrupted_state,3,5
run_00924,math_lookup,success,,,5
run_00925,fact_lookup,success,,,5
run_00926,math_lookup,success,,,5
run_00927,multi_hop,success,,,8
run_00928,math_lookup,success,,,5
run_00929,multi_hop,success,,,8
run_00930,fact_lookup,fail,retry_loop,1,9
run_00931,math_lookup,success,,,5
run_00932,multi_hop,success,,,8
run_00933,fact_lookup,success,,,7
run_00934,multi_hop,success,,,8
run_00935,fact_lookup,success,,,5
run_00936,math_lookup,success,,,5
run_00937,math_lookup,success,,,5
run_00938,multi_hop,fail,bad_tool_arguments,2,5
run_00939,multi_hop,fail,tool_error_ignored,6,8
run_00940,fact_lookup,success,,,5
run_00941,multi_hop,success,,,8
run_00942,multi_hop,success,,,10
run_00943,math_lookup,success,,,5
run_00944,fact_lookup,success,,,7
run_00945,multi_hop,success,,,8
run_00946,fact_lookup,fail,context_ignored,4,5
run_00947,fact_lookup,success,,,5
run_00948,math_lookup,success,,,5
run_00949,multi_hop,success,,,8
run_00950,multi_hop,success,,,8
run_00951,multi_hop,success,,,8
run_00952,multi_hop,success,,,8
run_00953,math_lookup,fail,corrupted_state,3,5
run_00954,multi_hop,success,,,8
run_00955,math_lookup,success,,,5
run_00956,fact_lookup,fail,bad_tool_arguments,2,5
run_00957,multi_hop,success,,,8
run_00958,math_lookup,success,,,5
run_00959,multi_hop,success,,,8
run_00960,multi_hop,fail,retry_loop,4,12
run_00961,fact_lookup,fail,wrong_tool_selected,1,5
run_00962,math_lookup,fail,bad_tool_arguments,2,5
run_00963,math_lookup,success,,,7
run_00964,multi_hop,success,,,8
run_00965,fact_lookup,fail,corrupted_state,3,5
run_00966,multi_hop,success,,,8
run_00967,math_lookup,success,,,5
run_00968,math_lookup,success,,,5
run_00969,math_lookup,success,,,5
run_00970,math_lookup,fail,context_ignored,4,5
run_00971,multi_hop,success,,,8
run_00972,fact_lookup,fail,retry_loop,1,9
run_00973,multi_hop,fail,wrong_tool_selected,4,8
run_00974,math_lookup,success,,,7
run_00975,multi_hop,success,,,8
run_00976,fact_lookup,fail,context_ignored,4,5
run_00977,fact_lookup,fail,corrupted_state,3,5
run_00978,fact_lookup,success,,,5
run_00979,math_lookup,success,,,5
run_00980,multi_hop,fail,bad_tool_arguments,5,8
run_00981,math_lookup,success,,,5
run_00982,fact_lookup,success,,,5
run_00983,multi_hop,success,,,8
run_00984,fact_lookup,fail,retry_loop,1,9
run_00985,math_lookup,success,,,7
run_00986,fact_lookup,success,,,5
run_00987,math_lookup,success,,,5
run_00988,math_lookup,success,,,5
run_00989,fact_lookup,success,,,7
run_00990,math_lookup,success,,,5
run_00991,math_lookup,success,,,5
run_00992,fact_lookup,success,,,5
run_00993,math_lookup,success,,,7
run_00994,multi_hop,success,,,8
run_00995,multi_hop,success,,,8
run_00996,math_lookup,success,,,7
run_00997,fact_lookup,success,,,5
run_00998,multi_hop,success,,,10
run_00999,math_lookup,success,,,5
run_01000,multi_hop,fail,context_ignored,7,8
run_01001,math_lookup,success,,,5
run_01002,math_lookup,success,,,7
run_01003,math_lookup,success,,,5
run_01004,fact_lookup,fail,bad_tool_arguments,2,5
run_01005,multi_hop,success,,,8
run_01006,fact_lookup,success,,,5
run_01007,multi_hop,success,,,10
run_01008,fact_lookup,success,,,5
run_01009,fact_lookup,fail,wrong_tool_selected,1,5
run_01010,multi_hop,success,,,8
run_01011,fact_lookup,success,,,5
run_01012,multi_hop,success,,,10
run_01013,multi_hop,fail,corrupted_state,6,7
run_01014,multi_hop,success,,,8
run_01015,math_lookup,success,,,5
run_01016,math_lookup,success,,,7
run_01017,multi_hop,success,,,10
run_01018,fact_lookup,fail,context_ignored,4,5
run_01019,multi_hop,success,,,8
run_01020,math_lookup,success,,,5
run_01021,fact_lookup,fail,wrong_tool_selected,1,5
run_01022,fact_lookup,success,,,7
run_01023,multi_hop,fail,tool_error_ignored,6,8
run_01024,fact_lookup,fail,context_ignored,4,5
run_01025,fact_lookup,success,,,5
run_01026,multi_hop,fail,retry_loop,4,12
run_01027,fact_lookup,fail,wrong_tool_selected,1,5
run_01028,fact_lookup,success,,,7
run_01029,fact_lookup,success,,,7
run_01030,multi_hop,success,,,10
run_01031,multi_hop,success,,,8
run_01032,fact_lookup,fail,retry_loop,1,9
run_01033,fact_lookup,success,,,5
run_01034,math_lookup,success,,,5
run_01035,math_lookup,success,,,5
run_01036,fact_lookup,fail,context_ignored,4,5
run_01037,multi_hop,success,,,8
run_01038,multi_hop,fail,retry_loop,1,9
run_01039,multi_hop,fail,wrong_tool_selected,1,5
run_01040,multi_hop,fail,bad_tool_arguments,5,8
run_01041,multi_hop,fail,tool_error_ignored,5,7
run_01042,math_lookup,success,,,5
run_01043,fact_lookup,fail,corrupted_state,3,5
run_01044,multi_hop,success,,,8
run_01045,math_lookup,success,,,5
run_01046,math_lookup,fail,bad_tool_arguments,2,5
run_01047,fact_lookup,success,,,5
run_01048,math_lookup,success,,,5
run_01049,fact_lookup,fail,corrupted_state,3,5
run_01050,math_lookup,success,,,5
run_01051,multi_hop,success,,,8
run_01052,fact_lookup,success,,,5
run_01053,math_lookup,fail,tool_error_ignored,3,5
run_01054,fact_lookup,success,,,5
run_01055,fact_lookup,success,,,5
run_01056,fact_lookup,fail,retry_loop,1,9
run_01057,fact_lookup,success,,,5
run_01058,math_lookup,success,,,5
run_01059,fact_lookup,success,,,5
run_01060,multi_hop,fail,context_ignored,7,8
run_01061,math_lookup,fail,corrupted_state,3,5
run_01062,math_lookup,success,,,7
run_01063,fact_lookup,fail,wrong_tool_selected,1,5
run_01064,math_lookup,success,,,5
run_01065,math_lookup,success,,,7
run_01066,fact_lookup,success,,,7
run_01067,math_lookup,fail,corrupted_state,5,6
run_01068,multi_hop,success,,,8
run_01069,fact_lookup,fail,wrong_tool_selected,1,5
run_01070,fact_lookup,success,,,5
run_01071,multi_hop,success,,,8
run_01072,multi_hop,fail,context_ignored,7,8
run_01073,fact_lookup,success,,,5
run_01074,math_lookup,fail,retry_loop,1,9
run_01075,math_lookup,success,,,7
run_01076,math_lookup,success,,,5
run_01077,multi_hop,success,,,8
run_01078,math_lookup,success,,,7
run_01079,math_lookup,success,,,7
run_01080,fact_lookup,success,,,5
run_01081,math_lookup,fail,wrong_tool_selected,1,5
run_01082,fact_lookup,success,,,5
run_01083,fact_lookup,success,,,5
run_01084,math_lookup,success,,,5
run_01085,multi_hop,success,,,10
run_01086,multi_hop,success,,,8
run_01087,multi_hop,success,,,8
run_01088,multi_hop,success,,,8
run_01089,fact_lookup,fail,tool_error_ignored,3,5
run_01090,math_lookup,success,,,5
run_01091,multi_hop,success,,,8
run_01092,fact_lookup,success,,,5
run_01093,multi_hop,success,,,10
run_01094,math_lookup,success,,,5
run_01095,fact_lookup,fail,tool_error_ignored,3,5
run_01096,fact_lookup,success,,,5
run_01097,fact_lookup,success,,,7
run_01098,math_lookup,fail,retry_loop,1,9
run_01099,fact_lookup,success,,,5
run_01100,math_lookup,fail,bad_tool_arguments,2,5
run_01101,math_lookup,success,,,5
run_01102,multi_hop,success,,,8
run_01103,multi_hop,fail,corrupted_state,6,8
run_01104,math_lookup,fail,retry_loop,1,9
run_01105,multi_hop,fail,wrong_tool_selected,4,8
run_01106,fact_lookup,success,,,5
run_01107,fact_lookup,success,,,7
run_01108,multi_hop,success,,,10
run_01109,math_lookup,success,,,5
run_01110,fact_lookup,success,,,5
run_01111,multi_hop,success,,,10
run_01112,math_lookup,success,,,5
run_01113,fact_lookup,success,,,5
run_01114,multi_hop,fail,context_ignored,7,8
run_01115,math_lookup,success,,,7
run_01116,math_lookup,success,,,5
run_01117,multi_hop,success,,,8
run_01118,multi_hop,success,,,8
run_01119,math_lookup,success,,,5
run_01120,math_lookup,success,,,5
run_01121,fact_lookup,fail,corrupted_state,3,5
run_01122,multi_hop,success,,,8
run_01123,multi_hop,fail,wrong_tool_selected,1,5
run_01124,fact_lookup,fail,bad_tool_arguments,2,5
run_01125,multi_hop,fail,tool_error_ignored,6,8
run_01126,math_lookup,success,,,5
run_01127,fact_lookup,fail,corrupted_state,3,5
run_01128,math_lookup,success,,,5
run_01129,fact_lookup,fail,wrong_tool_selected,1,5
run_01130,fact_lookup,success,,,5
run_01131,fact_lookup,success,,,5
run_01132,fact_lookup,fail,context_ignored,4,5
run_01133,math_lookup,success,,,5
run_01134,fact_lookup,fail,retry_loop,1,9
run_01135,fact_lookup,success,,,5
run_01136,multi_hop,success,,,8
run_01137,fact_lookup,fail,tool_error_ignored,3,5
run_01138,math_lookup,fail,context_ignored,4,5
run_01139,multi_hop,fail,corrupted_state,6,8
run_01140,math_lookup,success,,,5
run_01141,math_lookup,success,,,5
run_01142,multi_hop,fail,bad_tool_arguments,5,8
run_01143,math_lookup,success,,,5
run_01144,multi_hop,fail,context_ignored,7,8
run_01145,math_lookup,fail,corrupted_state,3,5
run_01146,multi_hop,success,,,8
run_01147,math_lookup,fail,wrong_tool_selected,1,5
run_01148,multi_hop,fail,bad_tool_arguments,2,5
run_01149,math_lookup,success,,,5
run_01150,multi_hop,success,,,8
run_01151,math_lookup,success,,,7
run_01152,multi_hop,fail,retry_loop,4,12
run_01153,fact_lookup,success,,,5
run_01154,multi_hop,success,,,8
run_01155,math_lookup,fail,tool_error_ignored,3,5
run_01156,math_lookup,fail,context_ignored,4,5
run_01157,fact_lookup,success,,,5
run_01158,fact_lookup,success,,,5
run_01159,math_lookup,success,,,5
run_01160,math_lookup,success,,,7
run_01161,math_lookup,success,,,5
run_01162,multi_hop,success,,,8
run_01163,fact_lookup,success,,,7
run_01164,math_lookup,fail,retry_loop,1,9
run_01165,math_lookup,fail,wrong_tool_selected,1,5
run_01166,math_lookup,fail,bad_tool_arguments,2,5
run_01167,fact_lookup,success,,,5
run_01168,math_lookup,success,,,5
run_01169,math_lookup,fail,corrupted_state,3,5
run_01170,multi_hop,fail,retry_loop,4,12
run_01171,multi_hop,fail,wrong_tool_selected,4,8
run_01172,math_lookup,success,,,5
run_01173,math_lookup,success,,,5
run_01174,fact_lookup,success,,,7
run_01175,multi_hop,success,,,8
run_01176,multi_hop,success,,,8
run_01177,multi_hop,success,,,8
run_01178,math_lookup,fail,bad_tool_arguments,2,5
run_01179,math_lookup,fail,tool_error_ignored,3,5
run_01180,multi_hop,fail,context_ignored,7,8
run_01181,fact_lookup,success,,,7
run_01182,math_lookup,success,,,5
run_01183,math_lookup,fail,wrong_tool_selected,1,5
run_01184,math_lookup,success,,,5
run_01185,fact_lookup,fail,tool_error_ignored,3,5
run_01186,math_lookup,success,,,7
run_01187,multi_hop,fail,corrupted_state,5,10
run_01188,math_lookup,success,,,5
run_01189,multi_hop,success,,,8
run_01190,multi_hop,fail,bad_tool_arguments,2,5
run_01191,math_lookup,success,,,5
run_01192,fact_lookup,fail,context_ignored,4,5
run_01193,multi_hop,success,,,8
run_01194,multi_hop,success,,,8
run_01195,math_lookup,success,,,5
run_01196,multi_hop,success,,,8
run_01197,math_lookup,fail,tool_error_ignored,3,5
run_01198,fact_lookup,fail,context_ignored,4,5
run_01199,multi_hop,success,,,8
run_01200,fact_lookup,success,,,5
run_01201,fact_lookup,success,,,7
run_01202,math_lookup,fail,bad_tool_arguments,2,5
run_01203,math_lookup,success,,,5
run_01204,fact_lookup,success,,,7
run_01205,math_lookup,fail,corrupted_state,3,5
run_01206,fact_lookup,fail,retry_loop,1,9
run_01207,math_lookup,success,,,5
run_01208,math_lookup,fail,bad_tool_arguments,2,5
run_01209,multi_hop,success,,,8
run_01210,fact_lookup,success,,,5
run_01211,fact_lookup,success,,,7
run_01212,math_lookup,success,,,5
run_01213,math_lookup,success,,,5
run_01214,fact_lookup,success,,,5
run_01215,math_lookup,fail,tool_error_ignored,5,6
run_01216,fact_lookup,fail,context_ignored,4,5
run_01217,fact_lookup,success,,,5
run_01218,math_lookup,success,,,5
run_01219,multi_hop,fail,wrong_tool_selected,4,8
run_01220,math_lookup,success,,,5
run_01221,math_lookup,fail,tool_error_ignored,5,7
run_01222,math_lookup,fail,context_ignored,4,5
run_01223,fact_lookup,fail,corrupted_state,3,5
run_01224,multi_hop,success,,,8
run_01225,multi_hop,fail,wrong_tool_selected,1,5
run_01226,fact_lookup,success,,,5
run_01227,fact_lookup,success,,,5
run_01228,fact_lookup,success,,,5
run_01229,math_lookup,fail,corrupted_state,3,5
run_01230,math_lookup,fail,retry_loop,1,9
run_01231,multi_hop,success,,,10
run_01232,math_lookup,success,,,5
run_01233,math_lookup,success,,,5
run_01234,math_lookup,fail,context_ignored,4,5
run_01235,math_lookup,success,,,5
run_01236,multi_hop,success,,,8
run_01237,math_lookup,success,,,5
run_01238,multi_hop,success,,,8
run_01239,math_lookup,fail,tool_error_ignored,3,5
run_01240,math_lookup,fail,context_ignored,4,5
run_01241,fact_lookup,success,,,7
run_01242,math_lookup,success,,,5
run_01243,fact_lookup,success,,,7
run_01244,math_lookup,success,,,5
run_01245,fact_lookup,success,,,5
run_01246,math_lookup,success,,,5
run_01247,multi_hop,success,,,8
run_01248,multi_hop,fail,retry_loop,4,12
run_01249,math_lookup,success,,,5
run_01250,multi_hop,success,,,10
run_01251,math_lookup,fail,tool_error_ignored,3,5
run_01252,fact_lookup,fail,context_ignored,4,5
run_01253,fact_lookup,success,,,5
run_01254,math_lookup,success,,,5
run_01255,math_lookup,success,,,5
run_01256,multi_hop,success,,,10
run_01257,math_lookup,fail,tool_error_ignored,3,5
run_01258,math_lookup,success,,,5
run_01259,math_lookup,success,,,5
run_01260,fact_lookup,success,,,5
run_01261,multi_hop,success,,,8
run_01262,multi_hop,success,,,8
run_01263,fact_lookup,success,,,5
run_01264,math_lookup,success,,,5
run_01265,fact_lookup,success,,,5
run_01266,multi_hop,fail,retry_loop,1,9
run_01267,multi_hop,fail,wrong_tool_selected,4,8
run_01268,multi_hop,success,,,10
run_01269,math_lookup,fail,tool_error_ignored,3,5
run_01270,fact_lookup,success,,,5
run_01271,math_lookup,fail,corrupted_state,3,5
run_01272,fact_lookup,success,,,7
run_01273,math_lookup,fail,wrong_tool_selected,1,5
run_01274,fact_lookup,success,,,5
run_01275,math_lookup,success,,,7
run_01276,fact_lookup,fail,context_ignored,4,5
run_01277,math_lookup,fail,corrupted_state,3,5
run_01278,multi_hop,fail,retry_loop,1,9
run_01279,fact_lookup,success,,,5
run_01280,fact_lookup,fail,bad_tool_arguments,2,5
run_01281,fact_lookup,fail,tool_error_ignored,3,5
run_01282,math_lookup,fail,context_ignored,4,5
run_01283,math_lookup,fail,corrupted_state,3,5
run_01284,multi_hop,success,,,8
run_01285,math_lookup,success,,,7
run_01286,math_lookup,success,,,5
run_01287,math_lookup,success,,,5
run_01288,multi_hop,fail,context_ignored,7,8
run_01289,fact_lookup,fail,corrupted_state,3,5
run_01290,fact_lookup,fail,retry_loop,1,9
run_01291,fact_lookup,success,,,5
run_01292,math_lookup,fail,bad_tool_arguments,2,5
run_01293,fact_lookup,success,,,5
run_01294,multi_hop,fail,context_ignored,7,8
run_01295,multi_hop,success,,,10
run_01296,multi_hop,success,,,8
run_01297,fact_lookup,success,,,7
run_01298,multi_hop,success,,,10
run_01299,multi_hop,fail,tool_error_ignored,3,5
run_01300,fact_lookup,fail,context_ignored,4,5
run_01301,multi_hop,fail,corrupted_state,6,7
run_01302,multi_hop,success,,,8
run_01303,multi_hop,success,,,8
run_01304,multi_hop,success,,,8
run_01305,math_lookup,success,,,5
run_01306,fact_lookup,fail,context_ignored,4,5
run_01307,fact_lookup,success,,,7
run_01308,multi_hop,fail,retry_loop,4,12
run_01309,multi_hop,success,,,8
run_01310,multi_hop,success,,,8
run_01311,math_lookup,fail,tool_error_ignored,5,6
run_01312,fact_lookup,fail,context_ignored,4,5
run_01313,multi_hop,success,,,8
run_01314,multi_hop,success,,,10
run_01315,fact_lookup,success,,,5
run_01316,math_lookup,success,,,5
run_01317,fact_lookup,fail,tool_error_ignored,5,6
run_01318,math_lookup,fail,context_ignored,4,5
run_01319,multi_hop,fail,corrupted_state,6,8
run_01320,multi_hop,fail,retry_loop,4,12
run_01321,fact_lookup,success,,,7
run_01322,math_lookup,success,,,5
run_01323,math_lookup,success,,,5
run_01324,multi_hop,fail,context_ignored,7,8
run_01325,multi_hop,success,,,10
run_01326,multi_hop,success,,,8
run_01327,math_lookup,fail,wrong_tool_selected,1,5
run_01328,fact_lookup,fail,bad_tool_arguments,2,5
run_01329,fact_lookup,success,,,5
run_01330,fact_lookup,fail,context_ignored,4,5
run_01331,multi_hop,success,,,8
run_01332,fact_lookup,success,,,5
run_01333,fact_lookup,success,,,5
run_01334,fact_lookup,fail,bad_tool_arguments,2,5
run_01335,math_lookup,success,,,7
run_01336,fact_lookup,success,,,5
run_01337,math_lookup,fail,corrupted_state,3,5
run_01338,math_lookup,success,,,5
run_01339,fact_lookup,success,,,7
run_01340,math_lookup,success,,,5
run_01341,math_lookup,fail,tool_error_ignored,3,5
run_01342,math_lookup,fail,context_ignored,4,5
run_01343,fact_lookup,success,,,5
run_01344,multi_hop,success,,,8
run_01345,fact_lookup,fail,wrong_tool_selected,1,5
run_01346,fact_lookup,success,,,5
run_01347,math_lookup,success,,,5
run_01348,fact_lookup,success,,,5
run_01349,fact_lookup,fail,corrupted_state,3,5
run_01350,fact_lookup,success,,,7
run_01351,fact_lookup,success,,,5
run_01352,math_lookup,success,,,5
run_01353,fact_lookup,success,,,5
run_01354,math_lookup,fail,context_ignored,4,5
run_01355,fact_lookup,success,,,5
run_01356,fact_lookup,success,,,5
run_01357,fact_lookup,success,,,5
run_01358,math_lookup,success,,,7
run_01359,multi_hop,success,,,8
run_01360,math_lookup,success,,,5
run_01361,math_lookup,success,,,5
run_01362,multi_hop,success,,,10
run_01363,multi_hop,fail,wrong_tool_selected,4,8
run_01364,multi_hop,fail,bad_tool_arguments,5,8
run_01365,fact_lookup,success,,,5
run_01366,math_lookup,fail,context_ignored,4,5
run_01367,fact_lookup,success,,,5
run_01368,fact_lookup,fail,retry_loop,1,9
run_01369,math_lookup,fail,wrong_tool_selected,1,5
run_01370,fact_lookup,success,,,5
run_01371,math_lookup,success,,,5
run_01372,multi_hop,success,,,10
run_01373,math_lookup,success,,,5
run_01374,math_lookup,success,,,5
run_01375,fact_lookup,fail,wrong_tool_selected,1,5
run_01376,fact_lookup,fail,bad_tool_arguments,2,5
run_01377,math_lookup,fail,tool_error_ignored,3,5
run_01378,fact_lookup,success,,,5
run_01379,fact_lookup,success,,,7
run_01380,multi_hop,success,,,8
run_01381,multi_hop,success,,,8
run_01382,multi_hop,success,,,8
run_01383,math_lookup,success,,,7
run_01384,fact_lookup,success,,,5
run_01385,math_lookup,success,,,5
run_01386,math_lookup,success,,,5
run_01387,multi_hop,success,,,8
run_01388,fact_lookup,fail,bad_tool_arguments,2,5
run_01389,math_lookup,success,,,7
run_01390,fact_lookup,fail,context_ignored,4,5
run_01391,fact_lookup,success,,,5
run_01392,math_lookup,success,,,7
run_01393,multi_hop,fail,wrong_tool_selected,4,8
run_01394,fact_lookup,success,,,5
run_01395,multi_hop,success,,,10
run_01396,fact_lookup,fail,context_ignored,4,5
run_01397,multi_hop,success,,,8
run_01398,fact_lookup,success,,,5
run_01399,fact_lookup,fail,wrong_tool_selected,1,5
run_01400,math_lookup,success,,,5
run_01401,math_lookup,success,,,5
run_01402,multi_hop,fail,context_ignored,7,8
run_01403,math_lookup,fail,corrupted_state,3,5
run_01404,multi_hop,success,,,8
run_01405,math_lookup,success,,,5
run_01406,math_lookup,success,,,5
run_01407,math_lookup,success,,,5
run_01408,math_lookup,success,,,5
run_01409,multi_hop,fail,corrupted_state,3,8
run_01410,fact_lookup,success,,,5
run_01411,math_lookup,success,,,5
run_01412,fact_lookup,success,,,5
run_01413,fact_lookup,success,,,5
run_01414,multi_hop,success,,,8
run_01415,math_lookup,success,,,5
run_01416,fact_lookup,success,,,5
run_01417,math_lookup,fail,wrong_tool_selected,1,5
run_01418,multi_hop,success,,,10
run_01419,multi_hop,success,,,8
run_01420,fact_lookup,success,,,5
run_01421,fact_lookup,success,,,5
run_01422,multi_hop,success,,,8
run_01423,multi_hop,success,,,8
run_01424,math_lookup,success,,,5
run_01425,math_lookup,success,,,5
run_01426,fact_lookup,success,,,5
run_01427,multi_hop,success,,,8
run_01428,multi_hop,success,,,8
run_01429,math_lookup,success,,,5
run_01430,math_lookup,fail,bad_tool_arguments,2,5
run_01431,math_lookup,fail,tool_error_ignored,3,5
run_01432,math_lookup,success,,,5
run_01433,math_lookup,fail,corrupted_state,3,5
run_01434,fact_lookup,fail,retry_loop,1,9
run_01435,multi_hop,fail,wrong_tool_selected,4,8
run_01436,math_lookup,success,,,5
run_01437,fact_lookup,fail,tool_error_ignored,3,5
run_01438,multi_hop,fail,context_ignored,7,8
run_01439,fact_lookup,success,,,5
run_01440,fact_lookup,success,,,5
run_01441,math_lookup,fail,wrong_tool_selected,1,5
run_01442,math_lookup,success,,,5
run_01443,multi_hop,success,,,8
run_01444,math_lookup,fail,context_ignored,4,5
run_01445,fact_lookup,success,,,5
run_01446,math_lookup,success,,,5
run_01447,fact_lookup,success,,,5
run_01448,multi_hop,success,,,10
run_01449,math_lookup,success,,,5
run_01450,fact_lookup,fail,context_ignored,4,5
run_01451,fact_lookup,fail,corrupted_state,3,5
run_01452,fact_lookup,success,,,7
run_01453,fact_lookup,success,,,5
run_01454,math_lookup,success,,,5
run_01455,multi_hop,fail,tool_error_ignored,6,7
run_01456,multi_hop,success,,,8
run_01457,fact_lookup,fail,corrupted_state,3,5
run_01458,multi_hop,fail,retry_loop,1,9
run_01459,math_lookup,fail,wrong_tool_selected,1,5
run_01460,math_lookup,fail,bad_tool_arguments,2,5
run_01461,multi_hop,fail,tool_error_ignored,3,5
run_01462,fact_lookup,success,,,7
run_01463,fact_lookup,success,,,5
run_01464,fact_lookup,success,,,5
run_01465,multi_hop,success,,,8
run_01466,fact_lookup,success,,,5
run_01467,multi_hop,success,,,10
run_01468,math_lookup,success,,,5
run_01469,multi_hop,fail,corrupted_state,3,8
run_01470,math_lookup,fail,retry_loop,1,9
run_01471,multi_hop,success,,,8
run_01472,fact_lookup,fail,bad_tool_arguments,2,5
run_01473,fact_lookup,success,,,5
run_01474,math_lookup,fail,context_ignored,4,5
run_01475,math_lookup,success,,,5
run_01476,fact_lookup,fail,retry_loop,1,9
run_01477,fact_lookup,fail,wrong_tool_selected,1,5
run_01478,math_lookup,fail,bad_tool_arguments,2,5
run_01479,multi_hop,fail,tool_error_ignored,6,7
run_01480,math_lookup,fail,context_ignored,4,5
run_01481,math_lookup,success,,,5
run_01482,math_lookup,success,,,5
run_01483,multi_hop,fail,wrong_tool_selected,1,5
run_01484,math_lookup,success,,,5
run_01485,fact_lookup,fail,tool_error_ignored,3,5
run_01486,fact_lookup,success,,,5
run_01487,math_lookup,fail,corrupted_state,3,5
run_01488,multi_hop,success,,,8
run_01489,fact_lookup,fail,wrong_tool_selected,1,5
run_01490,fact_lookup,success,,,5
run_01491,multi_hop,success,,,8
run_01492,fact_lookup,success,,,5
run_01493,multi_hop,success,,,8
run_01494,math_lookup,fail,retry_loop,1,9
run_01495,math_lookup,success,,,5
run_01496,multi_hop,success,,,8
run_01497,fact_lookup,fail,tool_error_ignored,3,5
run_01498,multi_hop,success,,,10
run_01499,multi_hop,success,,,8
run_01500,math_lookup,fail,retry_loop,1,9
run_01501,math_lookup,fail,wrong_tool_selected,1,5
run_01502,math_lookup,success,,,7
run_01503,multi_hop,success,,,10
run_01504,math_lookup,fail,context_ignored,4,5
run_01505,fact_lookup,success,,,5
run_01506,fact_lookup,fail,retry_loop,1,9
run_01507,multi_hop,success,,,10
run_01508,math_lookup,success,,,5
run_01509,math_lookup,fail,tool_error_ignored,3,5
run_01510,multi_hop,fail,context_ignored,7,8
run_01511,math_lookup,success,,,5
run_01512,fact_lookup,success,,,7
run_01513,math_lookup,fail,wrong_tool_selected,1,5
run_01514,fact_lookup,fail,bad_tool_arguments,2,5
run_01515,multi_hop,success,,,8
run_01516,math_lookup,success,,,5
run_01517,math_lookup,success,,,5
run_01518,fact_lookup,success,,,7
run_01519,math_lookup,success,,,5
run_01520,math_lookup,success,,,5
run_01521,fact_lookup,success,,,5
run_01522,fact_lookup,success,,,5
run_01523,math_lookup,success,,,5
run_01524,multi_hop,success,,,8
run_01525,math_lookup,fail,wrong_tool_selected,1,5
run_01526,math_lookup,success,,,5
run_01527,multi_hop,fail,tool_error_ignored,3,5
run_01528,multi_hop,fail,context_ignored,7,8
run_01529,math_lookup,success,,,5
run_01530,fact_lookup,success,,,5
run_01531,math_lookup,fail,wrong_tool_selected,1,5
run_01532,fact_lookup,fail,bad_tool_arguments,2,5
run_01533,fact_lookup,success,,,7
run_01534,math_lookup,success,,,7
run_01535,math_lookup,fail,corrupted_state,3,5
run_01536,fact_lookup,success,,,5
run_01537,fact_lookup,success,,,5
run_01538,fact_lookup,success,,,5
run_01539,math_lookup,fail,tool_error_ignored,3,5
run_01540,math_lookup,fail,context_ignored,4,5
run_01541,fact_lookup,success,,,5
run_01542,math_lookup,fail,retry_loop,1,9
run_01543,fact_lookup,success,,,5
run_01544,fact_lookup,success,,,5
run_01545,multi_hop,fail,tool_error_ignored,3,5
run_01546,math_lookup,fail,context_ignored,4,5
run_01547,math_lookup,success,,,5
run_01548,math_lookup,fail,retry_loop,1,9
run_01549,fact_lookup,success,,,5
run_01550,fact_lookup,success,,,5
run_01551,math_lookup,success,,,5
run_01552,multi_hop,fail,context_ignored,7,8
run_01553,fact_lookup,fail,corrupted_state,5,6
run_01554,fact_lookup,success,,,5
run_01555,multi_hop,success,,,8
run_01556,fact_lookup,fail,bad_tool_arguments,2,5
run_01557,math_lookup,fail,tool_error_ignored,3,5
run_01558,math_lookup,success,,,5
run_01559,fact_lookup,success,,,5
run_01560,multi_hop,success,,,8
run_01561,fact_lookup,success,,,5
run_01562,math_lookup,fail,bad_tool_arguments,2,5
run_01563,math_lookup,fail,tool_error_ignored,3,5
run_01564,math_lookup,success,,,5
run_01565,fact_lookup,success,,,5
run_01566,multi_hop,success,,,8
run_01567,fact_lookup,success,,,5
run_01568,fact_lookup,fail,bad_tool_arguments,2,5
run_01569,fact_lookup,fail,tool_error_ignored,5,7
run_01570,multi_hop,success,,,8
run_01571,multi_hop,success,,,8
run_01572,math_lookup,fail,retry_loop,1,9
run_01573,multi_hop,success,,,8
run_01574,multi_hop,success,,,10
run_01575,fact_lookup,success,,,7
run_01576,math_lookup,fail,context_ignored,4,5
run_01577,multi_hop,success,,,8
run_01578,math_lookup,success,,,7
run_01579,math_lookup,success,,,5
run_01580,fact_lookup,success,,,5
run_01581,math_lookup,success,,,5
run_01582,fact_lookup,success,,,5
run_01583,fact_lookup,fail,corrupted_state,5,7
run_01584,multi_hop,fail,retry_loop,4,12
run_01585,fact_lookup,success,,,7
run_01586,fact_lookup,fail,bad_tool_arguments,2,5
run_01587,fact_lookup,success,,,5
run_01588,math_lookup,success,,,5
run_01589,fact_lookup,fail,corrupted_state,3,5
run_01590,fact_lookup,success,,,5
run_01591,fact_lookup,success,,,5
run_01592,multi_hop,success,,,8
run_01593,fact_lookup,success,,,5
run_01594,multi_hop,fail,context_ignored,7,8
run_01595,fact_lookup,success,,,5
run_01596,fact_lookup,fail,retry_loop,1,9
run_01597,fact_lookup,success,,,5
run_01598,fact_lookup,success,,,5
run_01599,multi_hop,success,,,8
run_01600,multi_hop,success,,,8
run_01601,fact_lookup,success,,,7
run_01602,fact_lookup,success,,,5
run_01603,multi_hop,success,,,8
run_01604,fact_lookup,success,,,7
run_01605,multi_hop,success,,,8
run_01606,math_lookup,success,,,5
run_01607,math_lookup,success,,,7
run_01608,fact_lookup,success,,,7
run_01609,math_lookup,success,,,5
run_01610,multi_hop,fail,bad_tool_arguments,5,8
run_01611,fact_lookup,fail,tool_error_ignored,3,5
run_01612,math_lookup,success,,,5
run_01613,math_lookup,fail,corrupted_state,3,5
run_01614,fact_lookup,success,,,7
run_01615,math_lookup,success,,,5
run_01616,fact_lookup,success,,,5
run_01617,math_lookup,fail,tool_error_ignored,3,5
run_01618,fact_lookup,success,,,5
run_01619,math_lookup,success,,,5
run_01620,fact_lookup,fail,retry_loop,1,9
run_01621,math_lookup,success,,,5
run_01622,math_lookup,fail,bad_tool_arguments,2,5
run_01623,multi_hop,success,,,8
run_01624,fact_lookup,success,,,7
run_01625,fact_lookup,success,,,5
run_01626,multi_hop,success,,,8
run_01627,fact_lookup,success,,,5
run_01628,fact_lookup,success,,,5
run_01629,fact_lookup,success,,,5
run_01630,fact_lookup,success,,,5
run_01631,math_lookup,success,,,5
run_01632,multi_hop,success,,,8
run_01633,math_lookup,success,,,5
run_01634,fact_lookup,fail,bad_tool_arguments,2,5
run_01635,multi_hop,success,,,8
run_01636,fact_lookup,success,,,5
run_01637,fact_lookup,success,,,5
run_01638,math_lookup,success,,,5
run_01639,fact_lookup,success,,,7
run_01640,multi_hop,success,,,8
run_01641,math_lookup,success,,,5
run_01642,multi_hop,success,,,8
run_01643,multi_hop,fail,corrupted_state,3,8
run_01644,multi_hop,success,,,8
run_01645,fact_lookup,success,,,5
run_01646,multi_hop,success,,,8
run_01647,fact_lookup,success,,,5
run_01648,fact_lookup,success,,,5
run_01649,fact_lookup,success,,,5
run_01650,fact_lookup,success,,,5
run_01651,multi_hop,success,,,8
run_01652,fact_lookup,fail,bad_tool_arguments,2,5
run_01653,fact_lookup,success,,,5
run_01654,math_lookup,success,,,5
run_01655,math_lookup,fail,corrupted_state,3,5
run_01656,math_lookup,success,,,7
run_01657,fact_lookup,fail,wrong_tool_selected,1,5
run_01658,math_lookup,success,,,5
run_01659,fact_lookup,success,,,7
run_01660,fact_lookup,fail,context_ignored,4,5
run_01661,math_lookup,fail,corrupted_state,3,5
run_01662,math_lookup,success,,,5
run_01663,multi_hop,fail,wrong_tool_selected,4,8
run_01664,fact_lookup,success,,,5
run_01665,math_lookup,success,,,5
run_01666,fact_lookup,success,,,5
run_01667,multi_hop,success,,,8
run_01668,fact_lookup,success,,,5
run_01669,multi_hop,fail,wrong_tool_selected,1,5
run_01670,fact_lookup,success,,,5
run_01671,math_lookup,fail,tool_error_ignored,3,5
run_01672,math_lookup,fail,context_ignored,4,5
run_01673,fact_lookup,success,,,5
run_01674,fact_lookup,success,,,7
run_01675,multi_hop,success,,,8
run_01676,math_lookup,fail,bad_tool_arguments,2,5
run_01677,math_lookup,success,,,5
run_01678,math_lookup,success,,,7
run_01679,multi_hop,success,,,10
run_01680,multi_hop,success,,,10
run_01681,multi_hop,fail,wrong_tool_selected,4,8
run_01682,multi_hop,success,,,8
run_01683,multi_hop,success,,,8
run_01684,fact_lookup,fail,context_ignored,4,5
run_01685,math_lookup,success,,,5
run_01686,multi_hop,fail,retry_loop,1,9
run_01687,math_lookup,success,,,5
run_01688,fact_lookup,fail,bad_tool_arguments,2,5
run_01689,multi_hop,success,,,10
run_01690,multi_hop,fail,context_ignored,7,8
run_01691,math_lookup,success,,,5
run_01692,fact_lookup,success,,,5
run_01693,math_lookup,success,,,5
run_01694,math_lookup,success,,,5
run_01695,multi_hop,success,,,10
run_01696,multi_hop,success,,,8
run_01697,math_lookup,success,,,5
run_01698,multi_hop,fail,retry_loop,4,12
run_01699,math_lookup,success,,,7
run_01700,multi_hop,fail,bad_tool_arguments,2,5
run_01701,math_lookup,fail,tool_error_ignored,3,5
run_01702,math_lookup,success,,,5
run_01703,fact_lookup,success,,,7
run_01704,math_lookup,success,,,5
run_01705,fact_lookup,success,,,5
run_01706,fact_lookup,fail,bad_tool_arguments,2,5
run_01707,math_lookup,fail,tool_error_ignored,3,5
run_01708,fact_lookup,success,,,5
run_01709,multi_hop,fail,corrupted_state,3,8
run_01710,math_lookup,fail,retry_loop,1,9
run_01711,math_lookup,success,,,7
run_01712,math_lookup,fail,bad_tool_arguments,2,5
run_01713,multi_hop,success,,,8
run_01714,fact_lookup,success,,,5
run_01715,math_lookup,success,,,5
run_01716,fact_lookup,success,,,5
run_01717,math_lookup,success,,,5
run_01718,multi_hop,success,,,8
run_01719,math_lookup,success,,,5
run_01720,fact_lookup,success,,,5
run_01721,math_lookup,success,,,5
run_01722,multi_hop,success,,,8
run_01723,fact_lookup,success,,,5
run_01724,multi_hop,success,,,8
run_01725,fact_lookup,success,,,5
run_01726,multi_hop,success,,,8
run_01727,multi_hop,success,,,8
run_01728,multi_hop,success,,,8
run_01729,multi_hop,success,,,10
run_01730,multi_hop,success,,,8
run_01731,fact_lookup,fail,tool_error_ignored,3,5
run_01732,fact_lookup,fail,context_ignored,4,5
run_01733,fact_lookup,success,,,5
run_01734,multi_hop,fail,retry_loop,4,12
run_01735,multi_hop,success,,,8
run_01736,math_lookup,success,,,7
run_01737,math_lookup,fail,tool_error_ignored,3,5
run_01738,multi_hop,success,,,8
run_01739,multi_hop,fail,corrupted_state,3,8
run_01740,multi_hop,success,,,8
run_01741,fact_lookup,success,,,7
run_01742,fact_lookup,success,,,7
run_01743,math_lookup,success,,,5
run_01744,fact_lookup,success,,,5
run_01745,math_lookup,fail,corrupted_state,3,5
run_01746,fact_lookup,success,,,5
run_01747,multi_hop,success,,,8
run_01748,math_lookup,fail,bad_tool_arguments,2,5
run_01749,fact_lookup,success,,,5
run_01750,math_lookup,fail,context_ignored,4,5
run_01751,multi_hop,fail,corrupted_state,3,8
run_01752,multi_hop,success,,,8
run_01753,fact_lookup,fail,wrong_tool_selected,1,5
run_01754,math_lookup,success,,,5
run_01755,multi_hop,fail,tool_error_ignored,3,5
run_01756,fact_lookup,success,,,5
run_01757,multi_hop,success,,,8
run_01758,math_lookup,success,,,5
run_01759,multi_hop,fail,wrong_tool_selected,1,5
run_01760,math_lookup,fail,bad_tool_arguments,2,5
run_01761,math_lookup,fail,tool_error_ignored,3,5
run_01762,multi_hop,success,,,8
run_01763,math_lookup,success,,,5
run_01764,math_lookup,success,,,7
run_01765,multi_hop,success,,,8
run_01766,math_lookup,fail,bad_tool_arguments,2,5
run_01767,math_lookup,fail,tool_error_ignored,3,5
run_01768,multi_hop,success,,,8
run_01769,fact_lookup,success,,,5
run_01770,fact_lookup,success,,,5
run_01771,math_lookup,success,,,5
run_01772,math_lookup,success,,,5
run_01773,multi_hop,success,,,8
run_01774,multi_hop,success,,,8
run_01775,math_lookup,fail,corrupted_state,3,5
run_01776,fact_lookup,success,,,5
run_01777,fact_lookup,fail,wrong_tool_selected,1,5
run_01778,math_lookup,fail,bad_tool_arguments,2,5
run_01779,multi_hop,fail,tool_error_ignored,3,5
run_01780,multi_hop,fail,context_ignored,7,8
run_01781,fact_lookup,success,,,5
run_01782,fact_lookup,success,,,5
run_01783,fact_lookup,success,,,5
run_01784,math_lookup,fail,bad_tool_arguments,2,5
run_01785,fact_lookup,success,,,5
run_01786,fact_lookup,success,,,5
run_01787,fact_lookup,success,,,7
run_01788,math_lookup,success,,,5
run_01789,math_lookup,fail,wrong_tool_selected,1,5
run_01790,fact_lookup,success,,,5
run_01791,multi_hop,success,,,8
run_01792,math_lookup,success,,,5
run_01793,math_lookup,success,,,5
run_01794,math_lookup,success,,,7
run_01795,multi_hop,success,,,8
run_01796,math_lookup,success,,,7
run_01797,multi_hop,fail,tool_error_ignored,6,7
run_01798,fact_lookup,fail,context_ignored,4,5
run_01799,math_lookup,success,,,7
run_01800,multi_hop,success,,,10
run_01801,multi_hop,success,,,8
run_01802,multi_hop,success,,,8
run_01803,multi_hop,fail,tool_error_ignored,3,5
run_01804,fact_lookup,success,,,5
run_01805,math_lookup,fail,corrupted_state,3,5
run_01806,multi_hop,success,,,8
run_01807,multi_hop,success,,,8
run_01808,math_lookup,success,,,5
run_01809,math_lookup,success,,,5
run_01810,fact_lookup,success,,,5
run_01811,fact_lookup,success,,,5
run_01812,fact_lookup,success,,,5
run_01813,fact_lookup,success,,,5
run_01814,math_lookup,success,,,5
run_01815,math_lookup,fail,tool_error_ignored,3,5
run_01816,math_lookup,fail,context_ignored,4,5
run_01817,math_lookup,fail,corrupted_state,5,7
run_01818,fact_lookup,fail,retry_loop,1,9
run_01819,fact_lookup,fail,wrong_tool_selected,1,5
run_01820,math_lookup,fail,bad_tool_arguments,2,5
run_01821,math_lookup,success,,,7
run_01822,multi_hop,success,,,8
run_01823,multi_hop,success,,,8
run_01824,math_lookup,success,,,5
run_01825,multi_hop,success,,,8
run_01826,fact_lookup,success,,,5
run_01827,fact_lookup,fail,tool_error_ignored,3,5
run_01828,fact_lookup,success,,,5
run_01829,math_lookup,success,,,5
run_01830,multi_hop,fail,retry_loop,4,12
run_01831,math_lookup,fail,wrong_tool_selected,1,5
run_01832,fact_lookup,success,,,5
run_01833,fact_lookup,success,,,5
run_01834,multi_hop,success,,,8
run_01835,multi_hop,success,,,8
run_01836,multi_hop,fail,retry_loop,4,12
run_01837,math_lookup,success,,,5
run_01838,fact_lookup,success,,,5
run_01839,math_lookup,success,,,5
run_01840,math_lookup,success,,,7
run_01841,multi_hop,fail,corrupted_state,3,8
run_01842,math_lookup,success,,,5
run_01843,fact_lookup,fail,wrong_tool_selected,1,5
run_01844,multi_hop,success,,,8
run_01845,fact_lookup,success,,,5
run_01846,fact_lookup,success,,,5
run_01847,fact_lookup,success,,,7
run_01848,multi_hop,success,,,8
run_01849,fact_lookup,fail,wrong_tool_selected,1,5
run_01850,fact_lookup,success,,,5
run_01851,math_lookup,fail,tool_error_ignored,3,5
run_01852,fact_lookup,fail,context_ignored,4,5
run_01853,math_lookup,success,,,5
run_01854,multi_hop,success,,,8
run_01855,multi_hop,success,,,10
run_01856,math_lookup,success,,,5
run_01857,fact_lookup,fail,tool_error_ignored,3,5
run_01858,fact_lookup,success,,,5
run_01859,math_lookup,success,,,5
run_01860,fact_lookup,success,,,5
run_01861,math_lookup,success,,,7
run_01862,fact_lookup,fail,bad_tool_arguments,2,5
run_01863,fact_lookup,success,,,5
run_01864,fact_lookup,success,,,7
run_01865,math_lookup,fail,corrupted_state,5,6
run_01866,fact_lookup,fail,retry_loop,1,9
run_01867,math_lookup,success,,,5
run_01868,fact_lookup,success,,,5
run_01869,fact_lookup,success,,,5
run_01870,math_lookup,success,,,5
run_01871,math_lookup,fail,corrupted_state,3,5
run_01872,fact_lookup,fail,retry_loop,1,9
run_01873,multi_hop,success,,,8
run_01874,math_lookup,success,,,5
run_01875,fact_lookup,success,,,5
run_01876,math_lookup,fail,context_ignored,4,5
run_01877,multi_hop,success,,,8
run_01878,math_lookup,success,,,5
run_01879,multi_hop,success,,,8
run_01880,multi_hop,success,,,8
run_01881,math_lookup,success,,,5
run_01882,math_lookup,success,,,5
run_01883,multi_hop,success,,,8
run_01884,fact_lookup,fail,retry_loop,1,9
run_01885,math_lookup,success,,,5
run_01886,math_lookup,success,,,7
run_01887,fact_lookup,fail,tool_error_ignored,3,5
run_01888,multi_hop,success,,,8
run_01889,multi_hop,success,,,8
run_01890,multi_hop,success,,,8
run_01891,fact_lookup,success,,,5
run_01892,math_lookup,fail,bad_tool_arguments,2,5
run_01893,multi_hop,success,,,10
run_01894,multi_hop,success,,,8
run_01895,fact_lookup,success,,,5
run_01896,multi_hop,success,,,8
run_01897,fact_lookup,fail,wrong_tool_selected,1,5
run_01898,fact_lookup,success,,,5
run_01899,fact_lookup,fail,tool_error_ignored,3,5
run_01900,multi_hop,success,,,8
run_01901,fact_lookup,success,,,5
run_01902,math_lookup,success,,,5
run_01903,math_lookup,success,,,5
run_01904,math_lookup,success,,,5
run_01905,math_lookup,fail,tool_error_ignored,3,5
run_01906,multi_hop,success,,,8
run_01907,multi_hop,success,,,8
run_01908,math_lookup,success,,,5
run_01909,multi_hop,fail,wrong_tool_selected,4,8
run_01910,math_lookup,success,,,7
run_01911,multi_hop,fail,tool_error_ignored,8,10
run_01912,fact_lookup,success,,,7
run_01913,math_lookup,success,,,5
run_01914,math_lookup,fail,retry_loop,1,9
run_01915,math_lookup,success,,,7
run_01916,math_lookup,fail,bad_tool_arguments,2,5
run_01917,multi_hop,fail,tool_error_ignored,8,10
run_01918,fact_lookup,success,,,5
run_01919,math_lookup,fail,corrupted_state,5,7
run_01920,math_lookup,success,,,5
run_01921,math_lookup,success,,,5
run_01922,multi_hop,success,,,8
run_01923,fact_lookup,fail,tool_error_ignored,5,6
run_01924,math_lookup,fail,context_ignored,4,5
run_01925,fact_lookup,success,,,5
run_01926,math_lookup,success,,,7
run_01927,math_lookup,success,,,5
run_01928,math_lookup,success,,,5
run_01929,math_lookup,success,,,5
run_01930,fact_lookup,success,,,7
run_01931,math_lookup,success,,,7
run_01932,fact_lookup,fail,retry_loop,1,9
run_01933,math_lookup,fail,wrong_tool_selected,1,5
run_01934,multi_hop,fail,bad_tool_arguments,5,8
run_01935,math_lookup,fail,tool_error_ignored,3,5
run_01936,multi_hop,success,,,8
run_01937,math_lookup,success,,,5
run_01938,multi_hop,success,,,10
run_01939,fact_lookup,fail,wrong_tool_selected,1,5
run_01940,math_lookup,fail,bad_tool_arguments,2,5
run_01941,math_lookup,success,,,5
run_01942,math_lookup,success,,,5
run_01943,fact_lookup,fail,corrupted_state,3,5
run_01944,fact_lookup,success,,,5
run_01945,fact_lookup,success,,,5
run_01946,fact_lookup,success,,,5
run_01947,multi_hop,success,,,8
run_01948,math_lookup,fail,context_ignored,4,5
run_01949,math_lookup,success,,,5
run_01950,math_lookup,success,,,5
run_01951,multi_hop,success,,,8
run_01952,fact_lookup,success,,,5
run_01953,fact_lookup,success,,,7
run_01954,fact_lookup,fail,context_ignored,4,5
run_01955,math_lookup,fail,corrupted_state,3,5
run_01956,multi_hop,success,,,8
run_01957,fact_lookup,fail,wrong_tool_selected,1,5
run_01958,multi_hop,fail,bad_tool_arguments,2,5
run_01959,math_lookup,success,,,5
run_01960,fact_lookup,success,,,5
run_01961,math_lookup,success,,,5
run_01962,multi_hop,success,,,8
run_01963,multi_hop,success,,,8
run_01964,math_lookup,success,,,5
run_01965,math_lookup,fail,tool_error_ignored,3,5
run_01966,math_lookup,fail,context_ignored,4,5
run_01967,math_lookup,fail,corrupted_state,3,5
run_01968,math_lookup,fail,retry_loop,1,9
run_01969,fact_lookup,fail,wrong_tool_selected,1,5
run_01970,multi_hop,success,,,8
run_01971,multi_hop,success,,,8
run_01972,fact_lookup,fail,context_ignored,4,5
run_01973,math_lookup,fail,corrupted_state,3,5
run_01974,math_lookup,fail,retry_loop,1,9
run_01975,math_lookup,fail,wrong_tool_selected,1,5
run_01976,math_lookup,success,,,5
run_01977,math_lookup,success,,,7
run_01978,multi_hop,success,,,8
run_01979,fact_lookup,success,,,5
run_01980,multi_hop,fail,retry_loop,4,12
run_01981,multi_hop,success,,,8
run_01982,math_lookup,success,,,5
run_01983,fact_lookup,success,,,5
run_01984,fact_lookup,fail,context_ignored,4,5
run_01985,math_lookup,success,,,5
run_01986,fact_lookup,fail,retry_loop,1,9
run_01987,math_lookup,fail,wrong_tool_selected,1,5
run_01988,fact_lookup,fail,bad_tool_arguments,2,5
run_01989,math_lookup,success,,,5
run_01990,math_lookup,success,,,5
run_01991,math_lookup,success,,,5
run_01992,multi_hop,success,,,8
run_01993,fact_lookup,success,,,5
run_01994,math_lookup,fail,bad_tool_arguments,2,5
run_01995,multi_hop,success,,,8
run_01996,math_lookup,fail,context_ignored,4,5
run_01997,math_lookup,success,,,5
run_01998,fact_lookup,success,,,5
run_01999,fact_lookup,fail,wrong_tool_selected,1,5
run_02000,fact_lookup,success,,,5
run_02001,math_lookup,success,,,5
run_02002,math_lookup,success,,,7
run_02003,multi_hop,success,,,8
run_02004,multi_hop,success,,,8
run_02005,math_lookup,success,,,5
run_02006,math_lookup,fail,bad_tool_arguments,2,5
run_02007,math_lookup,success,,,5
run_02008,fact_lookup,success,,,5
run_02009,math_lookup,fail,corrupted_state,3,5
run_02010,multi_hop,fail,retry_loop,4,12
run_02011,multi_hop,success,,,8
run_02012,math_lookup,fail,bad_tool_arguments,2,5
run_02013,fact_lookup,fail,tool_error_ignored,3,5
run_02014,multi_hop,success,,,8
run_02015,math_lookup,success,,,5
run_02016,math_lookup,success,,,7
run_02017,fact_lookup,success,,,5
run_02018,fact_lookup,fail,bad_tool_arguments,2,5
run_02019,math_lookup,success,,,5
run_02020,multi_hop,success,,,10
run_02021,fact_lookup,fail,corrupted_state,3,5
run_02022,fact_lookup,success,,,7
run_02023,multi_hop,fail,wrong_tool_selected,4,8
run_02024,fact_lookup,success,,,5
run_02025,math_lookup,success,,,5
run_02026,math_lookup,fail,context_ignored,4,5
run_02027,multi_hop,fail,corrupted_state,3,8
run_02028,fact_lookup,success,,,5
run_02029,math_lookup,success,,,7
run_02030,multi_hop,fail,bad_tool_arguments,2,5
run_02031,math_lookup,fail,tool_error_ignored,3,5
run_02032,fact_lookup,success,,,5
run_02033,multi_hop,success,,,8
run_02034,multi_hop,success,,,8
run_02035,fact_lookup,fail,wrong_tool_selected,1,5
run_02036,fact_lookup,success,,,5
run_02037,multi_hop,success,,,8
run_02038,math_lookup,fail,context_ignored,4,5
run_02039,multi_hop,fail,corrupted_state,3,8
run_02040,fact_lookup,success,,,5
run_02041,fact_lookup,success,,,5
run_02042,math_lookup,fail,bad_tool_arguments,2,5
run_02043,fact_lookup,fail,tool_error_ignored,3,5
run_02044,math_lookup,success,,,5
run_02045,math_lookup,success,,,5
run_02046,multi_hop,success,,,10
run_02047,math_lookup,success,,,7
run_02048,fact_lookup,success,,,5
run_02049,math_lookup,success,,,5
run_02050,multi_hop,success,,,8
run_02051,math_lookup,success,,,5
run_02052,fact_lookup,success,,,5
run_02053,multi_hop,success,,,8
run_02054,fact_lookup,fail,bad_tool_arguments,2,5
run_02055,math_lookup,success,,,5
run_02056,fact_lookup,success,,,5
run_02057,multi_hop,success,,,10
run_02058,fact_lookup,success,,,7
run_02059,math_lookup,success,,,5
run_02060,multi_hop,success,,,8
run_02061,multi_hop,fail,tool_error_ignored,3,5
run_02062,multi_hop,success,,,8
run_02063,fact_lookup,success,,,7
run_02064,math_lookup,success,,,7
run_02065,fact_lookup,fail,wrong_tool_selected,1,5
run_02066,math_lookup,fail,bad_tool_arguments,2,5
run_02067,multi_hop,fail,tool_error_ignored,3,5
run_02068,fact_lookup,fail,context_ignored,4,5
run_02069,fact_lookup,fail,corrupted_state,3,5
run_02070,fact_lookup,success,,,5
run_02071,fact_lookup,success,,,5
run_02072,math_lookup,success,,,5
run_02073,math_lookup,fail,tool_error_ignored,5,7
run_02074,fact_lookup,success,,,5
run_02075,math_lookup,fail,corrupted_state,3,5
run_02076,multi_hop,success,,,8
run_02077,math_lookup,success,,,5
run_02078,multi_hop,success,,,8
run_02079,math_lookup,fail,tool_error_ignored,3,5
run_02080,multi_hop,success,,,8
run_02081,multi_hop,success,,,8
run_02082,math_lookup,success,,,5
run_02083,math_lookup,fail,wrong_tool_selected,1,5
run_02084,multi_hop,success,,,10
run_02085,fact_lookup,fail,tool_error_ignored,3,5
run_02086,math_lookup,success,,,5
run_02087,fact_lookup,fail,corrupted_state,3,5
run_02088,math_lookup,fail,retry_loop,1,9
run_02089,math_lookup,fail,wrong_tool_selected,1,5
run_02090,multi_hop,success,,,8
run_02091,math_lookup,success,,,5
run_02092,fact_lookup,fail,context_ignored,4,5
run_02093,fact_lookup,success,,,5
run_02094,multi_hop,success,,,10
run_02095,math_lookup,success,,,5
run_02096,math_lookup,success,,,5
run_02097,multi_hop,success,,,8
run_02098,multi_hop,fail,context_ignored,7,8
run_02099,math_lookup,fail,corrupted_state,3,5
run_02100,math_lookup,success,,,7
run_02101,fact_lookup,fail,wrong_tool_selected,1,5
run_02102,fact_lookup,success,,,5
run_02103,multi_hop,success,,,8
run_02104,multi_hop,success,,,8
run_02105,fact_lookup,success,,,5
run_02106,math_lookup,success,,,5
run_02107,math_lookup,fail,wrong_tool_selected,1,5
run_02108,math_lookup,success,,,5
run_02109,fact_lookup,success,,,7
run_02110,math_lookup,success,,,5
run_02111,math_lookup,fail,corrupted_state,3,5
run_02112,math_lookup,success,,,5
run_02113,multi_hop,success,,,8
run_02114,math_lookup,success,,,5
run_02115,math_lookup,fail,tool_error_ignored,3,5
run_02116,math_lookup,fail,context_ignored,4,5
run_02117,math_lookup,success,,,7
run_02118,fact_lookup,success,,,5
run_02119,math_lookup,success,,,5
run_02120,math_lookup,fail,bad_tool_arguments,2,5
run_02121,multi_hop,fail,tool_error_ignored,3,5
run_02122,multi_hop,success,,,8
run_02123,multi_hop,success,,,8
run_02124,math_lookup,fail,retry_loop,1,9
run_02125,math_lookup,fail,wrong_tool_selected,1,5
run_02126,math_lookup,fail,bad_tool_arguments,2,5
run_02127,math_lookup,fail,tool_error_ignored,3,5
run_02128,fact_lookup,fail,context_ignored,4,5
run_02129,fact_lookup,fail,corrupted_state,3,5
run_02130,math_lookup,fail,retry_loop,1,9
run_02131,multi_hop,success,,,10
run_02132,multi_hop,success,,,8
run_02133,math_lookup,success,,,5
run_02134,multi_hop,fail,context_ignored,7,8
run_02135,multi_hop,success,,,8
run_02136,math_lookup,success,,,5
run_02137,multi_hop,success,,,8
run_02138,math_lookup,fail,bad_tool_arguments,2,5
run_02139,fact_lookup,success,,,7
run_02140,multi_hop,success,,,8
run_02141,multi_hop,fail,corrupted_state,6,8
run_02142,fact_lookup,fail,retry_loop,1,9
run_02143,math_lookup,success,,,5
run_02144,fact_lookup,fail,bad_tool_arguments,2,5
run_02145,math_lookup,success,,,5
run_02146,math_lookup,fail,context_ignored,4,5
run_02147,multi_hop,success,,,8
run_02148,fact_lookup,success,,,7
run_02149,multi_hop,success,,,10
run_02150,fact_lookup,fail,bad_tool_arguments,2,5
run_02151,math_lookup,success,,,5
run_02152,fact_lookup,success,,,5
run_02153,multi_hop,success,,,10
run_02154,math_lookup,success,,,5
run_02155,fact_lookup,success,,,7
run_02156,math_lookup,success,,,7
run_02157,multi_hop,success,,,10
run_02158,multi_hop,fail,context_ignored,7,8
run_02159,fact_lookup,success,,,5
run_02160,fact_lookup,fail,retry_loop,1,9
run_02161,fact_lookup,fail,wrong_tool_selected,1,5
run_02162,fact_lookup,success,,,5
run_02163,math_lookup,fail,tool_error_ignored,3,5
run_02164,multi_hop,success,,,8
run_02165,multi_hop,fail,corrupted_state,8,10
run_02166,fact_lookup,success,,,5
run_02167,math_lookup,fail,wrong_tool_selected,1,5
run_02168,multi_hop,success,,,8
run_02169,multi_hop,success,,,8
run_02170,fact_lookup,fail,context_ignored,4,5
run_02171,multi_hop,fail,corrupted_state,3,8
run_02172,multi_hop,success,,,8
run_02173,multi_hop,fail,wrong_tool_selected,4,8
run_02174,multi_hop,success,,,8
run_02175,multi_hop,fail,tool_error_ignored,3,5
run_02176,math_lookup,success,,,5
run_02177,fact_lookup,success,,,5
run_02178,math_lookup,success,,,5
run_02179,fact_lookup,fail,wrong_tool_selected,1,5
run_02180,multi_hop,success,,,10
run_02181,math_lookup,fail,tool_error_ignored,3,5
run_02182,multi_hop,success,,,8
run_02183,fact_lookup,success,,,5
run_02184,math_lookup,fail,retry_loop,1,9
run_02185,multi_hop,success,,,8
run_02186,multi_hop,success,,,8
run_02187,fact_lookup,fail,tool_error_ignored,3,5
run_02188,fact_lookup,success,,,5
run_02189,fact_lookup,success,,,7
run_02190,math_lookup,success,,,5
run_02191,math_lookup,success,,,5
run_02192,math_lookup,fail,bad_tool_arguments,2,5
run_02193,fact_lookup,fail,tool_error_ignored,3,5
run_02194,multi_hop,fail,context_ignored,7,8
run_02195,math_lookup,success,,,5
run_02196,fact_lookup,fail,retry_loop,1,9
run_02197,multi_hop,success,,,8
run_02198,multi_hop,success,,,10
run_02199,fact_lookup,fail,tool_error_ignored,5,7
run_02200,fact_lookup,success,,,7
run_02201,fact_lookup,success,,,5
run_02202,multi_hop,success,,,8
run_02203,math_lookup,success,,,7
run_02204,multi_hop,success,,,8
run_02205,multi_hop,success,,,10
run_02206,fact_lookup,success,,,5
run_02207,fact_lookup,fail,corrupted_state,3,5
run_02208,fact_lookup,success,,,5
run_02209,fact_lookup,fail,wrong_tool_selected,1,5
run_02210,fact_lookup,success,,,7
run_02211,math_lookup,success,,,5
run_02212,multi_hop,success,,,8
run_02213,math_lookup,success,,,7
run_02214,math_lookup,fail,retry_loop,1,9
run_02215,math_lookup,success,,,5
run_02216,math_lookup,fail,bad_tool_arguments,2,5
run_02217,fact_lookup,fail,tool_error_ignored,3,5
run_02218,fact_lookup,success,,,5
run_02219,math_lookup,success,,,5
run_02220,math_lookup,success,,,5
run_02221,multi_hop,success,,,8
run_02222,fact_lookup,fail,bad_tool_arguments,2,5
run_02223,multi_hop,success,,,8
run_02224,multi_hop,success,,,10
run_02225,math_lookup,success,,,5
run_02226,fact_lookup,fail,retry_loop,1,9
run_02227,math_lookup,success,,,7
run_02228,multi_hop,fail,bad_tool_arguments,2,5
run_02229,math_lookup,fail,tool_error_ignored,5,6
run_02230,math_lookup,success,,,7
run_02231,fact_lookup,success,,,5
run_02232,math_lookup,fail,retry_loop,1,9
run_02233,math_lookup,success,,,5
run_02234,multi_hop,success,,,8
run_02235,fact_lookup,success,,,5
run_02236,fact_lookup,fail,context_ignored,4,5
run_02237,math_lookup,fail,corrupted_state,3,5
run_02238,math_lookup,success,,,7
run_02239,math_lookup,success,,,5
run_02240,math_lookup,success,,,5
run_02241,math_lookup,success,,,5
run_02242,math_lookup,fail,context_ignored,4,5
run_02243,math_lookup,success,,,5
run_02244,fact_lookup,success,,,5
run_02245,math_lookup,success,,,7
run_02246,multi_hop,success,,,8
run_02247,multi_hop,fail,tool_error_ignored,6,8
run_02248,math_lookup,fail,context_ignored,4,5
run_02249,multi_hop,success,,,8
run_02250,fact_lookup,fail,retry_loop,1,9
run_02251,math_lookup,fail,wrong_tool_selected,1,5
run_02252,fact_lookup,success,,,5
run_02253,fact_lookup,success,,,7
run_02254,math_lookup,fail,context_ignored,4,5
run_02255,fact_lookup,success,,,5
run_02256,fact_lookup,success,,,5
run_02257,math_lookup,success,,,7
run_02258,math_lookup,success,,,5
run_02259,multi_hop,fail,tool_error_ignored,6,7
run_02260,fact_lookup,success,,,5
run_02261,multi_hop,success,,,8
run_02262,multi_hop,success,,,8
run_02263,fact_lookup,success,,,5
run_02264,multi_hop,fail,bad_tool_arguments,2,5
run_02265,multi_hop,success,,,8
run_02266,multi_hop,fail,context_ignored,7,8
run_02267,fact_lookup,fail,corrupted_state,3,5
run_02268,fact_lookup,success,,,5
run_02269,fact_lookup,success,,,5
run_02270,multi_hop,success,,,8
run_02271,multi_hop,success,,,8
run_02272,fact_lookup,success,,,5
run_02273,math_lookup,success,,,5
run_02274,multi_hop,success,,,8
run_02275,math_lookup,fail,wrong_tool_selected,1,5
run_02276,math_lookup,success,,,5
run_02277,multi_hop,success,,,8
run_02278,fact_lookup,success,,,7
run_02279,math_lookup,fail,corrupted_state,3,5
run_02280,multi_hop,success,,,8
run_02281,math_lookup,fail,wrong_tool_selected,1,5
run_02282,math_lookup,success,,,5
run_02283,math_lookup,fail,tool_error_ignored,3,5
run_02284,multi_hop,fail,context_ignored,7,8
run_02285,fact_lookup,success,,,5
run_02286,multi_hop,success,,,8
run_02287,fact_lookup,success,,,5
run_02288,math_lookup,success,,,7
run_02289,multi_hop,success,,,8
run_02290,math_lookup,success,,,5
run_02291,multi_hop,fail,corrupted_state,3,8
run_02292,math_lookup,success,,,5
run_02293,math_lookup,fail,wrong_tool_selected,1,5
run_02294,math_lookup,success,,,5
run_02295,multi_hop,success,,,8
run_02296,math_lookup,success,,,5
run_02297,math_lookup,success,,,5
run_02298,fact_lookup,success,,,5
run_02299,fact_lookup,success,,,5
run_02300,fact_lookup,success,,,5
run_02301,multi_hop,fail,tool_error_ignored,6,8
run_02302,math_lookup,fail,context_ignored,4,5
run_02303,math_lookup,success,,,7
run_02304,math_lookup,fail,retry_loop,1,9
run_02305,fact_lookup,success,,,5
run_02306,math_lookup,success,,,5
run_02307,fact_lookup,success,,,5
run_02308,fact_lookup,fail,context_ignored,4,5
run_02309,math_lookup,success,,,7
run_02310,multi_hop,success,,,8
run_02311,math_lookup,success,,,7
run_02312,multi_hop,success,,,8
run_02313,multi_hop,success,,,10
run_02314,fact_lookup,success,,,5
run_02315,math_lookup,success,,,7
run_02316,multi_hop,success,,,10
run_02317,math_lookup,fail,wrong_tool_selected,1,5
run_02318,math_lookup,success,,,5
run_02319,multi_hop,fail,tool_error_ignored,6,8
run_02320,multi_hop,fail,context_ignored,7,8
run_02321,fact_lookup,fail,corrupted_state,3,5
run_02322,math_lookup,success,,,5
run_02323,multi_hop,success,,,8
run_02324,fact_lookup,success,,,5
run_02325,math_lookup,success,,,5
run_02326,multi_hop,success,,,8
run_02327,math_lookup,success,,,5
run_02328,fact_lookup,success,,,7
run_02329,math_lookup,success,,,7
run_02330,fact_lookup,fail,bad_tool_arguments,2,5
run_02331,fact_lookup,success,,,5
run_02332,multi_hop,fail,context_ignored,7,8
run_02333,math_lookup,success,,,5
run_02334,multi_hop,success,,,8
run_02335,fact_lookup,success,,,5
run_02336,fact_lookup,success,,,5
run_02337,fact_lookup,success,,,5
run_02338,fact_lookup,fail,context_ignored,4,5
run_02339,math_lookup,success,,,7
run_02340,fact_lookup,success,,,5
run_02341,fact_lookup,fail,wrong_tool_selected,1,5
run_02342,math_lookup,success,,,5
run_02343,multi_hop,success,,,8
run_02344,fact_lookup,fail,context_ignored,4,5
run_02345,fact_lookup,fail,corrupted_state,3,5
run_02346,math_lookup,fail,retry_loop,1,9
run_02347,math_lookup,success,,,5
run_02348,fact_lookup,success,,,5
run_02349,math_lookup,fail,tool_error_ignored,3,5
run_02350,fact_lookup,fail,context_ignored,4,5
run_02351,fact_lookup,success,,,7
run_02352,math_lookup,success,,,5
run_02353,multi_hop,fail,wrong_tool_selected,4,8
run_02354,math_lookup,fail,bad_tool_arguments,2,5
run_02355,math_lookup,success,,,5
run_02356,math_lookup,success,,,5
run_02357,multi_hop,success,,,8
run_02358,multi_hop,fail,retry_loop,4,12
run_02359,fact_lookup,fail,wrong_tool_selected,1,5
run_02360,math_lookup,success,,,5
run_02361,multi_hop,success,,,8
run_02362,fact_lookup,fail,context_ignored,4,5
run_02363,math_lookup,success,,,5
run_02364,math_lookup,success,,,5
run_02365,math_lookup,fail,wrong_tool_selected,1,5
run_02366,multi_hop,success,,,10
run_02367,multi_hop,success,,,8
run_02368,fact_lookup,success,,,5
run_02369,multi_hop,success,,,8
run_02370,multi_hop,success,,,8
run_02371,multi_hop,success,,,8
run_02372,math_lookup,success,,,5
run_02373,math_lookup,success,,,5
run_02374,multi_hop,success,,,8
run_02375,fact_lookup,fail,corrupted_state,3,5
run_02376,fact_lookup,fail,retry_loop,1,9
run_02377,multi_hop,fail,wrong_tool_selected,1,5
run_02378,multi_hop,fail,bad_tool_arguments,5,8
run_02379,math_lookup,fail,tool_error_ignored,5,7
run_02380,math_lookup,success,,,5
run_02381,multi_hop,success,,,8
run_02382,multi_hop,fail,retry_loop,1,9
run_02383,fact_lookup,success,,,5
run_02384,multi_hop,success,,,8
run_02385,fact_lookup,success,,,5
run_02386,fact_lookup,fail,context_ignored,4,5
run_02387,multi_hop,fail,corrupted_state,6,7
run_02388,multi_hop,success,,,8
run_02389,multi_hop,success,,,8
run_02390,math_lookup,success,,,5
run_02391,multi_hop,success,,,10
run_02392,fact_lookup,success,,,5
run_02393,multi_hop,fail,corrupted_state,3,8
run_02394,math_lookup,success,,,5
run_02395,multi_hop,success,,,10
run_02396,multi_hop,success,,,8
run_02397,fact_lookup,success,,,5
run_02398,multi_hop,fail,context_ignored,7,8
run_02399,fact_lookup,fail,corrupted_state,3,5
run_02400,fact_lookup,fail,retry_loop,1,9
run_02401,multi_hop,success,,,8
run_02402,fact_lookup,success,,,5
run_02403,math_lookup,success,,,5
run_02404,multi_hop,fail,context_ignored,7,8
run_02405,fact_lookup,success,,,5
run_02406,math_lookup,success,,,7
run_02407,math_lookup,fail,wrong_tool_selected,1,5
run_02408,fact_lookup,success,,,7
run_02409,multi_hop,fail,tool_error_ignored,3,5
run_02410,math_lookup,success,,,5
run_02411,multi_hop,success,,,8
run_02412,fact_lookup,success,,,5
run_02413,math_lookup,success,,,5
run_02414,math_lookup,fail,bad_tool_arguments,2,5
run_02415,multi_hop,success,,,8
run_02416,math_lookup,success,,,5
run_02417,multi_hop,success,,,8
run_02418,math_lookup,success,,,7
run_02419,fact_lookup,fail,wrong_tool_selected,1,5
run_02420,multi_hop,success,,,8
run_02421,multi_hop,fail,tool_error_ignored,3,5
run_02422,fact_lookup,success,,,5
run_02423,math_lookup,success,,,5
run_02424,math_lookup,success,,,7
run_02425,math_lookup,success,,,5
run_02426,math_lookup,success,,,5
run_02427,math_lookup,success,,,5
run_02428,multi_hop,fail,context_ignored,7,8
run_02429,fact_lookup,fail,corrupted_state,3,5
run_02430,multi_hop,success,,,8
run_02431,fact_lookup,success,,,5
run_02432,math_lookup,fail,bad_tool_arguments,2,5
run_02433,math_lookup,success,,,7
run_02434,multi_hop,success,,,8
run_02435,fact_lookup,success,,,5
run_02436,math_lookup,success,,,5
run_02437,fact_lookup,fail,wrong_tool_selected,1,5
run_02438,math_lookup,fail,bad_tool_arguments,2,5
run_02439,fact_lookup,success,,,5
run_02440,fact_lookup,success,,,5
run_02441,multi_hop,fail,corrupted_state,6,8
run_02442,multi_hop,success,,,8
run_02443,math_lookup,success,,,7
run_02444,fact_lookup,success,,,5
run_02445,math_lookup,fail,tool_error_ignored,3,5
run_02446,fact_lookup,success,,,5
run_02447,multi_hop,success,,,8
run_02448,multi_hop,fail,retry_loop,4,12
run_02449,math_lookup,fail,wrong_tool_selected,1,5
run_02450,fact_lookup,fail,bad_tool_arguments,2,5
run_02451,math_lookup,success,,,5
run_02452,fact_lookup,success,,,5
run_02453,fact_lookup,success,,,5
run_02454,multi_hop,success,,,10
run_02455,math_lookup,success,,,7
run_02456,multi_hop,success,,,8
run_02457,multi_hop,success,,,8
run_02458,multi_hop,fail,context_ignored,7,8
run_02459,fact_lookup,success,,,7
run_02460,multi_hop,success,,,8
run_02461,fact_lookup,success,,,5
run_02462,fact_lookup,success,,,5
run_02463,math_lookup,success,,,5
run_02464,math_lookup,success,,,5
run_02465,fact_lookup,fail,corrupted_state,5,7
run_02466,multi_hop,success,,,8
run_02467,multi_hop,success,,,8
run_02468,math_lookup,success,,,5
run_02469,math_lookup,success,,,5
run_02470,multi_hop,success,,,8
run_02471,fact_lookup,fail,corrupted_state,5,7
run_02472,multi_hop,fail,retry_loop,1,9
run_02473,math_lookup,success,,,5
run_02474,multi_hop,success,,,8
run_02475,fact_lookup,success,,,5
run_02476,fact_lookup,success,,,5
run_02477,multi_hop,fail,corrupted_state,6,8
run_02478,math_lookup,success,,,5
run_02479,multi_hop,success,,,8
run_02480,multi_hop,fail,bad_tool_arguments,5,8
run_02481,multi_hop,success,,,8
run_02482,math_lookup,success,,,5
run_02483,multi_hop,fail,corrupted_state,6,7
run_02484,fact_lookup,success,,,5
run_02485,multi_hop,success,,,8
run_02486,fact_lookup,fail,bad_tool_arguments,2,5
run_02487,multi_hop,success,,,10
run_02488,multi_hop,fail,context_ignored,7,8
run_02489,math_lookup,fail,corrupted_state,3,5
run_02490,multi_hop,fail,retry_loop,4,12
run_02491,fact_lookup,success,,,5
run_02492,fact_lookup,fail,bad_tool_arguments,2,5
run_02493,fact_lookup,success,,,5
run_02494,multi_hop,success,,,8
run_02495,fact_lookup,fail,corrupted_state,3,5
run_02496,math_lookup,fail,retry_loop,1,9
run_02497,math_lookup,success,,,5
run_02498,multi_hop,success,,,8
run_02499,fact_lookup,success,,,7
run_02500,math_lookup,fail,context_ignored,4,5
run_02501,fact_lookup,success,,,5
run_02502,fact_lookup,fail,retry_loop,1,9
run_02503,fact_lookup,success,,,5
run_02504,math_lookup,success,,,7
run_02505,math_lookup,success,,,5
run_02506,multi_hop,fail,context_ignored,7,8
run_02507,multi_hop,success,,,8
run_02508,fact_lookup,fail,retry_loop,1,9
run_02509,math_lookup,success,,,5
run_02510,fact_lookup,fail,bad_tool_arguments,2,5
run_02511,math_lookup,success,,,5
run_02512,fact_lookup,success,,,5
run_02513,multi_hop,success,,,8
run_02514,fact_lookup,success,,,5
run_02515,math_lookup,success,,,5
run_02516,fact_lookup,success,,,7
run_02517,multi_hop,success,,,10
run_02518,fact_lookup,success,,,5
run_02519,fact_lookup,success,,,5
run_02520,multi_hop,success,,,8
run_02521,math_lookup,success,,,7
run_02522,multi_hop,fail,bad_tool_arguments,5,8
run_02523,fact_lookup,fail,tool_error_ignored,3,5
run_02524,fact_lookup,success,,,5
run_02525,math_lookup,fail,corrupted_state,5,7
run_02526,math_lookup,success,,,7
run_02527,multi_hop,success,,,8
run_02528,math_lookup,success,,,7
run_02529,math_lookup,success,,,5
run_02530,fact_lookup,fail,context_ignored,4,5
run_02531,math_lookup,success,,,7
run_02532,math_lookup,success,,,5
run_02533,fact_lookup,success,,,7
run_02534,fact_lookup,success,,,5
run_02535,math_lookup,success,,,5
run_02536,math_lookup,success,,,7
run_02537,math_lookup,fail,corrupted_state,3,5
run_02538,multi_hop,fail,retry_loop,1,9
run_02539,multi_hop,success,,,8
run_02540,math_lookup,fail,bad_tool_arguments,2,5
run_02541,math_lookup,success,,,5
run_02542,fact_lookup,success,,,5
run_02543,multi_hop,fail,corrupted_state,6,8
run_02544,math_lookup,success,,,5
run_02545,math_lookup,fail,wrong_tool_selected,1,5
run_02546,math_lookup,fail,bad_tool_arguments,2,5
run_02547,fact_lookup,success,,,5
run_02548,multi_hop,success,,,10
run_02549,fact_lookup,success,,,7
run_02550,math_lookup,fail,retry_loop,1,9
run_02551,multi_hop,success,,,8
run_02552,fact_lookup,fail,bad_tool_arguments,2,5
run_02553,multi_hop,success,,,10
run_02554,math_lookup,fail,context_ignored,4,5
run_02555,math_lookup,success,,,7
run_02556,fact_lookup,success,,,7
run_02557,math_lookup,fail,wrong_tool_selected,1,5
run_02558,fact_lookup,fail,bad_tool_arguments,2,5
run_02559,fact_lookup,success,,,5
run_02560,multi_hop,success,,,8
run_02561,fact_lookup,success,,,7
run_02562,fact_lookup,fail,retry_loop,1,9
run_02563,math_lookup,success,,,5
run_02564,math_lookup,success,,,5
run_02565,math_lookup,success,,,5
run_02566,math_lookup,success,,,5
run_02567,fact_lookup,fail,corrupted_state,3,5
run_02568,math_lookup,success,,,5
run_02569,math_lookup,fail,wrong_tool_selected,1,5
run_02570,math_lookup,fail,bad_tool_arguments,2,5
run_02571,multi_hop,success,,,8
run_02572,multi_hop,success,,,8
run_02573,math_lookup,success,,,5
run_02574,fact_lookup,fail,retry_loop,1,9
run_02575,math_lookup,success,,,7
run_02576,fact_lookup,success,,,5
run_02577,fact_lookup,success,,,5
run_02578,multi_hop,success,,,8
run_02579,fact_lookup,success,,,5
run_02580,math_lookup,fail,retry_loop,1,9
run_02581,math_lookup,fail,wrong_tool_selected,1,5
run_02582,multi_hop,success,,,8
run_02583,multi_hop,success,,,8
run_02584,math_lookup,fail,context_ignored,4,5
run_02585,multi_hop,fail,corrupted_state,3,8
run_02586,math_lookup,success,,,7
run_02587,math_lookup,fail,wrong_tool_selected,1,5
run_02588,math_lookup,success,,,5
run_02589,fact_lookup,success,,,5
run_02590,fact_lookup,success,,,5
run_02591,multi_hop,fail,corrupted_state,3,8
run_02592,math_lookup,fail,retry_loop,1,9
run_02593,fact_lookup,fail,wrong_tool_selected,1,5
run_02594,fact_lookup,success,,,5
run_02595,math_lookup,fail,tool_error_ignored,3,5
run_02596,fact_lookup,fail,context_ignored,4,5
run_02597,fact_lookup,success,,,5
run_02598,math_lookup,success,,,5
run_02599,math_lookup,success,,,5
run_02600,fact_lookup,success,,,5
run_02601,math_lookup,success,,,5
run_02602,fact_lookup,fail,context_ignored,4,5
run_02603,math_lookup,fail,corrupted_state,3,5
run_02604,fact_lookup,success,,,5
run_02605,math_lookup,success,,,5
run_02606,math_lookup,fail,bad_tool_arguments,2,5
run_02607,multi_hop,fail,tool_error_ignored,6,8
run_02608,fact_lookup,fail,context_ignored,4,5
run_02609,math_lookup,success,,,7
run_02610,fact_lookup,fail,retry_loop,1,9
run_02611,math_lookup,fail,wrong_tool_selected,1,5
run_02612,math_lookup,fail,bad_tool_arguments,2,5
run_02613,fact_lookup,success,,,5
run_02614,math_lookup,success,,,5
run_02615,fact_lookup,success,,,7
run_02616,math_lookup,success,,,5
run_02617,multi_hop,success,,,8
run_02618,math_lookup,success,,,5
run_02619,multi_hop,success,,,8
run_02620,multi_hop,fail,context_ignored,7,8
run_02621,fact_lookup,fail,corrupted_state,3,5
run_02622,math_lookup,fail,retry_loop,1,9
run_02623,multi_hop,success,,,8
run_02624,fact_lookup,success,,,5
run_02625,multi_hop,success,,,8
run_02626,fact_lookup,success,,,5
run_02627,fact_lookup,success,,,5
run_02628,math_lookup,success,,,7
run_02629,math_lookup,success,,,5
run_02630,multi_hop,fail,bad_tool_arguments,5,8
run_02631,math_lookup,fail,tool_error_ignored,3,5
run_02632,fact_lookup,fail,context_ignored,4,5
run_02633,multi_hop,fail,corrupted_state,8,9
run_02634,fact_lookup,success,,,5
run_02635,math_lookup,fail,wrong_tool_selected,1,5
run_02636,fact_lookup,success,,,5
run_02637,fact_lookup,success,,,5
run_02638,multi_hop,success,,,8
run_02639,math_lookup,success,,,5
run_02640,multi_hop,fail,retry_loop,1,9
run_02641,math_lookup,success,,,5
run_02642,fact_lookup,success,,,5
run_02643,math_lookup,success,,,5
run_02644,math_lookup,fail,context_ignored,4,5
run_02645,math_lookup,success,,,5
run_02646,math_lookup,success,,,5
run_02647,math_lookup,success,,,5
run_02648,math_lookup,success,,,5
run_02649,multi_hop,fail,tool_error_ignored,3,5
run_02650,multi_hop,success,,,8
run_02651,math_lookup,success,,,5
run_02652,multi_hop,success,,,8
run_02653,fact_lookup,fail,wrong_tool_selected,1,5
run_02654,math_lookup,success,,,5
run_02655,multi_hop,success,,,8
run_02656,math_lookup,fail,context_ignored,4,5
run_02657,fact_lookup,fail,corrupted_state,3,5
run_02658,multi_hop,fail,retry_loop,4,12
run_02659,fact_lookup,success,,,5
run_02660,multi_hop,success,,,8
run_02661,fact_lookup,success,,,5
run_02662,math_lookup,success,,,7
run_02663,math_lookup,success,,,5
run_02664,fact_lookup,success,,,5
run_02665,math_lookup,fail,wrong_tool_selected,1,5
run_02666,fact_lookup,success,,,5
run_02667,multi_hop,fail,tool_error_ignored,6,8
run_02668,math_lookup,success,,,7
run_02669,multi_hop,fail,corrupted_state,6,8
run_02670,math_lookup,success,,,5
run_02671,multi_hop,success,,,10
run_02672,math_lookup,success,,,5
run_02673,math_lookup,success,,,7
run_02674,fact_lookup,success,,,5
run_02675,math_lookup,success,,,5
run_02676,multi_hop,success,,,10
run_02677,multi_hop,success,,,8
run_02678,multi_hop,success,,,10
run_02679,multi_hop,fail,tool_error_ignored,6,8
run_02680,fact_lookup,fail,context_ignored,4,5
run_02681,fact_lookup,success,,,7
run_02682,fact_lookup,success,,,5
run_02683,math_lookup,fail,wrong_tool_selected,1,5
run_02684,math_lookup,success,,,5
run_02685,math_lookup,fail,tool_error_ignored,3,5
run_02686,multi_hop,success,,,10
run_02687,math_lookup,success,,,5
run_02688,fact_lookup,fail,retry_loop,1,9
run_02689,fact_lookup,success,,,5
run_02690,fact_lookup,success,,,7
run_02691,multi_hop,fail,tool_error_ignored,8,10
run_02692,multi_hop,success,,,8
run_02693,fact_lookup,success,,,5
run_02694,fact_lookup,success,,,5
run_02695,fact_lookup,success,,,5
run_02696,fact_lookup,fail,bad_tool_arguments,2,5
run_02697,fact_lookup,fail,tool_error_ignored,3,5
run_02698,fact_lookup,success,,,5
run_02699,math_lookup,success,,,5
run_02700,fact_lookup,success,,,5
run_02701,math_lookup,success,,,5
run_02702,math_lookup,fail,bad_tool_arguments,2,5
run_02703,multi_hop,fail,tool_error_ignored,6,8
run_02704,multi_hop,success,,,8
run_02705,fact_lookup,fail,corrupted_state,3,5
run_02706,multi_hop,success,,,8
run_02707,multi_hop,success,,,8
run_02708,fact_lookup,fail,bad_tool_arguments,2,5
run_02709,multi_hop,success,,,8
run_02710,math_lookup,fail,context_ignored,4,5
run_02711,math_lookup,success,,,5
run_02712,multi_hop,success,,,8
run_02713,fact_lookup,success,,,5
run_02714,fact_lookup,success,,,5
run_02715,math_lookup,fail,tool_error_ignored,3,5
run_02716,multi_hop,fail,context_ignored,7,8
run_02717,math_lookup,fail,corrupted_state,3,5
run_02718,math_lookup,success,,,5
run_02719,math_lookup,success,,,7
run_02720,fact_lookup,fail,bad_tool_arguments,2,5
run_02721,fact_lookup,success,,,5
run_02722,multi_hop,success,,,8
run_02723,fact_lookup,fail,corrupted_state,3,5
run_02724,fact_lookup,success,,,5
run_02725,multi_hop,success,,,10
run_02726,math_lookup,fail,bad_tool_arguments,2,5
run_02727,math_lookup,success,,,7
run_02728,multi_hop,fail,context_ignored,7,8
run_02729,multi_hop,success,,,8
run_02730,math_lookup,fail,retry_loop,1,9
run_02731,fact_lookup,fail,wrong_tool_selected,1,5
run_02732,multi_hop,success,,,8
run_02733,math_lookup,success,,,5
run_02734,fact_lookup,success,,,5
run_02735,math_lookup,success,,,5
run_02736,math_lookup,fail,retry_loop,1,9
run_02737,fact_lookup,success,,,5
run_02738,math_lookup,success,,,5
run_02739,fact_lookup,success,,,5
run_02740,math_lookup,success,,,5
run_02741,fact_lookup,success,,,5
run_02742,multi_hop,fail,retry_loop,4,12
run_02743,math_lookup,fail,wrong_tool_selected,1,5
run_02744,fact_lookup,success,,,5
run_02745,fact_lookup,success,,,5
run_02746,multi_hop,fail,context_ignored,7,8
run_02747,multi_hop,success,,,8
run_02748,math_lookup,success,,,5
run_02749,multi_hop,success,,,8
run_02750,multi_hop,success,,,10
run_02751,multi_hop,success,,,8
run_02752,multi_hop,success,,,8
run_02753,fact_lookup,fail,corrupted_state,3,5
run_02754,multi_hop,success,,,8
run_02755,math_lookup,success,,,7
run_02756,multi_hop,fail,bad_tool_arguments,2,5
run_02757,math_lookup,success,,,5
run_02758,math_lookup,fail,context_ignored,4,5
run_02759,math_lookup,success,,,7
run_02760,math_lookup,success,,,7
run_02761,fact_lookup,success,,,7
run_02762,multi_hop,fail,bad_tool_arguments,5,8
run_02763,multi_hop,success,,,10
run_02764,math_lookup,fail,context_ignored,4,5
run_02765,multi_hop,success,,,10
run_02766,multi_hop,success,,,8
run_02767,fact_lookup,success,,,5
run_02768,multi_hop,fail,bad_tool_arguments,2,5
run_02769,math_lookup,fail,tool_error_ignored,3,5
run_02770,multi_hop,fail,context_ignored,7,8
run_02771,multi_hop,success,,,8
run_02772,multi_hop,success,,,8
run_02773,math_lookup,success,,,5
run_02774,multi_hop,success,,,8
run_02775,math_lookup,success,,,5
run_02776,multi_hop,fail,context_ignored,7,8
run_02777,fact_lookup,success,,,7
run_02778,multi_hop,fail,retry_loop,4,12
run_02779,fact_lookup,fail,wrong_tool_selected,1,5
run_02780,multi_hop,success,,,8
run_02781,fact_lookup,success,,,5
run_02782,math_lookup,success,,,5
run_02783,math_lookup,fail,corrupted_state,3,5
run_02784,fact_lookup,success,,,7
run_02785,fact_lookup,fail,wrong_tool_selected,1,5
run_02786,fact_lookup,success,,,7
run_02787,math_lookup,success,,,5
run_02788,math_lookup,fail,context_ignored,4,5
run_02789,fact_lookup,success,,,5
run_02790,fact_lookup,success,,,5
run_02791,fact_lookup,success,,,5
run_02792,math_lookup,success,,,5
run_02793,multi_hop,success,,,8
run_02794,math_lookup,fail,context_ignored,4,5
run_02795,fact_lookup,success,,,5
run_02796,multi_hop,fail,retry_loop,1,9
run_02797,fact_lookup,fail,wrong_tool_selected,1,5
run_02798,fact_lookup,success,,,5
run_02799,math_lookup,fail,tool_error_ignored,3,5
run_02800,math_lookup,fail,context_ignored,4,5
run_02801,math_lookup,success,,,5
run_02802,math_lookup,success,,,7
run_02803,math_lookup,success,,,7
run_02804,multi_hop,success,,,8
run_02805,fact_lookup,fail,tool_error_ignored,3,5
run_02806,fact_lookup,fail,context_ignored,4,5
run_02807,fact_lookup,fail,corrupted_state,3,5
run_02808,math_lookup,fail,retry_loop,1,9
run_02809,fact_lookup,success,,,5
run_02810,fact_lookup,fail,bad_tool_arguments,2,5
run_02811,multi_hop,success,,,8
run_02812,fact_lookup,success,,,5
run_02813,multi_hop,success,,,8
run_02814,fact_lookup,fail,retry_loop,1,9
run_02815,math_lookup,fail,wrong_tool_selected,1,5
run_02816,math_lookup,success,,,5
run_02817,fact_lookup,fail,tool_error_ignored,3,5
run_02818,fact_lookup,fail,context_ignored,4,5
run_02819,multi_hop,fail,corrupted_state,6,8
run_02820,math_lookup,success,,,5
run_02821,fact_lookup,success,,,5
run_02822,multi_hop,fail,bad_tool_arguments,5,8
run_02823,multi_hop,success,,,10
run_02824,math_lookup,success,,,5
run_02825,fact_lookup,success,,,7
run_02826,math_lookup,success,,,5
run_02827,math_lookup,fail,wrong_tool_selected,1,5
run_02828,multi_hop,success,,,10
run_02829,math_lookup,success,,,5
run_02830,fact_lookup,success,,,5
run_02831,fact_lookup,fail,corrupted_state,5,7
run_02832,math_lookup,fail,retry_loop,1,9
run_02833,math_lookup,success,,,5
run_02834,fact_lookup,fail,bad_tool_arguments,2,5
run_02835,math_lookup,fail,tool_error_ignored,3,5
run_02836,fact_lookup,success,,,5
run_02837,multi_hop,fail,corrupted_state,6,7
run_02838,fact_lookup,success,,,5
run_02839,fact_lookup,success,,,7
run_02840,multi_hop,success,,,10
run_02841,math_lookup,fail,tool_error_ignored,3,5
run_02842,fact_lookup,success,,,5
run_02843,multi_hop,success,,,10
run_02844,fact_lookup,fail,retry_loop,1,9
run_02845,fact_lookup,success,,,5
run_02846,math_lookup,success,,,5
run_02847,math_lookup,fail,tool_error_ignored,3,5
run_02848,math_lookup,fail,context_ignored,4,5
run_02849,fact_lookup,fail,corrupted_state,3,5
run_02850,math_lookup,success,,,5
run_02851,math_lookup,success,,,5
run_02852,multi_hop,success,,,8
run_02853,fact_lookup,success,,,5
run_02854,fact_lookup,fail,context_ignored,4,5
run_02855,math_lookup,fail,corrupted_state,3,5
run_02856,fact_lookup,success,,,5
run_02857,fact_lookup,fail,wrong_tool_selected,1,5
run_02858,multi_hop,success,,,8
run_02859,math_lookup,success,,,5
run_02860,fact_lookup,fail,context_ignored,4,5
run_02861,fact_lookup,success,,,7
run_02862,multi_hop,success,,,8
run_02863,fact_lookup,success,,,5
run_02864,math_lookup,fail,bad_tool_arguments,2,5
run_02865,multi_hop,success,,,8
run_02866,multi_hop,success,,,8
run_02867,fact_lookup,success,,,5
run_02868,multi_hop,success,,,8
run_02869,multi_hop,success,,,8
run_02870,math_lookup,fail,bad_tool_arguments,2,5
run_02871,multi_hop,success,,,10
run_02872,multi_hop,success,,,10
run_02873,multi_hop,fail,corrupted_state,3,8
run_02874,fact_lookup,success,,,5
run_02875,fact_lookup,fail,wrong_tool_selected,1,5
run_02876,math_lookup,fail,bad_tool_arguments,2,5
run_02877,math_lookup,success,,,5
run_02878,fact_lookup,success,,,5
run_02879,math_lookup,success,,,5
run_02880,fact_lookup,success,,,5
run_02881,fact_lookup,success,,,5
run_02882,multi_hop,success,,,8
run_02883,fact_lookup,fail,tool_error_ignored,3,5
run_02884,math_lookup,success,,,5
run_02885,math_lookup,success,,,5
run_02886,fact_lookup,fail,retry_loop,1,9
run_02887,fact_lookup,success,,,5
run_02888,fact_lookup,success,,,5
run_02889,fact_lookup,fail,tool_error_ignored,3,5
run_02890,multi_hop,fail,context_ignored,7,8
run_02891,fact_lookup,success,,,7
run_02892,fact_lookup,success,,,5
run_02893,fact_lookup,success,,,5
run_02894,fact_lookup,success,,,5
run_02895,math_lookup,success,,,5
run_02896,multi_hop,success,,,10
run_02897,fact_lookup,success,,,5
run_02898,math_lookup,success,,,5
run_02899,fact_lookup,success,,,5
run_02900,fact_lookup,success,,,5
run_02901,math_lookup,success,,,5
run_02902,fact_lookup,success,,,5
run_02903,multi_hop,success,,,8
run_02904,fact_lookup,success,,,7
run_02905,math_lookup,fail,wrong_tool_selected,1,5
run_02906,multi_hop,fail,bad_tool_arguments,2,5
run_02907,multi_hop,success,,,10
run_02908,fact_lookup,success,,,7
run_02909,math_lookup,success,,,5
run_02910,multi_hop,success,,,8
run_02911,multi_hop,success,,,8
run_02912,math_lookup,fail,bad_tool_arguments,2,5
run_02913,math_lookup,success,,,5
run_02914,multi_hop,success,,,8
run_02915,fact_lookup,fail,corrupted_state,3,5
run_02916,fact_lookup,fail,retry_loop,1,9
run_02917,multi_hop,success,,,8
run_02918,multi_hop,success,,,10
run_02919,fact_lookup,success,,,5
run_02920,math_lookup,fail,context_ignored,4,5
run_02921,multi_hop,success,,,10
run_02922,math_lookup,success,,,5
run_02923,math_lookup,success,,,5
run_02924,math_lookup,fail,bad_tool_arguments,2,5
run_02925,multi_hop,fail,tool_error_ignored,5,7
run_02926,math_lookup,fail,context_ignored,4,5
run_02927,math_lookup,success,,,5
run_02928,math_lookup,success,,,7
run_02929,multi_hop,success,,,8
run_02930,math_lookup,fail,bad_tool_arguments,2,5
run_02931,multi_hop,success,,,10
run_02932,multi_hop,success,,,8
run_02933,multi_hop,success,,,10
run_02934,math_lookup,success,,,5
run_02935,math_lookup,success,,,7
run_02936,fact_lookup,success,,,5
run_02937,fact_lookup,success,,,7
run_02938,fact_lookup,success,,,5
run_02939,multi_hop,fail,corrupted_state,3,8
run_02940,multi_hop,success,,,8
run_02941,multi_hop,fail,wrong_tool_selected,1,5
run_02942,multi_hop,fail,bad_tool_arguments,2,5
run_02943,fact_lookup,success,,,7
run_02944,multi_hop,success,,,8
run_02945,math_lookup,fail,corrupted_state,5,6
run_02946,math_lookup,fail,retry_loop,1,9
run_02947,fact_lookup,success,,,5
run_02948,math_lookup,fail,bad_tool_arguments,2,5
run_02949,fact_lookup,success,,,5
run_02950,math_lookup,fail,context_ignored,4,5
run_02951,multi_hop,success,,,8
run_02952,fact_lookup,success,,,5
run_02953,multi_hop,fail,wrong_tool_selected,4,8
run_02954,fact_lookup,success,,,5
run_02955,fact_lookup,success,,,5
run_02956,multi_hop,success,,,8
run_02957,math_lookup,success,,,5
run_02958,fact_lookup,fail,retry_loop,1,9
run_02959,multi_hop,success,,,8
run_02960,math_lookup,success,,,5
run_02961,math_lookup,success,,,7
run_02962,multi_hop,fail,context_ignored,7,8
run_02963,math_lookup,fail,corrupted_state,3,5
run_02964,fact_lookup,success,,,5
run_02965,math_lookup,success,,,5
run_02966,math_lookup,fail,bad_tool_arguments,2,5
run_02967,fact_lookup,success,,,5
run_02968,fact_lookup,success,,,5
run_02969,math_lookup,success,,,5
run_02970,math_lookup,success,,,5
run_02971,multi_hop,success,,,8
run_02972,fact_lookup,success,,,5
run_02973,math_lookup,fail,tool_error_ignored,3,5
run_02974,multi_hop,fail,context_ignored,7,8
run_02975,fact_lookup,success,,,5
run_02976,math_lookup,fail,retry_loop,1,9
run_02977,fact_lookup,success,,,5
run_02978,fact_lookup,success,,,5
run_02979,math_lookup,fail,tool_error_ignored,3,5
run_02980,fact_lookup,success,,,5
run_02981,multi_hop,success,,,10
run_02982,math_lookup,fail,retry_loop,1,9
run_02983,multi_hop,success,,,8
run_02984,multi_hop,success,,,10
run_02985,multi_hop,success,,,8
run_02986,math_lookup,success,,,5
run_02987,multi_hop,fail,corrupted_state,3,8
run_02988,fact_lookup,fail,retry_loop,1,9
run_02989,fact_lookup,fail,wrong_tool_selected,1,5
run_02990,math_lookup,fail,bad_tool_arguments,2,5
run_02991,multi_hop,fail,tool_error_ignored,3,5
run_02992,multi_hop,fail,context_ignored,7,8
run_02993,fact_lookup,success,,,5
run_02994,fact_lookup,success,,,5
run_02995,math_lookup,fail,wrong_tool_selected,1,5
run_02996,math_lookup,fail,bad_tool_arguments,2,5
run_02997,math_lookup,success,,,7
run_02998,math_lookup,success,,,7
run_02999,multi_hop,success,,,8
run_03000,math_lookup,success,,,5
run_03001,math_lookup,fail,wrong_tool_selected,1,5
run_03002,multi_hop,success,,,8
run_03003,math_lookup,success,,,7
run_03004,fact_lookup,fail,context_ignored,4,5
run_03005,fact_lookup,success,,,7
run_03006,math_lookup,fail,retry_loop,1,9
run_03007,math_lookup,fail,wrong_tool_selected,1,5
run_03008,fact_lookup,success,,,5
run_03009,fact_lookup,success,,,7
run_03010,fact_lookup,fail,context_ignored,4,5
run_03011,multi_hop,fail,corrupted_state,8,10
run_03012,fact_lookup,fail,retry_loop,1,9
run_03013,fact_lookup,success,,,5
run_03014,math_lookup,success,,,5
run_03015,math_lookup,fail,tool_error_ignored,3,5
run_03016,math_lookup,success,,,5
run_03017,math_lookup,success,,,5
run_03018,fact_lookup,success,,,5
run_03019,multi_hop,success,,,8
run_03020,multi_hop,fail,bad_tool_arguments,5,8
run_03021,fact_lookup,fail,tool_error_ignored,3,5
run_03022,math_lookup,success,,,7
run_03023,math_lookup,success,,,5
run_03024,fact_lookup,success,,,7
run_03025,fact_lookup,success,,,7
run_03026,math_lookup,success,,,5
run_03027,math_lookup,success,,,7
run_03028,multi_hop,success,,,10
run_03029,multi_hop,fail,corrupted_state,3,8
run_03030,fact_lookup,success,,,5
run_03031,fact_lookup,success,,,5
run_03032,fact_lookup,fail,bad_tool_arguments,2,5
run_03033,multi_hop,success,,,8
run_03034,fact_lookup,success,,,5
run_03035,fact_lookup,fail,corrupted_state,3,5
run_03036,fact_lookup,success,,,7
run_03037,fact_lookup,success,,,7
run_03038,multi_hop,fail,bad_tool_arguments,2,5
run_03039,fact_lookup,success,,,5
run_03040,multi_hop,fail,context_ignored,7,8
run_03041,math_lookup,success,,,7
run_03042,fact_lookup,fail,retry_loop,1,9
run_03043,fact_lookup,success,,,7
run_03044,multi_hop,fail,bad_tool_arguments,2,5
run_03045,fact_lookup,success,,,5
run_03046,multi_hop,success,,,8
run_03047,math_lookup,success,,,5
run_03048,fact_lookup,fail,retry_loop,1,9
run_03049,fact_lookup,success,,,5
run_03050,math_lookup,fail,bad_tool_arguments,2,5
run_03051,fact_lookup,success,,,5
run_03052,math_lookup,success,,,5
run_03053,multi_hop,fail,corrupted_state,6,8
run_03054,fact_lookup,success,,,5
run_03055,math_lookup,success,,,5
run_03056,multi_hop,success,,,8
run_03057,math_lookup,success,,,7
run_03058,fact_lookup,fail,context_ignored,4,5
run_03059,multi_hop,success,,,8
run_03060,fact_lookup,fail,retry_loop,1,9
run_03061,multi_hop,fail,wrong_tool_selected,4,8
run_03062,fact_lookup,fail,bad_tool_arguments,2,5
run_03063,multi_hop,fail,tool_error_ignored,6,7
run_03064,fact_lookup,fail,context_ignored,4,5
run_03065,fact_lookup,fail,corrupted_state,3,5
run_03066,fact_lookup,success,,,5
run_03067,fact_lookup,success,,,5
run_03068,fact_lookup,success,,,5
run_03069,fact_lookup,success,,,7
run_03070,math_lookup,success,,,5
run_03071,multi_hop,fail,corrupted_state,6,8
run_03072,fact_lookup,fail,retry_loop,1,9
run_03073,fact_lookup,fail,wrong_tool_selected,1,5
run_03074,fact_lookup,success,,,5
run_03075,fact_lookup,fail,tool_error_ignored,3,5
run_03076,multi_hop,fail,context_ignored,7,8
run_03077,fact_lookup,success,,,5
run_03078,fact_lookup,fail,retry_loop,1,9
run_03079,math_lookup,success,,,5
run_03080,math_lookup,fail,bad_tool_arguments,2,5
run_03081,multi_hop,fail,tool_error_ignored,6,7
run_03082,fact_lookup,fail,context_ignored,4,5
run_03083,multi_hop,success,,,8
run_03084,math_lookup,fail,retry_loop,1,9
run_03085,fact_lookup,success,,,5
run_03086,fact_lookup,success,,,7
run_03087,math_lookup,success,,,7
run_03088,multi_hop,success,,,8
run_03089,fact_lookup,success,,,5
run_03090,fact_lookup,fail,retry_loop,1,9
run_03091,fact_lookup,fail,wrong_tool_selected,1,5
run_03092,math_lookup,success,,,5
run_03093,fact_lookup,fail,tool_error_ignored,3,5
run_03094,math_lookup,success,,,7
run_03095,fact_lookup,success,,,5
run_03096,multi_hop,fail,retry_loop,4,12
run_03097,math_lookup,success,,,5
run_03098,math_lookup,success,,,5
run_03099,multi_hop,fail,tool_error_ignored,6,7
run_03100,math_lookup,success,,,5
run_03101,math_lookup,fail,corrupted_state,3,5
run_03102,fact_lookup,success,,,7
run_03103,fact_lookup,success,,,5
run_03104,multi_hop,success,,,8
run_03105,math_lookup,success,,,7
run_03106,multi_hop,fail,context_ignored,7,8
run_03107,multi_hop,success,,,8
run_03108,math_lookup,success,,,5
run_03109,fact_lookup,fail,wrong_tool_selected,1,5
run_03110,math_lookup,fail,bad_tool_arguments,2,5
run_03111,multi_hop,success,,,8
run_03112,math_lookup,success,,,5
run_03113,multi_hop,success,,,8
run_03114,math_lookup,success,,,7
run_03115,fact_lookup,success,,,7
run_03116,math_lookup,success,,,5
run_03117,fact_lookup,success,,,5
run_03118,fact_lookup,fail,context_ignored,4,5
run_03119,math_lookup,success,,,5
run_03120,math_lookup,fail,retry_loop,1,9
run_03121,fact_lookup,fail,wrong_tool_selected,1,5
run_03122,multi_hop,fail,bad_tool_arguments,2,5
run_03123,math_lookup,success,,,7
run_03124,multi_hop,success,,,8
run_03125,math_lookup,success,,,5
run_03126,multi_hop,success,,,8
run_03127,multi_hop,success,,,10
run_03128,fact_lookup,success,,,7
run_03129,math_lookup,success,,,7
run_03130,multi_hop,success,,,8
run_03131,multi_hop,success,,,8
run_03132,fact_lookup,success,,,5
run_03133,fact_lookup,success,,,7
run_03134,fact_lookup,success,,,5
run_03135,math_lookup,fail,tool_error_ignored,5,6
run_03136,fact_lookup,fail,context_ignored,4,5
run_03137,multi_hop,success,,,8
run_03138,multi_hop,success,,,10
run_03139,math_lookup,success,,,5
run_03140,fact_lookup,success,,,5
run_03141,multi_hop,success,,,8
run_03142,math_lookup,fail,context_ignored,4,5
run_03143,math_lookup,fail,corrupted_state,3,5
run_03144,multi_hop,success,,,8
run_03145,multi_hop,fail,wrong_tool_selected,4,8
run_03146,multi_hop,success,,,8
run_03147,math_lookup,success,,,5
run_03148,math_lookup,success,,,5
run_03149,math_lookup,success,,,7
run_03150,math_lookup,fail,retry_loop,1,9
run_03151,multi_hop,success,,,8
run_03152,multi_hop,success,,,8
run_03153,fact_lookup,success,,,5
run_03154,math_lookup,success,,,5
run_03155,fact_lookup,success,,,5
run_03156,math_lookup,fail,retry_loop,1,9
run_03157,math_lookup,success,,,5
run_03158,math_lookup,fail,bad_tool_arguments,2,5
run_03159,multi_hop,success,,,10
run_03160,math_lookup,success,,,5
run_03161,multi_hop,success,,,8
run_03162,math_lookup,fail,retry_loop,1,9
run_03163,fact_lookup,success,,,5
run_03164,fact_lookup,success,,,5
run_03165,math_lookup,success,,,7
run_03166,fact_lookup,fail,context_ignored,4,5
run_03167,math_lookup,success,,,5
run_03168,multi_hop,success,,,8
run_03169,math_lookup,success,,,7
run_03170,math_lookup,success,,,5
run_03171,fact_lookup,success,,,5
run_03172,multi_hop,success,,,8
run_03173,math_lookup,success,,,5
run_03174,math_lookup,success,,,5
run_03175,fact_lookup,fail,wrong_tool_selected,1,5
run_03176,math_lookup,success,,,5
run_03177,multi_hop,success,,,8
run_03178,math_lookup,fail,context_ignored,4,5
run_03179,fact_lookup,fail,corrupted_state,5,7
run_03180,multi_hop,fail,retry_loop,1,9
run_03181,multi_hop,fail,wrong_tool_selected,1,5
run_03182,fact_lookup,success,,,5
run_03183,fact_lookup,success,,,5
run_03184,multi_hop,success,,,8
run_03185,math_lookup,success,,,5
run_03186,math_lookup,success,,,5
run_03187,math_lookup,success,,,5
run_03188,fact_lookup,fail,bad_tool_arguments,2,5
run_03189,fact_lookup,success,,,5
run_03190,math_lookup,success,,,5
run_03191,math_lookup,success,,,5
run_03192,fact_lookup,fail,retry_loop,1,9
run_03193,math_lookup,success,,,5
run_03194,multi_hop,fail,bad_tool_arguments,2,5
run_03195,multi_hop,success,,,8
run_03196,multi_hop,success,,,8
run_03197,fact_lookup,success,,,5
run_03198,fact_lookup,fail,retry_loop,1,9
run_03199,multi_hop,success,,,8
run_03200,fact_lookup,success,,,7
run_03201,math_lookup,success,,,5
run_03202,math_lookup,success,,,5
run_03203,math_lookup,success,,,5
run_03204,multi_hop,success,,,8
run_03205,fact_lookup,success,,,5
run_03206,fact_lookup,success,,,5
run_03207,math_lookup,success,,,7
run_03208,fact_lookup,success,,,5
run_03209,math_lookup,success,,,5
run_03210,fact_lookup,fail,retry_loop,1,9
run_03211,math_lookup,fail,wrong_tool_selected,1,5
run_03212,math_lookup,fail,bad_tool_arguments,2,5
run_03213,math_lookup,success,,,5
run_03214,multi_hop,success,,,8
run_03215,math_lookup,fail,corrupted_state,3,5
run_03216,math_lookup,success,,,5
run_03217,fact_lookup,success,,,5
run_03218,math_lookup,fail,bad_tool_arguments,2,5
run_03219,math_lookup,success,,,5
run_03220,multi_hop,success,,,8
run_03221,multi_hop,success,,,8
run_03222,multi_hop,success,,,8
run_03223,math_lookup,fail,wrong_tool_selected,1,5
run_03224,math_lookup,fail,bad_tool_arguments,2,5
run_03225,fact_lookup,success,,,5
run_03226,math_lookup,fail,context_ignored,4,5
run_03227,math_lookup,success,,,5
run_03228,multi_hop,success,,,10
run_03229,multi_hop,success,,,8
run_03230,math_lookup,fail,bad_tool_arguments,2,5
run_03231,fact_lookup,success,,,5
run_03232,fact_lookup,success,,,5
run_03233,math_lookup,success,,,5
run_03234,math_lookup,success,,,5
run_03235,fact_lookup,fail,wrong_tool_selected,1,5
run_03236,fact_lookup,success,,,5
run_03237,fact_lookup,fail,tool_error_ignored,5,6
run_03238,multi_hop,success,,,8
run_03239,multi_hop,fail,corrupted_state,5,10
run_03240,math_lookup,success,,,5
run_03241,multi_hop,fail,wrong_tool_selected,4,8
run_03242,math_lookup,success,,,7
run_03243,math_lookup,success,,,5
run_03244,fact_lookup,fail,context_ignored,4,5
run_03245,multi_hop,success,,,8
run_03246,fact_lookup,success,,,5
run_03247,multi_hop,fail,wrong_tool_selected,4,8
run_03248,math_lookup,success,,,5
run_03249,fact_lookup,success,,,5
run_03250,multi_hop,success,,,10
run_03251,math_lookup,success,,,7
run_03252,multi_hop,success,,,8
run_03253,fact_lookup,fail,wrong_tool_selected,1,5
run_03254,multi_hop,success,,,8
run_03255,math_lookup,success,,,5
run_03256,math_lookup,success,,,5
run_03257,multi_hop,fail,corrupted_state,3,8
run_03258,math_lookup,fail,retry_loop,1,9
run_03259,math_lookup,success,,,5
run_03260,fact_lookup,fail,bad_tool_arguments,2,5
run_03261,math_lookup,success,,,5
run_03262,math_lookup,success,,,7
run_03263,math_lookup,fail,corrupted_state,3,5
run_03264,multi_hop,fail,retry_loop,1,9
run_03265,fact_lookup,fail,wrong_tool_selected,1,5
run_03266,multi_hop,success,,,8
run_03267,fact_lookup,success,,,7
run_03268,multi_hop,fail,context_ignored,7,8
run_03269,math_lookup,fail,corrupted_state,3,5
run_03270,multi_hop,success,,,8
run_03271,math_lookup,success,,,5
run_03272,math_lookup,success,,,7
run_03273,fact_lookup,fail,tool_error_ignored,3,5
run_03274,math_lookup,fail,context_ignored,4,5
run_03275,fact_lookup,fail,corrupted_state,3,5
run_03276,math_lookup,fail,retry_loop,1,9
run_03277,math_lookup,fail,wrong_tool_selected,1,5
run_03278,fact_lookup,fail,bad_tool_arguments,2,5
run_03279,fact_lookup,success,,,5
run_03280,math_lookup,success,,,5
run_03281,math_lookup,fail,corrupted_state,3,5
run_03282,multi_hop,success,,,8
run_03283,math_lookup,fail,wrong_tool_selected,1,5
run_03284,fact_lookup,success,,,5
run_03285,math_lookup,success,,,7
run_03286,math_lookup,fail,context_ignored,4,5
run_03287,multi_hop,success,,,8
run_03288,math_lookup,fail,retry_loop,1,9
run_03289,multi_hop,success,,,8
run_03290,math_lookup,success,,,5
run_03291,multi_hop,success,,,10
run_03292,fact_lookup,success,,,7
run_03293,fact_lookup,fail,corrupted_state,3,5
run_03294,math_lookup,success,,,5
run_03295,multi_hop,fail,wrong_tool_selected,4,8
run_03296,multi_hop,success,,,8
run_03297,math_lookup,success,,,5
run_03298,math_lookup,fail,context_ignored,4,5
run_03299,multi_hop,success,,,8
run_03300,math_lookup,fail,retry_loop,1,9
run_03301,math_lookup,fail,wrong_tool_selected,1,5
run_03302,multi_hop,success,,,8
run_03303,multi_hop,success,,,8
run_03304,multi_hop,success,,,8
run_03305,math_lookup,success,,,5
run_03306,math_lookup,success,,,5
run_03307,multi_hop,fail,wrong_tool_selected,4,8
run_03308,math_lookup,success,,,5
run_03309,fact_lookup,success,,,5
run_03310,math_lookup,success,,,5
run_03311,multi_hop,success,,,10
run_03312,fact_lookup,success,,,5
run_03313,fact_lookup,fail,wrong_tool_selected,1,5
run_03314,multi_hop,success,,,8
run_03315,multi_hop,fail,tool_error_ignored,6,7
run_03316,fact_lookup,success,,,5
run_03317,multi_hop,success,,,8
run_03318,multi_hop,fail,retry_loop,4,12
run_03319,fact_lookup,success,,,5
run_03320,multi_hop,success,,,8
run_03321,multi_hop,success,,,10
run_03322,multi_hop,success,,,8
run_03323,fact_lookup,fail,corrupted_state,3,5
run_03324,fact_lookup,fail,retry_loop,1,9
run_03325,math_lookup,success,,,5
run_03326,multi_hop,fail,bad_tool_arguments,5,8
run_03327,multi_hop,success,,,8
run_03328,math_lookup,success,,,5
run_03329,math_lookup,fail,corrupted_state,5,7
run_03330,math_lookup,fail,retry_loop,1,9
run_03331,math_lookup,success,,,5
run_03332,fact_lookup,fail,bad_tool_arguments,2,5
run_03333,fact_lookup,success,,,5
run_03334,fact_lookup,success,,,7
run_03335,multi_hop,fail,corrupted_state,6,7
run_03336,math_lookup,success,,,7
run_03337,math_lookup,success,,,7
run_03338,multi_hop,fail,bad_tool_arguments,5,8
run_03339,fact_lookup,success,,,5
run_03340,multi_hop,success,,,10
run_03341,multi_hop,success,,,8
run_03342,multi_hop,fail,retry_loop,1,9
run_03343,multi_hop,fail,wrong_tool_selected,4,8
run_03344,multi_hop,success,,,8
run_03345,math_lookup,success,,,5
run_03346,multi_hop,fail,context_ignored,7,8
run_03347,math_lookup,fail,corrupted_state,3,5
run_03348,multi_hop,success,,,10
run_03349,fact_lookup,fail,wrong_tool_selected,1,5
run_03350,multi_hop,success,,,8
run_03351,math_lookup,success,,,5
run_03352,fact_lookup,success,,,5
run_03353,math_lookup,fail,corrupted_state,3,5
run_03354,multi_hop,success,,,8
run_03355,math_lookup,success,,,7
run_03356,math_lookup,success,,,5
run_03357,math_lookup,success,,,5
run_03358,math_lookup,success,,,5
run_03359,fact_lookup,fail,corrupted_state,5,7
run_03360,math_lookup,success,,,5
run_03361,multi_hop,success,,,8
run_03362,fact_lookup,fail,bad_tool_arguments,2,5
run_03363,multi_hop,success,,,10
run_03364,multi_hop,success,,,10
run_03365,math_lookup,success,,,7
run_03366,math_lookup,success,,,5
run_03367,fact_lookup,success,,,5
run_03368,fact_lookup,fail,bad_tool_arguments,2,5
run_03369,multi_hop,success,,,8
run_03370,fact_lookup,success,,,5
run_03371,math_lookup,success,,,5
run_03372,math_lookup,success,,,5
run_03373,fact_lookup,success,,,5
run_03374,multi_hop,success,,,8
run_03375,fact_lookup,fail,tool_error_ignored,3,5
run_03376,math_lookup,fail,context_ignored,4,5
run_03377,multi_hop,success,,,8
run_03378,multi_hop,success,,,8
run_03379,fact_lookup,fail,wrong_tool_selected,1,5
run_03380,fact_lookup,fail,bad_tool_arguments,2,5
run_03381,math_lookup,fail,tool_error_ignored,3,5
run_03382,multi_hop,fail,context_ignored,7,8
run_03383,multi_hop,fail,corrupted_state,5,10
run_03384,math_lookup,success,,,5
run_03385,fact_lookup,fail,wrong_tool_selected,1,5
run_03386,multi_hop,success,,,8
run_03387,math_lookup,success,,,5
run_03388,fact_lookup,fail,context_ignored,4,5
run_03389,fact_lookup,success,,,5
run_03390,math_lookup,success,,,7
run_03391,multi_hop,success,,,10
run_03392,multi_hop,success,,,8
run_03393,multi_hop,success,,,8
run_03394,fact_lookup,success,,,5
run_03395,math_lookup,success,,,7
run_03396,fact_lookup,success,,,5
run_03397,math_lookup,success,,,5
run_03398,multi_hop,success,,,8
run_03399,fact_lookup,fail,tool_error_ignored,3,5
run_03400,fact_lookup,success,,,5
run_03401,math_lookup,fail,corrupted_state,3,5
run_03402,math_lookup,success,,,5
run_03403,math_lookup,success,,,5
run_03404,fact_lookup,success,,,5
run_03405,math_lookup,success,,,5
run_03406,fact_lookup,fail,context_ignored,4,5
run_03407,multi_hop,success,,,8
run_03408,fact_lookup,fail,retry_loop,1,9
run_03409,fact_lookup,success,,,5
run_03410,multi_hop,success,,,8
run_03411,multi_hop,success,,,8
run_03412,fact_lookup,fail,context_ignored,4,5
run_03413,math_lookup,success,,,5
run_03414,fact_lookup,fail,retry_loop,1,9
run_03415,math_lookup,success,,,5
run_03416,math_lookup,fail,bad_tool_arguments,2,5
run_03417,multi_hop,success,,,8
run_03418,math_lookup,fail,context_ignored,4,5
run_03419,multi_hop,success,,,8
run_03420,multi_hop,fail,retry_loop,1,9
run_03421,fact_lookup,fail,wrong_tool_selected,1,5
run_03422,math_lookup,fail,bad_tool_arguments,2,5
run_03423,math_lookup,success,,,5
run_03424,multi_hop,fail,context_ignored,7,8
run_03425,fact_lookup,fail,corrupted_state,3,5
run_03426,multi_hop,success,,,10
run_03427,multi_hop,success,,,8
run_03428,math_lookup,success,,,5
run_03429,math_lookup,success,,,5
run_03430,math_lookup,success,,,5
run_03431,multi_hop,success,,,8
run_03432,math_lookup,fail,retry_loop,1,9
run_03433,fact_lookup,success,,,5
run_03434,math_lookup,success,,,5
run_03435,multi_hop,success,,,10
run_03436,fact_lookup,success,,,5
run_03437,math_lookup,success,,,5
run_03438,multi_hop,success,,,8
run_03439,fact_lookup,success,,,5
run_03440,multi_hop,fail,bad_tool_arguments,5,8
run_03441,multi_hop,success,,,8
run_03442,multi_hop,fail,context_ignored,7,8
run_03443,math_lookup,success,,,5
run_03444,math_lookup,fail,retry_loop,1,9
run_03445,fact_lookup,fail,wrong_tool_selected,1,5
run_03446,math_lookup,success,,,5
run_03447,multi_hop,success,,,8
run_03448,fact_lookup,fail,context_ignored,4,5
run_03449,fact_lookup,success,,,5
run_03450,math_lookup,success,,,5
run_03451,multi_hop,success,,,8
run_03452,multi_hop,fail,bad_tool_arguments,5,8
run_03453,math_lookup,fail,tool_error_ignored,3,5
run_03454,multi_hop,success,,,8
run_03455,multi_hop,success,,,8
run_03456,math_lookup,success,,,5
run_03457,fact_lookup,success,,,5
run_03458,fact_lookup,success,,,5
run_03459,fact_lookup,success,,,5
run_03460,fact_lookup,success,,,7
run_03461,multi_hop,fail,corrupted_state,3,8
run_03462,math_lookup,fail,retry_loop,1,9
run_03463,multi_hop,success,,,8
run_03464,multi_hop,success,,,8
run_03465,multi_hop,fail,tool_error_ignored,6,7
run_03466,multi_hop,success,,,8
run_03467,fact_lookup,fail,corrupted_state,3,5
run_03468,multi_hop,success,,,8
run_03469,math_lookup,success,,,5
run_03470,math_lookup,success,,,5
run_03471,multi_hop,success,,,8
run_03472,multi_hop,fail,context_ignored,7,8
run_03473,fact_lookup,success,,,5
run_03474,multi_hop,fail,retry_loop,4,12
run_03475,math_lookup,fail,wrong_tool_selected,1,5
run_03476,fact_lookup,success,,,5
run_03477,math_lookup,success,,,7
run_03478,math_lookup,fail,context_ignored,4,5
run_03479,fact_lookup,fail,corrupted_state,3,5
run_03480,multi_hop,success,,,8
run_03481,math_lookup,fail,wrong_tool_selected,1,5
run_03482,math_lookup,fail,bad_tool_arguments,2,5
run_03483,math_lookup,fail,tool_error_ignored,3,5
run_03484,multi_hop,fail,context_ignored,7,8
run_03485,fact_lookup,success,,,5
run_03486,fact_lookup,fail,retry_loop,1,9
run_03487,fact_lookup,success,,,5
run_03488,multi_hop,success,,,8
run_03489,fact_lookup,success,,,5
run_03490,multi_hop,success,,,8
run_03491,fact_lookup,fail,corrupted_state,3,5
run_03492,multi_hop,fail,retry_loop,4,12
run_03493,multi_hop,success,,,8
run_03494,fact_lookup,success,,,7
run_03495,multi_hop,success,,,8
run_03496,multi_hop,fail,context_ignored,7,8
run_03497,multi_hop,success,,,8
run_03498,math_lookup,success,,,7
run_03499,math_lookup,success,,,5
run_03500,fact_lookup,success,,,5
run_03501,fact_lookup,success,,,7
run_03502,math_lookup,success,,,7
run_03503,math_lookup,fail,corrupted_state,3,5
run_03504,math_lookup,success,,,5
run_03505,math_lookup,success,,,7
run_03506,multi_hop,success,,,8
run_03507,fact_lookup,fail,tool_error_ignored,3,5
run_03508,fact_lookup,success,,,5
run_03509,fact_lookup,fail,corrupted_state,3,5
run_03510,multi_hop,success,,,10
run_03511,math_lookup,success,,,7
run_03512,math_lookup,fail,bad_tool_arguments,2,5
run_03513,fact_lookup,fail,tool_error_ignored,3,5
run_03514,fact_lookup,fail,context_ignored,4,5
run_03515,multi_hop,success,,,8
run_03516,math_lookup,fail,retry_loop,1,9
run_03517,multi_hop,success,,,8
run_03518,multi_hop,fail,bad_tool_arguments,2,5
run_03519,multi_hop,fail,tool_error_ignored,3,5
run_03520,fact_lookup,success,,,7
run_03521,multi_hop,success,,,8
run_03522,fact_lookup,success,,,7
run_03523,multi_hop,success,,,8
run_03524,multi_hop,success,,,8
run_03525,fact_lookup,success,,,5
run_03526,math_lookup,fail,context_ignored,4,5
run_03527,fact_lookup,success,,,5
run_03528,fact_lookup,success,,,5
run_03529,fact_lookup,fail,wrong_tool_selected,1,5
run_03530,math_lookup,success,,,5
run_03531,fact_lookup,fail,tool_error_ignored,3,5
run_03532,fact_lookup,success,,,5
run_03533,fact_lookup,success,,,5
run_03534,multi_hop,success,,,8
run_03535,math_lookup,fail,wrong_tool_selected,1,5
run_03536,math_lookup,success,,,5
run_03537,multi_hop,fail,tool_error_ignored,6,7
run_03538,multi_hop,fail,context_ignored,7,8
run_03539,fact_lookup,success,,,5
run_03540,fact_lookup,fail,retry_loop,1,9
run_03541,math_lookup,success,,,5
run_03542,fact_lookup,fail,bad_tool_arguments,2,5
run_03543,multi_hop,success,,,10
run_03544,fact_lookup,success,,,5
run_03545,multi_hop,success,,,8
run_03546,math_lookup,success,,,5
run_03547,fact_lookup,success,,,5
run_03548,multi_hop,success,,,8
run_03549,multi_hop,success,,,8
run_03550,fact_lookup,fail,context_ignored,4,5
run_03551,multi_hop,success,,,8
run_03552,math_lookup,fail,retry_loop,1,9
run_03553,fact_lookup,fail,wrong_tool_selected,1,5
run_03554,math_lookup,fail,bad_tool_arguments,2,5
run_03555,fact_lookup,success,,,5
run_03556,math_lookup,success,,,7
run_03557,multi_hop,success,,,10
run_03558,math_lookup,success,,,5
run_03559,multi_hop,fail,wrong_tool_selected,1,5
run_03560,fact_lookup,fail,bad_tool_arguments,2,5
run_03561,fact_lookup,success,,,5
run_03562,fact_lookup,success,,,5
run_03563,math_lookup,fail,corrupted_state,3,5
run_03564,fact_lookup,fail,retry_loop,1,9
run_03565,multi_hop,fail,wrong_tool_selected,1,5
run_03566,math_lookup,success,,,5
run_03567,multi_hop,success,,,8
run_03568,math_lookup,success,,,5
run_03569,multi_hop,fail,corrupted_state,5,10
run_03570,multi_hop,success,,,8
run_03571,math_lookup,success,,,7
run_03572,fact_lookup,success,,,5
run_03573,math_lookup,fail,tool_error_ignored,3,5
run_03574,math_lookup,success,,,5
run_03575,fact_lookup,success,,,5
run_03576,fact_lookup,success,,,5
run_03577,math_lookup,fail,wrong_tool_selected,1,5
run_03578,math_lookup,fail,bad_tool_arguments,2,5
run_03579,math_lookup,success,,,5
run_03580,multi_hop,success,,,8
run_03581,fact_lookup,success,,,5
run_03582,multi_hop,success,,,8
run_03583,math_lookup,fail,wrong_tool_selected,1,5
run_03584,multi_hop,success,,,10
run_03585,math_lookup,success,,,7
run_03586,fact_lookup,success,,,5
run_03587,multi_hop,success,,,8
run_03588,fact_lookup,success,,,7
run_03589,fact_lookup,fail,wrong_tool_selected,1,5
run_03590,math_lookup,success,,,7
run_03591,math_lookup,success,,,5
run_03592,multi_hop,success,,,10
run_03593,fact_lookup,success,,,7
run_03594,fact_lookup,success,,,5
run_03595,math_lookup,success,,,7
run_03596,fact_lookup,success,,,5
run_03597,multi_hop,success,,,10
run_03598,math_lookup,success,,,5
run_03599,math_lookup,fail,corrupted_state,3,5
run_03600,fact_lookup,success,,,5
run_03601,multi_hop,fail,wrong_tool_selected,1,5
run_03602,math_lookup,success,,,7
run_03603,multi_hop,fail,tool_error_ignored,8,10
run_03604,math_lookup,fail,context_ignored,4,5
run_03605,math_lookup,success,,,5
run_03606,math_lookup,fail,retry_loop,1,9
run_03607,math_lookup,success,,,5
run_03608,fact_lookup,success,,,5
run_03609,fact_lookup,fail,tool_error_ignored,3,5
run_03610,math_lookup,success,,,5
run_03611,fact_lookup,fail,corrupted_state,3,5
run_03612,multi_hop,success,,,8
run_03613,math_lookup,success,,,5
run_03614,math_lookup,success,,,7
run_03615,math_lookup,fail,tool_error_ignored,3,5
run_03616,fact_lookup,success,,,7
run_03617,multi_hop,success,,,8
run_03618,math_lookup,success,,,5
run_03619,multi_hop,success,,,8
run_03620,math_lookup,success,,,7
run_03621,fact_lookup,success,,,5
run_03622,multi_hop,success,,,10
run_03623,multi_hop,success,,,8
run_03624,fact_lookup,success,,,5
run_03625,multi_hop,success,,,8
run_03626,fact_lookup,fail,bad_tool_arguments,2,5
run_03627,fact_lookup,fail,tool_error_ignored,3,5
run_03628,fact_lookup,fail,context_ignored,4,5
run_03629,multi_hop,success,,,8
run_03630,multi_hop,success,,,8
run_03631,math_lookup,success,,,5
run_03632,multi_hop,success,,,8
run_03633,fact_lookup,fail,tool_error_ignored,5,6
run_03634,multi_hop,success,,,8
run_03635,multi_hop,success,,,8
run_03636,fact_lookup,success,,,5
run_03637,math_lookup,success,,,5
run_03638,math_lookup,success,,,5
run_03639,fact_lookup,success,,,5
run_03640,multi_hop,fail,context_ignored,7,8
run_03641,multi_hop,success,,,8
run_03642,math_lookup,fail,retry_loop,1,9
run_03643,math_lookup,fail,wrong_tool_selected,1,5
run_03644,fact_lookup,success,,,5
run_03645,fact_lookup,success,,,7
run_03646,fact_lookup,success,,,5
run_03647,multi_hop,success,,,10
run_03648,math_lookup,success,,,7
run_03649,multi_hop,success,,,10
run_03650,math_lookup,success,,,5
run_03651,fact_lookup,success,,,5
run_03652,math_lookup,success,,,5
run_03653,fact_lookup,fail,corrupted_state,3,5
run_03654,multi_hop,fail,retry_loop,1,9
run_03655,multi_hop,success,,,8
run_03656,math_lookup,success,,,5
run_03657,fact_lookup,success,,,5
run_03658,math_lookup,success,,,5
run_03659,fact_lookup,success,,,5
run_03660,multi_hop,success,,,8
run_03661,fact_lookup,success,,,5
run_03662,fact_lookup,fail,bad_tool_arguments,2,5
run_03663,math_lookup,fail,tool_error_ignored,5,6
run_03664,math_lookup,fail,context_ignored,4,5
run_03665,fact_lookup,fail,corrupted_state,3,5
run_03666,fact_lookup,fail,retry_loop,1,9
run_03667,math_lookup,success,,,7
run_03668,fact_lookup,fail,bad_tool_arguments,2,5
run_03669,math_lookup,success,,,5
run_03670,multi_hop,fail,context_ignored,7,8
run_03671,multi_hop,success,,,8
run_03672,math_lookup,fail,retry_loop,1,9
run_03673,math_lookup,success,,,5
run_03674,math_lookup,success,,,7
run_03675,math_lookup,success,,,5
run_03676,math_lookup,success,,,5
run_03677,multi_hop,fail,corrupted_state,3,8
run_03678,math_lookup,success,,,5
run_03679,math_lookup,success,,,5
run_03680,math_lookup,success,,,5
run_03681,multi_hop,success,,,8
run_03682,math_lookup,success,,,5
run_03683,fact_lookup,fail,corrupted_state,3,5
run_03684,multi_hop,success,,,8
run_03685,multi_hop,success,,,8
run_03686,multi_hop,success,,,8
run_03687,multi_hop,success,,,8
run_03688,fact_lookup,success,,,5
run_03689,multi_hop,success,,,8
run_03690,fact_lookup,success,,,5
run_03691,fact_lookup,fail,wrong_tool_selected,1,5
run_03692,multi_hop,success,,,10
run_03693,fact_lookup,fail,tool_error_ignored,3,5
run_03694,fact_lookup,fail,context_ignored,4,5
run_03695,multi_hop,success,,,8
run_03696,fact_lookup,fail,retry_loop,1,9
run_03697,multi_hop,fail,wrong_tool_selected,4,8
run_03698,fact_lookup,fail,bad_tool_arguments,2,5
run_03699,fact_lookup,fail,tool_error_ignored,5,6
run_03700,fact_lookup,success,,,5
run_03701,fact_lookup,success,,,5
run_03702,multi_hop,success,,,8
run_03703,fact_lookup,success,,,5
run_03704,multi_hop,success,,,8
run_03705,math_lookup,success,,,7
run_03706,multi_hop,fail,context_ignored,7,8
run_03707,fact_lookup,success,,,5
run_03708,fact_lookup,success,,,7
run_03709,fact_lookup,success,,,5
run_03710,fact_lookup,success,,,5
run_03711,math_lookup,fail,tool_error_ignored,3,5
run_03712,multi_hop,fail,context_ignored,7,8
run_03713,multi_hop,fail,corrupted_state,3,8
run_03714,math_lookup,success,,,5
run_03715,math_lookup,success,,,5
run_03716,fact_lookup,fail,bad_tool_arguments,2,5
run_03717,fact_lookup,success,,,5
run_03718,fact_lookup,success,,,5
run_03719,fact_lookup,fail,corrupted_state,3,5
run_03720,math_lookup,success,,,5
run_03721,fact_lookup,fail,wrong_tool_selected,1,5
run_03722,fact_lookup,fail,bad_tool_arguments,2,5
run_03723,fact_lookup,fail,tool_error_ignored,3,5
run_03724,fact_lookup,success,,,7
run_03725,fact_lookup,success,,,7
run_03726,math_lookup,success,,,5
run_03727,multi_hop,success,,,8
run_03728,multi_hop,fail,bad_tool_arguments,2,5
run_03729,fact_lookup,success,,,5
run_03730,multi_hop,fail,context_ignored,7,8
run_03731,fact_lookup,success,,,5
run_03732,multi_hop,fail,retry_loop,1,9
run_03733,math_lookup,fail,wrong_tool_selected,1,5
run_03734,multi_hop,fail,bad_tool_arguments,7,10
run_03735,math_lookup,fail,tool_error_ignored,3,5
run_03736,fact_lookup,fail,context_ignored,4,5
run_03737,math_lookup,success,,,5
run_03738,math_lookup,fail,retry_loop,1,9
run_03739,math_lookup,success,,,5
run_03740,fact_lookup,success,,,5
run_03741,multi_hop,success,,,8
run_03742,math_lookup,success,,,7
run_03743,math_lookup,success,,,5
run_03744,multi_hop,success,,,8
run_03745,multi_hop,success,,,8
run_03746,fact_lookup,success,,,5
run_03747,fact_lookup,fail,tool_error_ignored,5,6
run_03748,fact_lookup,success,,,5
run_03749,multi_hop,success,,,8
run_03750,multi_hop,success,,,8
run_03751,fact_lookup,fail,wrong_tool_selected,1,5
run_03752,math_lookup,success,,,5
run_03753,math_lookup,success,,,5
run_03754,math_lookup,success,,,5
run_03755,multi_hop,success,,,8
run_03756,fact_lookup,fail,retry_loop,1,9
run_03757,math_lookup,fail,wrong_tool_selected,1,5
run_03758,math_lookup,success,,,5
run_03759,multi_hop,fail,tool_error_ignored,3,5
run_03760,math_lookup,fail,context_ignored,4,5
run_03761,fact_lookup,fail,corrupted_state,3,5
run_03762,math_lookup,fail,retry_loop,1,9
run_03763,multi_hop,fail,wrong_tool_selected,4,8
run_03764,fact_lookup,success,,,7
run_03765,math_lookup,fail,tool_error_ignored,5,7
run_03766,multi_hop,success,,,8
run_03767,math_lookup,success,,,5
run_03768,math_lookup,success,,,5
run_03769,fact_lookup,success,,,5
run_03770,multi_hop,success,,,10
run_03771,math_lookup,fail,tool_error_ignored,3,5
run_03772,math_lookup,success,,,5
run_03773,fact_lookup,success,,,5
run_03774,multi_hop,success,,,10
run_03775,fact_lookup,success,,,5
run_03776,multi_hop,success,,,10
run_03777,math_lookup,success,,,5
run_03778,math_lookup,success,,,5
run_03779,math_lookup,fail,corrupted_state,3,5
run_03780,fact_lookup,success,,,5
run_03781,math_lookup,success,,,5
run_03782,math_lookup,success,,,5
run_03783,fact_lookup,fail,tool_error_ignored,3,5
run_03784,multi_hop,fail,context_ignored,7,8
run_03785,fact_lookup,success,,,5
run_03786,multi_hop,success,,,8
run_03787,fact_lookup,success,,,7
run_03788,multi_hop,success,,,8
run_03789,fact_lookup,success,,,5
run_03790,math_lookup,success,,,5
run_03791,fact_lookup,fail,corrupted_state,3,5
run_03792,fact_lookup,fail,retry_loop,1,9
run_03793,fact_lookup,success,,,5
run_03794,math_lookup,success,,,5
run_03795,math_lookup,success,,,5
run_03796,math_lookup,success,,,5
run_03797,multi_hop,fail,corrupted_state,3,8
run_03798,fact_lookup,success,,,5
run_03799,multi_hop,fail,wrong_tool_selected,1,5
run_03800,math_lookup,fail,bad_tool_arguments,2,5
run_03801,multi_hop,success,,,8
run_03802,fact_lookup,fail,context_ignored,4,5
run_03803,multi_hop,fail,corrupted_state,6,8
run_03804,multi_hop,success,,,8
run_03805,multi_hop,fail,wrong_tool_selected,4,8
run_03806,fact_lookup,success,,,5
run_03807,multi_hop,success,,,8
run_03808,math_lookup,fail,context_ignored,4,5
run_03809,multi_hop,success,,,8
run_03810,multi_hop,fail,retry_loop,1,9
run_03811,math_lookup,success,,,5
run_03812,fact_lookup,success,,,7
run_03813,multi_hop,success,,,8
run_03814,multi_hop,success,,,8
run_03815,multi_hop,success,,,8
run_03816,multi_hop,fail,retry_loop,4,12
run_03817,multi_hop,fail,wrong_tool_selected,4,8
run_03818,fact_lookup,success,,,5
run_03819,multi_hop,success,,,8
run_03820,math_lookup,success,,,5
run_03821,math_lookup,success,,,5
run_03822,multi_hop,fail,retry_loop,1,9
run_03823,fact_lookup,fail,wrong_tool_selected,1,5
run_03824,fact_lookup,success,,,7
run_03825,math_lookup,success,,,5
run_03826,fact_lookup,fail,context_ignored,4,5
run_03827,math_lookup,success,,,5
run_03828,math_lookup,success,,,5
run_03829,fact_lookup,success,,,5
run_03830,fact_lookup,success,,,5
run_03831,fact_lookup,success,,,5
run_03832,multi_hop,success,,,8
run_03833,fact_lookup,fail,corrupted_state,3,5
run_03834,fact_lookup,success,,,5
run_03835,math_lookup,success,,,5
run_03836,math_lookup,fail,bad_tool_arguments,2,5
run_03837,multi_hop,success,,,8
run_03838,multi_hop,fail,context_ignored,7,8
run_03839,fact_lookup,fail,corrupted_state,3,5
run_03840,multi_hop,success,,,8
run_03841,fact_lookup,success,,,5
run_03842,multi_hop,success,,,8
run_03843,multi_hop,success,,,8
run_03844,math_lookup,success,,,5
run_03845,multi_hop,success,,,8
run_03846,math_lookup,success,,,5
run_03847,fact_lookup,fail,wrong_tool_selected,1,5
run_03848,math_lookup,success,,,5
run_03849,fact_lookup,fail,tool_error_ignored,3,5
run_03850,fact_lookup,fail,context_ignored,4,5
run_03851,fact_lookup,success,,,5
run_03852,multi_hop,success,,,10
run_03853,fact_lookup,fail,wrong_tool_selected,1,5
run_03854,math_lookup,fail,bad_tool_arguments,2,5
run_03855,math_lookup,success,,,7
run_03856,multi_hop,fail,context_ignored,7,8
run_03857,multi_hop,success,,,8
run_03858,fact_lookup,success,,,5
run_03859,math_lookup,fail,wrong_tool_selected,1,5
run_03860,math_lookup,success,,,5
run_03861,fact_lookup,success,,,5
run_03862,fact_lookup,fail,context_ignored,4,5
run_03863,math_lookup,success,,,5
run_03864,fact_lookup,success,,,5
run_03865,math_lookup,success,,,5
run_03866,multi_hop,fail,bad_tool_arguments,5,8
run_03867,math_lookup,success,,,5
run_03868,math_lookup,fail,context_ignored,4,5
run_03869,math_lookup,fail,corrupted_state,5,7
run_03870,fact_lookup,success,,,5
run_03871,math_lookup,success,,,5
run_03872,fact_lookup,fail,bad_tool_arguments,2,5
run_03873,multi_hop,success,,,8
run_03874,fact_lookup,success,,,5
run_03875,multi_hop,fail,corrupted_state,6,7
run_03876,multi_hop,fail,retry_loop,1,9
run_03877,math_lookup,success,,,5
run_03878,multi_hop,success,,,10
run_03879,multi_hop,success,,,8
run_03880,math_lookup,success,,,5
run_03881,fact_lookup,success,,,5
run_03882,fact_lookup,fail,retry_loop,1,9
run_03883,math_lookup,fail,wrong_tool_selected,1,5
run_03884,multi_hop,fail,bad_tool_arguments,7,10
run_03885,math_lookup,fail,tool_error_ignored,3,5
run_03886,fact_lookup,success,,,5
run_03887,math_lookup,fail,corrupted_state,3,5
run_03888,multi_hop,success,,,8
run_03889,math_lookup,success,,,5
run_03890,multi_hop,fail,bad_tool_arguments,5,8
run_03891,multi_hop,success,,,8
run_03892,fact_lookup,success,,,5
run_03893,multi_hop,success,,,8
run_03894,math_lookup,fail,retry_loop,1,9
run_03895,multi_hop,success,,,8
run_03896,math_lookup,fail,bad_tool_arguments,2,5
run_03897,fact_lookup,success,,,5
run_03898,math_lookup,success,,,7
run_03899,math_lookup,fail,corrupted_state,3,5
run_03900,math_lookup,fail,retry_loop,1,9
run_03901,multi_hop,fail,wrong_tool_selected,4,8
run_03902,multi_hop,success,,,8
run_03903,math_lookup,success,,,7
run_03904,fact_lookup,fail,context_ignored,4,5
run_03905,multi_hop,success,,,8
run_03906,multi_hop,success,,,8
run_03907,multi_hop,fail,wrong_tool_selected,4,8
run_03908,fact_lookup,fail,bad_tool_arguments,2,5
run_03909,multi_hop,success,,,8
run_03910,fact_lookup,success,,,5
run_03911,multi_hop,fail,corrupted_state,6,8
run_03912,fact_lookup,fail,retry_loop,1,9
run_03913,math_lookup,success,,,5
run_03914,math_lookup,success,,,7
run_03915,multi_hop,success,,,8
run_03916,fact_lookup,success,,,5
run_03917,fact_lookup,fail,corrupted_state,3,5
run_03918,fact_lookup,fail,retry_loop,1,9
run_03919,math_lookup,success,,,5
run_03920,multi_hop,success,,,8
run_03921,fact_lookup,success,,,5
run_03922,multi_hop,success,,,8
run_03923,multi_hop,success,,,8
run_03924,fact_lookup,success,,,7
run_03925,fact_lookup,fail,wrong_tool_selected,1,5
run_03926,math_lookup,fail,bad_tool_arguments,2,5
run_03927,multi_hop,success,,,10
run_03928,math_lookup,fail,context_ignored,4,5
run_03929,math_lookup,fail,corrupted_state,3,5
run_03930,multi_hop,fail,retry_loop,4,12
run_03931,fact_lookup,success,,,5
run_03932,multi_hop,success,,,8
run_03933,fact_lookup,fail,tool_error_ignored,3,5
run_03934,multi_hop,success,,,8
run_03935,multi_hop,success,,,10
run_03936,fact_lookup,fail,retry_loop,1,9
run_03937,fact_lookup,fail,wrong_tool_selected,1,5
run_03938,fact_lookup,success,,,5
run_03939,fact_lookup,success,,,5
run_03940,math_lookup,fail,context_ignored,4,5
run_03941,fact_lookup,success,,,5
run_03942,multi_hop,success,,,8
run_03943,fact_lookup,fail,wrong_tool_selected,1,5
run_03944,fact_lookup,success,,,5
run_03945,fact_lookup,success,,,7
run_03946,multi_hop,success,,,8
run_03947,multi_hop,success,,,8
run_03948,math_lookup,success,,,5
run_03949,multi_hop,fail,wrong_tool_selected,1,5
run_03950,math_lookup,fail,bad_tool_arguments,2,5
run_03951,math_lookup,fail,tool_error_ignored,3,5
run_03952,math_lookup,success,,,5
run_03953,math_lookup,fail,corrupted_state,3,5
run_03954,math_lookup,fail,retry_loop,1,9
run_03955,math_lookup,success,,,5
run_03956,math_lookup,success,,,5
run_03957,math_lookup,fail,tool_error_ignored,3,5
run_03958,math_lookup,success,,,5
run_03959,fact_lookup,success,,,5
run_03960,fact_lookup,success,,,5
run_03961,fact_lookup,success,,,5
run_03962,fact_lookup,success,,,5
run_03963,math_lookup,success,,,5
run_03964,fact_lookup,success,,,7
run_03965,multi_hop,success,,,8
run_03966,multi_hop,success,,,8
run_03967,math_lookup,fail,wrong_tool_selected,1,5
run_03968,multi_hop,success,,,8
run_03969,math_lookup,success,,,5
run_03970,fact_lookup,success,,,7
run_03971,fact_lookup,success,,,7
run_03972,multi_hop,success,,,10
run_03973,multi_hop,fail,wrong_tool_selected,1,5
run_03974,math_lookup,success,,,5
run_03975,fact_lookup,fail,tool_error_ignored,3,5
run_03976,fact_lookup,fail,context_ignored,4,5
run_03977,multi_hop,fail,corrupted_state,5,10
run_03978,multi_hop,fail,retry_loop,4,12
run_03979,fact_lookup,success,,,5
run_03980,fact_lookup,success,,,5
run_03981,math_lookup,success,,,5
run_03982,multi_hop,success,,,8
run_03983,math_lookup,success,,,5
run_03984,fact_lookup,success,,,5
run_03985,fact_lookup,success,,,5
run_03986,math_lookup,fail,bad_tool_arguments,2,5
run_03987,multi_hop,fail,tool_error_ignored,6,8
run_03988,math_lookup,success,,,5
run_03989,fact_lookup,fail,corrupted_state,3,5
run_03990,math_lookup,success,,,5
run_03991,multi_hop,success,,,8
run_03992,multi_hop,success,,,8
run_03993,fact_lookup,success,,,5
run_03994,multi_hop,success,,,8
run_03995,fact_lookup,fail,corrupted_state,3,5
run_03996,fact_lookup,fail,retry_loop,1,9
run_03997,fact_lookup,fail,wrong_tool_selected,1,5
run_03998,math_lookup,success,,,5
run_03999,math_lookup,success,,,5
run_04000,fact_lookup,success,,,7
run_04001,math_lookup,success,,,7
run_04002,fact_lookup,fail,retry_loop,1,9
run_04003,fact_lookup,fail,wrong_tool_selected,1,5
run_04004,multi_hop,success,,,8
run_04005,math_lookup,success,,,5
run_04006,math_lookup,fail,context_ignored,4,5
run_04007,fact_lookup,success,,,5
run_04008,fact_lookup,success,,,5
run_04009,multi_hop,success,,,8
run_04010,multi_hop,success,,,8
run_04011,fact_lookup,success,,,5
run_04012,math_lookup,fail,context_ignored,4,5
run_04013,math_lookup,success,,,7
run_04014,fact_lookup,success,,,5
run_04015,math_lookup,fail,wrong_tool_selected,1,5
run_04016,multi_hop,fail,bad_tool_arguments,2,5
run_04017,fact_lookup,success,,,7
run_04018,fact_lookup,success,,,5
run_04019,fact_lookup,success,,,5
run_04020,math_lookup,fail,retry_loop,1,9
run_04021,multi_hop,success,,,8
run_04022,fact_lookup,success,,,7
run_04023,multi_hop,success,,,8
run_04024,multi_hop,success,,,10
run_04025,fact_lookup,fail,corrupted_state,3,5
run_04026,fact_lookup,fail,retry_loop,1,9
run_04027,fact_lookup,fail,wrong_tool_selected,1,5
run_04028,fact_lookup,success,,,5
run_04029,fact_lookup,success,,,5
run_04030,multi_hop,success,,,10
run_04031,math_lookup,success,,,5
run_04032,fact_lookup,success,,,5
run_04033,fact_lookup,success,,,5
run_04034,multi_hop,success,,,8
run_04035,math_lookup,success,,,5
run_04036,multi_hop,success,,,8
run_04037,fact_lookup,fail,corrupted_state,3,5
run_04038,multi_hop,success,,,8
run_04039,multi_hop,success,,,8
run_04040,math_lookup,success,,,7
run_04041,multi_hop,success,,,8
run_04042,math_lookup,success,,,5
run_04043,multi_hop,fail,corrupted_state,6,7
run_04044,math_lookup,fail,retry_loop,1,9
run_04045,math_lookup,success,,,5
run_04046,math_lookup,fail,bad_tool_arguments,2,5
run_04047,fact_lookup,fail,tool_error_ignored,3,5
run_04048,fact_lookup,fail,context_ignored,4,5
run_04049,fact_lookup,success,,,5
run_04050,math_lookup,success,,,5
run_04051,fact_lookup,fail,wrong_tool_selected,1,5
run_04052,math_lookup,success,,,5
run_04053,math_lookup,success,,,5
run_04054,multi_hop,fail,context_ignored,7,8
run_04055,fact_lookup,fail,corrupted_state,3,5
run_04056,multi_hop,fail,retry_loop,1,9
run_04057,multi_hop,fail,wrong_tool_selected,4,8
run_04058,math_lookup,success,,,7
run_04059,multi_hop,fail,tool_error_ignored,5,7
run_04060,math_lookup,success,,,5
run_04061,math_lookup,success,,,5
run_04062,fact_lookup,success,,,5
run_04063,fact_lookup,success,,,5
run_04064,math_lookup,success,,,7
run_04065,fact_lookup,success,,,7
run_04066,math_lookup,success,,,5
run_04067,multi_hop,fail,corrupted_state,3,8
run_04068,multi_hop,success,,,8
run_04069,math_lookup,success,,,5
run_04070,math_lookup,fail,bad_tool_arguments,2,5
run_04071,math_lookup,success,,,5
run_04072,math_lookup,success,,,5
run_04073,fact_lookup,success,,,5
run_04074,math_lookup,success,,,5
run_04075,multi_hop,success,,,8
run_04076,fact_lookup,success,,,5
run_04077,fact_lookup,fail,tool_error_ignored,3,5
run_04078,math_lookup,fail,context_ignored,4,5
run_04079,fact_lookup,fail,corrupted_state,3,5
run_04080,fact_lookup,fail,retry_loop,1,9
run_04081,fact_lookup,success,,,5
run_04082,math_lookup,success,,,5
run_04083,math_lookup,success,,,5
run_04084,fact_lookup,success,,,5
run_04085,fact_lookup,success,,,5
run_04086,multi_hop,success,,,8
run_04087,fact_lookup,fail,wrong_tool_selected,1,5
run_04088,math_lookup,success,,,5
run_04089,math_lookup,fail,tool_error_ignored,5,7
run_04090,math_lookup,success,,,5
run_04091,fact_lookup,success,,,5
run_04092,math_lookup,success,,,5
run_04093,fact_lookup,fail,wrong_tool_selected,1,5
run_04094,multi_hop,success,,,8
run_04095,math_lookup,success,,,5
run_04096,multi_hop,fail,context_ignored,7,8
run_04097,multi_hop,fail,corrupted_state,6,8
run_04098,multi_hop,success,,,8
run_04099,math_lookup,success,,,5
run_04100,math_lookup,success,,,5
run_04101,fact_lookup,success,,,5
run_04102,fact_lookup,success,,,5
run_04103,fact_lookup,fail,corrupted_state,3,5
run_04104,multi_hop,fail,retry_loop,4,12
run_04105,multi_hop,success,,,8
run_04106,math_lookup,success,,,5
run_04107,multi_hop,success,,,8
run_04108,fact_lookup,success,,,7
run_04109,fact_lookup,success,,,5
run_04110,math_lookup,success,,,5
run_04111,multi_hop,success,,,8
run_04112,fact_lookup,fail,bad_tool_arguments,2,5
run_04113,fact_lookup,success,,,5
run_04114,math_lookup,fail,context_ignored,4,5
run_04115,math_lookup,fail,corrupted_state,3,5
run_04116,fact_lookup,fail,retry_loop,1,9
run_04117,fact_lookup,fail,wrong_tool_selected,1,5
run_04118,fact_lookup,success,,,5
run_04119,fact_lookup,success,,,5
run_04120,fact_lookup,success,,,5
run_04121,math_lookup,fail,corrupted_state,3,5
run_04122,multi_hop,success,,,8
run_04123,multi_hop,success,,,8
run_04124,fact_lookup,success,,,5
run_04125,math_lookup,success,,,7
run_04126,math_lookup,fail,context_ignored,4,5
run_04127,fact_lookup,success,,,5
run_04128,math_lookup,fail,retry_loop,1,9
run_04129,math_lookup,success,,,5
run_04130,math_lookup,fail,bad_tool_arguments,2,5
run_04131,multi_hop,success,,,8
run_04132,fact_lookup,success,,,7
run_04133,math_lookup,success,,,5
run_04134,math_lookup,fail,retry_loop,1,9
run_04135,math_lookup,success,,,5
run_04136,fact_lookup,fail,bad_tool_arguments,2,5
run_04137,math_lookup,success,,,5
run_04138,fact_lookup,success,,,5
run_04139,math_lookup,success,,,5
run_04140,math_lookup,fail,retry_loop,1,9
run_04141,multi_hop,success,,,8
run_04142,math_lookup,fail,bad_tool_arguments,2,5
run_04143,fact_lookup,fail,tool_error_ignored,5,7
run_04144,multi_hop,success,,,8
run_04145,fact_lookup,fail,corrupted_state,3,5
run_04146,math_lookup,success,,,5
run_04147,multi_hop,success,,,8
run_04148,multi_hop,success,,,8
run_04149,multi_hop,success,,,8
run_04150,math_lookup,fail,context_ignored,4,5
run_04151,math_lookup,success,,,5
run_04152,multi_hop,success,,,8
run_04153,math_lookup,fail,wrong_tool_selected,1,5
run_04154,multi_hop,success,,,10
run_04155,fact_lookup,success,,,5
run_04156,fact_lookup,success,,,5
run_04157,fact_lookup,fail,corrupted_state,3,5
run_04158,multi_hop,success,,,8
run_04159,multi_hop,success,,,8
run_04160,multi_hop,success,,,10
run_04161,multi_hop,success,,,10
run_04162,multi_hop,fail,context_ignored,7,8
run_04163,multi_hop,success,,,8
run_04164,multi_hop,fail,retry_loop,4,12
run_04165,fact_lookup,fail,wrong_tool_selected,1,5
run_04166,multi_hop,success,,,10
run_04167,math_lookup,fail,tool_error_ignored,3,5
run_04168,math_lookup,success,,,7
run_04169,math_lookup,success,,,5
run_04170,multi_hop,success,,,10
run_04171,multi_hop,fail,wrong_tool_selected,1,5
run_04172,multi_hop,success,,,8
run_04173,fact_lookup,fail,tool_error_ignored,3,5
run_04174,math_lookup,fail,context_ignored,4,5
run_04175,fact_lookup,fail,corrupted_state,3,5
run_04176,math_lookup,fail,retry_loop,1,9
run_04177,fact_lookup,fail,wrong_tool_selected,1,5
run_04178,math_lookup,fail,bad_tool_arguments,2,5
run_04179,math_lookup,success,,,5
run_04180,math_lookup,success,,,5
run_04181,multi_hop,success,,,8
run_04182,math_lookup,success,,,5
run_04183,multi_hop,success,,,10
run_04184,math_lookup,fail,bad_tool_arguments,2,5
run_04185,math_lookup,success,,,5
run_04186,fact_lookup,success,,,5
run_04187,math_lookup,success,,,5
run_04188,multi_hop,fail,retry_loop,4,12
run_04189,math_lookup,success,,,5
run_04190,math_lookup,success,,,5
run_04191,math_lookup,success,,,5
run_04192,fact_lookup,success,,,5
run_04193,multi_hop,success,,,10
run_04194,math_lookup,success,,,5
run_04195,fact_lookup,success,,,7
run_04196,multi_hop,success,,,8
run_04197,math_lookup,fail,tool_error_ignored,3,5
run_04198,fact_lookup,success,,,7
run_04199,math_lookup,fail,corrupted_state,3,5
run_04200,math_lookup,success,,,7
run_04201,math_lookup,success,,,7
run_04202,fact_lookup,fail,bad_tool_arguments,2,5
run_04203,math_lookup,success,,,7
run_04204,multi_hop,fail,context_ignored,7,8
run_04205,multi_hop,fail,corrupted_state,6,8
run_04206,multi_hop,fail,retry_loop,1,9
run_04207,math_lookup,fail,wrong_tool_selected,1,5
run_04208,math_lookup,fail,bad_tool_arguments,2,5
run_04209,math_lookup,success,,,5
run_04210,fact_lookup,success,,,7
run_04211,multi_hop,fail,corrupted_state,3,8
run_04212,fact_lookup,fail,retry_loop,1,9
run_04213,multi_hop,success,,,8
run_04214,multi_hop,success,,,10
run_04215,multi_hop,success,,,8
run_04216,multi_hop,success,,,8
run_04217,multi_hop,success,,,8
run_04218,math_lookup,success,,,5
run_04219,fact_lookup,success,,,5
run_04220,math_lookup,fail,bad_tool_arguments,2,5
run_04221,multi_hop,success,,,8
run_04222,fact_lookup,success,,,5
run_04223,math_lookup,fail,corrupted_state,3,5
run_04224,math_lookup,success,,,5
run_04225,multi_hop,fail,wrong_tool_selected,4,8
run_04226,fact_lookup,success,,,5
run_04227,math_lookup,fail,tool_error_ignored,3,5
run_04228,math_lookup,success,,,7
run_04229,math_lookup,fail,corrupted_state,3,5
run_04230,fact_lookup,success,,,5
run_04231,fact_lookup,fail,wrong_tool_selected,1,5
run_04232,multi_hop,fail,bad_tool_arguments,2,5
run_04233,math_lookup,fail,tool_error_ignored,5,7
run_04234,math_lookup,fail,context_ignored,4,5
run_04235,math_lookup,fail,corrupted_state,3,5
run_04236,math_lookup,success,,,5
run_04237,multi_hop,success,,,8
run_04238,math_lookup,success,,,5
run_04239,multi_hop,success,,,8
run_04240,fact_lookup,fail,context_ignored,4,5
run_04241,math_lookup,success,,,5
run_04242,multi_hop,success,,,8
run_04243,multi_hop,fail,wrong_tool_selected,1,5
run_04244,multi_hop,success,,,8
run_04245,fact_lookup,fail,tool_error_ignored,3,5
run_04246,fact_lookup,success,,,5
run_04247,fact_lookup,fail,corrupted_state,3,5
run_04248,multi_hop,success,,,10
run_04249,fact_lookup,fail,wrong_tool_selected,1,5
run_04250,fact_lookup,success,,,5
run_04251,fact_lookup,success,,,5
run_04252,fact_lookup,fail,context_ignored,4,5
run_04253,fact_lookup,success,,,5
run_04254,fact_lookup,success,,,5
run_04255,multi_hop,fail,wrong_tool_selected,1,5
run_04256,fact_lookup,success,,,5
run_04257,math_lookup,success,,,5
run_04258,math_lookup,fail,context_ignored,4,5
run_04259,fact_lookup,fail,corrupted_state,3,5
run_04260,multi_hop,fail,retry_loop,4,12
run_04261,math_lookup,fail,wrong_tool_selected,1,5
run_04262,fact_lookup,success,,,5
run_04263,fact_lookup,fail,tool_error_ignored,3,5
run_04264,multi_hop,success,,,8
run_04265,multi_hop,success,,,10
run_04266,fact_lookup,success,,,5
run_04267,math_lookup,fail,wrong_tool_selected,1,5
run_04268,multi_hop,success,,,8
run_04269,fact_lookup,success,,,5
run_04270,multi_hop,success,,,8
run_04271,multi_hop,success,,,10
run_04272,fact_lookup,fail,retry_loop,1,9
run_04273,fact_lookup,success,,,5
run_04274,fact_lookup,success,,,5
run_04275,multi_hop,fail,tool_error_ignored,6,7
run_04276,fact_lookup,fail,context_ignored,4,5
run_04277,multi_hop,fail,corrupted_state,3,8
run_04278,math_lookup,fail,retry_loop,1,9
run_04279,fact_lookup,success,,,7
run_04280,math_lookup,success,,,7
run_04281,multi_hop,success,,,8
run_04282,math_lookup,success,,,5
run_04283,math_lookup,success,,,7
run_04284,fact_lookup,fail,retry_loop,1,9
run_04285,math_lookup,success,,,5
run_04286,math_lookup,fail,bad_tool_arguments,2,5
run_04287,math_lookup,success,,,5
run_04288,fact_lookup,fail,context_ignored,4,5
run_04289,fact_lookup,fail,corrupted_state,3,5
run_04290,multi_hop,success,,,8
run_04291,fact_lookup,success,,,5
run_04292,multi_hop,fail,bad_tool_arguments,2,5
run_04293,fact_lookup,fail,tool_error_ignored,3,5
run_04294,fact_lookup,fail,context_ignored,4,5
run_04295,fact_lookup,success,,,7
run_04296,fact_lookup,success,,,5
run_04297,fact_lookup,success,,,5
run_04298,fact_lookup,success,,,5
run_04299,math_lookup,success,,,5
run_04300,multi_hop,success,,,8
run_04301,multi_hop,success,,,8
run_04302,fact_lookup,success,,,5
run_04303,math_lookup,fail,wrong_tool_selected,1,5
run_04304,fact_lookup,fail,bad_tool_arguments,2,5
run_04305,math_lookup,fail,tool_error_ignored,3,5
run_04306,multi_hop,fail,context_ignored,7,8
run_04307,math_lookup,success,,,7
run_04308,math_lookup,fail,retry_loop,1,9
run_04309,math_lookup,fail,wrong_tool_selected,1,5
run_04310,fact_lookup,fail,bad_tool_arguments,2,5
run_04311,fact_lookup,success,,,7
run_04312,math_lookup,success,,,7
run_04313,fact_lookup,success,,,7
run_04314,fact_lookup,success,,,5
run_04315,fact_lookup,fail,wrong_tool_selected,1,5
run_04316,math_lookup,fail,bad_tool_arguments,2,5
run_04317,fact_lookup,success,,,5
run_04318,math_lookup,fail,context_ignored,4,5
run_04319,fact_lookup,success,,,5
run_04320,fact_lookup,success,,,5
run_04321,fact_lookup,success,,,5
run_04322,math_lookup,success,,,5
run_04323,fact_lookup,success,,,5
run_04324,math_lookup,success,,,7
run_04325,fact_lookup,success,,,5
run_04326,fact_lookup,success,,,5
run_04327,math_lookup,success,,,5
run_04328,math_lookup,fail,bad_tool_arguments,2,5
run_04329,fact_lookup,success,,,5
run_04330,fact_lookup,success,,,5
run_04331,math_lookup,success,,,5
run_04332,fact_lookup,success,,,5
run_04333,multi_hop,success,,,8
run_04334,fact_lookup,fail,bad_tool_arguments,2,5
run_04335,math_lookup,success,,,5
run_04336,fact_lookup,success,,,5
run_04337,fact_lookup,fail,corrupted_state,3,5
run_04338,math_lookup,fail,retry_loop,1,9
run_04339,fact_lookup,success,,,5
run_04340,multi_hop,fail,bad_tool_arguments,2,5
run_04341,multi_hop,fail,tool_error_ignored,3,5
run_04342,fact_lookup,fail,context_ignored,4,5
run_04343,math_lookup,fail,corrupted_state,3,5
run_04344,math_lookup,success,,,5
run_04345,math_lookup,fail,wrong_tool_selected,1,5
run_04346,fact_lookup,success,,,7
run_04347,fact_lookup,success,,,5
run_04348,math_lookup,success,,,5
run_04349,fact_lookup,success,,,5
run_04350,math_lookup,fail,retry_loop,1,9
run_04351,multi_hop,fail,wrong_tool_selected,4,8
run_04352,math_lookup,success,,,5
run_04353,fact_lookup,fail,tool_error_ignored,3,5
run_04354,math_lookup,success,,,5
run_04355,multi_hop,success,,,8
run_04356,math_lookup,fail,retry_loop,1,9
run_04357,multi_hop,success,,,10
run_04358,math_lookup,fail,bad_tool_arguments,2,5
run_04359,multi_hop,fail,tool_error_ignored,6,7
run_04360,fact_lookup,fail,context_ignored,4,5
run_04361,multi_hop,success,,,8
run_04362,multi_hop,success,,,8
run_04363,math_lookup,fail,wrong_tool_selected,1,5
run_04364,fact_lookup,success,,,5
run_04365,fact_lookup,fail,tool_error_ignored,3,5
run_04366,fact_lookup,success,,,7
run_04367,multi_hop,success,,,10
run_04368,multi_hop,fail,retry_loop,4,12
run_04369,multi_hop,fail,wrong_tool_selected,1,5
run_04370,math_lookup,fail,bad_tool_arguments,2,5
run_04371,math_lookup,success,,,5
run_04372,fact_lookup,fail,context_ignored,4,5
run_04373,math_lookup,success,,,5
run_04374,multi_hop,fail,retry_loop,4,12
run_04375,fact_lookup,success,,,7
run_04376,fact_lookup,success,,,5
run_04377,math_lookup,success,,,5
run_04378,fact_lookup,fail,context_ignored,4,5
run_04379,math_lookup,success,,,5
run_04380,fact_lookup,fail,retry_loop,1,9
run_04381,fact_lookup,success,,,5
run_04382,math_lookup,success,,,5
run_04383,fact_lookup,success,,,5
run_04384,multi_hop,fail,context_ignored,7,8
run_04385,math_lookup,success,,,7
run_04386,fact_lookup,success,,,7
run_04387,math_lookup,success,,,5
run_04388,math_lookup,success,,,7
run_04389,fact_lookup,success,,,7
run_04390,math_lookup,fail,context_ignored,4,5
run_04391,math_lookup,fail,corrupted_state,3,5
run_04392,multi_hop,success,,,8
run_04393,fact_lookup,success,,,5
run_04394,multi_hop,fail,bad_tool_arguments,5,8
run_04395,math_lookup,fail,tool_error_ignored,3,5
run_04396,fact_lookup,success,,,5
run_04397,multi_hop,fail,corrupted_state,6,8
run_04398,fact_lookup,success,,,5
run_04399,math_lookup,success,,,5
run_04400,math_lookup,success,,,5
run_04401,multi_hop,fail,tool_error_ignored,5,7
run_04402,math_lookup,success,,,5
run_04403,multi_hop,success,,,8
run_04404,multi_hop,success,,,10
run_04405,math_lookup,fail,wrong_tool_selected,1,5
run_04406,fact_lookup,success,,,5
run_04407,fact_lookup,fail,tool_error_ignored,3,5
run_04408,fact_lookup,fail,context_ignored,4,5
run_04409,fact_lookup,success,,,5
run_04410,math_lookup,fail,retry_loop,1,9
run_04411,fact_lookup,success,,,7
run_04412,multi_hop,fail,bad_tool_arguments,2,5
run_04413,fact_lookup,success,,,5
run_04414,math_lookup,fail,context_ignored,4,5
run_04415,math_lookup,success,,,5
run_04416,fact_lookup,fail,retry_loop,1,9
run_04417,fact_lookup,success,,,5
run_04418,multi_hop,success,,,8
run_04419,multi_hop,success,,,8
run_04420,math_lookup,success,,,5
run_04421,fact_lookup,success,,,7
run_04422,multi_hop,success,,,10
run_04423,fact_lookup,fail,wrong_tool_selected,1,5
run_04424,math_lookup,fail,bad_tool_arguments,2,5
run_04425,fact_lookup,fail,tool_error_ignored,5,6
run_04426,fact_lookup,success,,,5
run_04427,multi_hop,success,,,10
run_04428,math_lookup,fail,retry_loop,1,9
run_04429,math_lookup,success,,,5
run_04430,fact_lookup,fail,bad_tool_arguments,2,5
run_04431,math_lookup,fail,tool_error_ignored,3,5
run_04432,math_lookup,success,,,5
run_04433,fact_lookup,success,,,5
run_04434,math_lookup,success,,,5
run_04435,fact_lookup,fail,wrong_tool_selected,1,5
run_04436,multi_hop,success,,,8
run_04437,math_lookup,fail,tool_error_ignored,3,5
run_04438,math_lookup,success,,,5
run_04439,math_lookup,success,,,5
run_04440,math_lookup,success,,,7
run_04441,multi_hop,success,,,8
run_04442,fact_lookup,success,,,7
run_04443,multi_hop,success,,,8
run_04444,math_lookup,success,,,5
run_04445,math_lookup,fail,corrupted_state,3,5
run_04446,fact_lookup,fail,retry_loop,1,9
run_04447,math_lookup,success,,,5
run_04448,fact_lookup,fail,bad_tool_arguments,2,5
run_04449,multi_hop,success,,,8
run_04450,multi_hop,success,,,8
run_04451,fact_lookup,success,,,7
run_04452,fact_lookup,success,,,7
run_04453,math_lookup,fail,wrong_tool_selected,1,5
run_04454,math_lookup,success,,,5
run_04455,multi_hop,success,,,8
run_04456,multi_hop,success,,,8
run_04457,math_lookup,success,,,7
run_04458,math_lookup,success,,,5
run_04459,math_lookup,success,,,5
run_04460,math_lookup,fail,bad_tool_arguments,2,5
run_04461,fact_lookup,success,,,5
run_04462,fact_lookup,success,,,5
run_04463,math_lookup,success,,,7
run_04464,fact_lookup,fail,retry_loop,1,9
run_04465,fact_lookup,success,,,5
run_04466,fact_lookup,success,,,7
run_04467,math_lookup,success,,,5
run_04468,multi_hop,success,,,8
run_04469,fact_lookup,fail,corrupted_state,3,5
run_04470,fact_lookup,fail,retry_loop,1,9
run_04471,multi_hop,success,,,8
run_04472,math_lookup,success,,,5
run_04473,math_lookup,fail,tool_error_ignored,3,5
run_04474,multi_hop,fail,context_ignored,7,8
run_04475,math_lookup,success,,,5
run_04476,multi_hop,success,,,10
run_04477,multi_hop,success,,,8
run_04478,math_lookup,fail,bad_tool_arguments,2,5
run_04479,multi_hop,fail,tool_error_ignored,8,10
run_04480,math_lookup,success,,,5
run_04481,math_lookup,success,,,5
run_04482,math_lookup,fail,retry_loop,1,9
run_04483,math_lookup,success,,,7
run_04484,math_lookup,fail,bad_tool_arguments,2,5
run_04485,fact_lookup,fail,tool_error_ignored,3,5
run_04486,multi_hop,success,,,8
run_04487,math_lookup,success,,,5
run_04488,math_lookup,success,,,5
run_04489,math_lookup,success,,,5
run_04490,fact_lookup,success,,,5
run_04491,math_lookup,fail,tool_error_ignored,3,5
run_04492,multi_hop,success,,,8
run_04493,math_lookup,success,,,5
run_04494,math_lookup,success,,,5
run_04495,math_lookup,success,,,5
run_04496,math_lookup,success,,,5
run_04497,math_lookup,fail,tool_error_ignored,3,5
run_04498,multi_hop,fail,context_ignored,7,8
run_04499,multi_hop,success,,,10
run_04500,fact_lookup,fail,retry_loop,1,9
run_04501,multi_hop,success,,,10
run_04502,fact_lookup,success,,,5
run_04503,fact_lookup,fail,tool_error_ignored,3,5
run_04504,fact_lookup,success,,,5
run_04505,fact_lookup,fail,corrupted_state,3,5
run_04506,fact_lookup,success,,,5
run_04507,fact_lookup,success,,,7
run_04508,math_lookup,success,,,7
run_04509,fact_lookup,fail,tool_error_ignored,3,5
run_04510,fact_lookup,success,,,5
run_04511,multi_hop,success,,,8
run_04512,multi_hop,success,,,8
run_04513,fact_lookup,success,,,5
run_04514,math_lookup,success,,,7
run_04515,fact_lookup,success,,,5
run_04516,math_lookup,fail,context_ignored,4,5
run_04517,fact_lookup,success,,,7
run_04518,multi_hop,success,,,8
run_04519,fact_lookup,success,,,5
run_04520,multi_hop,success,,,8
run_04521,multi_hop,success,,,8
run_04522,math_lookup,success,,,5
run_04523,multi_hop,fail,corrupted_state,6,8
run_04524,math_lookup,success,,,5
run_04525,fact_lookup,fail,wrong_tool_selected,1,5
run_04526,multi_hop,fail,bad_tool_arguments,2,5
run_04527,math_lookup,success,,,7
run_04528,math_lookup,success,,,5
run_04529,math_lookup,success,,,5
run_04530,math_lookup,fail,retry_loop,1,9
run_04531,fact_lookup,success,,,5
run_04532,multi_hop,success,,,8
run_04533,multi_hop,success,,,10
run_04534,fact_lookup,fail,context_ignored,4,5
run_04535,math_lookup,fail,corrupted_state,3,5
run_04536,multi_hop,success,,,8
run_04537,multi_hop,success,,,8
run_04538,fact_lookup,success,,,5
run_04539,fact_lookup,success,,,7
run_04540,multi_hop,fail,context_ignored,7,8
run_04541,multi_hop,success,,,8
run_04542,fact_lookup,success,,,5
run_04543,math_lookup,success,,,5
run_04544,multi_hop,success,,,8
run_04545,fact_lookup,success,,,5
run_04546,math_lookup,success,,,5
run_04547,math_lookup,success,,,5
run_04548,fact_lookup,success,,,7
run_04549,math_lookup,fail,wrong_tool_selected,1,5
run_04550,multi_hop,success,,,10
run_04551,fact_lookup,fail,tool_error_ignored,3,5
run_04552,multi_hop,fail,context_ignored,7,8
run_04553,multi_hop,success,,,8
run_04554,multi_hop,fail,retry_loop,1,9
run_04555,fact_lookup,fail,wrong_tool_selected,1,5
run_04556,multi_hop,fail,bad_tool_arguments,7,10
run_04557,math_lookup,fail,tool_error_ignored,3,5
run_04558,math_lookup,fail,context_ignored,4,5
run_04559,math_lookup,fail,corrupted_state,3,5
run_04560,multi_hop,success,,,8
run_04561,math_lookup,success,,,5
run_04562,fact_lookup,success,,,5
run_04563,fact_lookup,success,,,5
run_04564,fact_lookup,success,,,5
run_04565,fact_lookup,success,,,5
run_04566,multi_hop,success,,,8
run_04567,fact_lookup,success,,,5
run_04568,fact_lookup,fail,bad_tool_arguments,2,5
run_04569,fact_lookup,success,,,5
run_04570,fact_lookup,fail,context_ignored,4,5
run_04571,multi_hop,success,,,8
run_04572,multi_hop,success,,,10
run_04573,fact_lookup,success,,,5
run_04574,fact_lookup,success,,,5
run_04575,math_lookup,success,,,5
run_04576,math_lookup,fail,context_ignored,4,5
run_04577,fact_lookup,fail,corrupted_state,3,5
run_04578,multi_hop,success,,,8
run_04579,math_lookup,success,,,5
run_04580,multi_hop,success,,,8
run_04581,multi_hop,success,,,8
run_04582,math_lookup,success,,,5
run_04583,math_lookup,fail,corrupted_state,3,5
run_04584,fact_lookup,fail,retry_loop,1,9
run_04585,fact_lookup,fail,wrong_tool_selected,1,5
run_04586,math_lookup,success,,,5
run_04587,fact_lookup,success,,,5
run_04588,multi_hop,success,,,8
run_04589,fact_lookup,success,,,5
run_04590,multi_hop,fail,retry_loop,1,9
run_04591,math_lookup,success,,,5
run_04592,math_lookup,success,,,5
run_04593,fact_lookup,success,,,5
run_04594,multi_hop,success,,,8
run_04595,multi_hop,success,,,8
run_04596,math_lookup,success,,,5
run_04597,multi_hop,success,,,8
run_04598,fact_lookup,fail,bad_tool_arguments,2,5
run_04599,fact_lookup,success,,,7
run_04600,multi_hop,fail,context_ignored,7,8
run_04601,math_lookup,success,,,7
run_04602,multi_hop,fail,retry_loop,4,12
run_04603,fact_lookup,success,,,5
run_04604,math_lookup,success,,,5
run_04605,math_lookup,success,,,5
run_04606,math_lookup,success,,,5
run_04607,math_lookup,success,,,5
run_04608,math_lookup,success,,,5
run_04609,math_lookup,success,,,7
run_04610,math_lookup,fail,bad_tool_arguments,2,5
run_04611,multi_hop,success,,,8
run_04612,math_lookup,success,,,7
run_04613,fact_lookup,success,,,7
run_04614,multi_hop,success,,,8
run_04615,math_lookup,success,,,5
run_04616,multi_hop,success,,,8
run_04617,math_lookup,fail,tool_error_ignored,5,7
run_04618,math_lookup,success,,,5
run_04619,fact_lookup,success,,,7
run_04620,multi_hop,success,,,8
run_04621,multi_hop,success,,,10
run_04622,fact_lookup,success,,,7
run_04623,multi_hop,success,,,8
run_04624,fact_lookup,success,,,5
run_04625,math_lookup,success,,,5
run_04626,fact_lookup,success,,,5
run_04627,fact_lookup,success,,,5
run_04628,fact_lookup,success,,,5
run_04629,math_lookup,success,,,5
run_04630,multi_hop,success,,,8
run_04631,multi_hop,fail,corrupted_state,8,10
run_04632,math_lookup,fail,retry_loop,1,9
run_04633,multi_hop,fail,wrong_tool_selected,4,8
run_04634,fact_lookup,success,,,5
run_04635,math_lookup,success,,,5
run_04636,multi_hop,fail,context_ignored,7,8
run_04637,math_lookup,fail,corrupted_state,3,5
run_04638,math_lookup,success,,,5
run_04639,fact_lookup,fail,wrong_tool_selected,1,5
run_04640,multi_hop,success,,,8
run_04641,fact_lookup,fail,tool_error_ignored,3,5
run_04642,fact_lookup,success,,,5
run_04643,multi_hop,fail,corrupted_state,6,8
run_04644,fact_lookup,success,,,5
run_04645,fact_lookup,success,,,5
run_04646,multi_hop,fail,bad_tool_arguments,2,5
run_04647,math_lookup,success,,,5
run_04648,fact_lookup,fail,context_ignored,4,5
run_04649,fact_lookup,fail,corrupted_state,3,5
run_04650,fact_lookup,success,,,7
run_04651,math_lookup,fail,wrong_tool_selected,1,5
run_04652,multi_hop,fail,bad_tool_arguments,2,5
run_04653,math_lookup,fail,tool_error_ignored,3,5
run_04654,fact_lookup,success,,,7
run_04655,fact_lookup,success,,,7
run_04656,fact_lookup,fail,retry_loop,1,9
run_04657,math_lookup,fail,wrong_tool_selected,1,5
run_04658,multi_hop,success,,,8
run_04659,multi_hop,success,,,8
run_04660,fact_lookup,success,,,5
run_04661,multi_hop,success,,,8
run_04662,multi_hop,success,,,8
run_04663,fact_lookup,success,,,5
run_04664,math_lookup,fail,bad_tool_arguments,2,5
run_04665,math_lookup,success,,,5
run_04666,math_lookup,success,,,5
run_04667,multi_hop,success,,,10
run_04668,math_lookup,success,,,5
run_04669,math_lookup,fail,wrong_tool_selected,1,5
run_04670,math_lookup,fail,bad_tool_arguments,2,5
run_04671,math_lookup,success,,,7
run_04672,multi_hop,fail,context_ignored,7,8
run_04673,multi_hop,success,,,8
run_04674,fact_lookup,fail,retry_loop,1,9
run_04675,fact_lookup,success,,,5
run_04676,multi_hop,success,,,8
run_04677,fact_lookup,fail,tool_error_ignored,5,7
run_04678,math_lookup,success,,,7
run_04679,fact_lookup,success,,,5
run_04680,fact_lookup,success,,,5
run_04681,math_lookup,success,,,5
run_04682,math_lookup,success,,,5
run_04683,fact_lookup,fail,tool_error_ignored,3,5
run_04684,fact_lookup,fail,context_ignored,4,5
run_04685,fact_lookup,success,,,5
run_04686,multi_hop,success,,,8
run_04687,fact_lookup,success,,,5
run_04688,fact_lookup,success,,,5
run_04689,math_lookup,success,,,7
run_04690,multi_hop,success,,,10
run_04691,fact_lookup,success,,,5
run_04692,multi_hop,success,,,8
run_04693,math_lookup,success,,,5
run_04694,fact_lookup,success,,,5
run_04695,fact_lookup,success,,,5
run_04696,multi_hop,fail,context_ignored,7,8
run_04697,multi_hop,success,,,8
run_04698,math_lookup,success,,,5
run_04699,multi_hop,success,,,10
run_04700,fact_lookup,success,,,5
run_04701,fact_lookup,fail,tool_error_ignored,3,5
run_04702,multi_hop,fail,context_ignored,7,8
run_04703,fact_lookup,success,,,5
run_04704,multi_hop,success,,,8
run_04705,fact_lookup,success,,,5
run_04706,fact_lookup,fail,bad_tool_arguments,2,5
run_04707,fact_lookup,success,,,5
run_04708,fact_lookup,fail,context_ignored,4,5
run_04709,math_lookup,fail,corrupted_state,3,5
run_04710,multi_hop,fail,retry_loop,4,12
run_04711,multi_hop,success,,,8
run_04712,fact_lookup,success,,,7
run_04713,multi_hop,success,,,8
run_04714,fact_lookup,fail,context_ignored,4,5
run_04715,math_lookup,fail,corrupted_state,3,5
run_04716,fact_lookup,success,,,7
run_04717,multi_hop,success,,,10
run_04718,fact_lookup,fail,bad_tool_arguments,2,5
run_04719,fact_lookup,fail,tool_error_ignored,3,5
run_04720,fact_lookup,success,,,5
run_04721,multi_hop,fail,corrupted_state,6,7
run_04722,multi_hop,fail,retry_loop,1,9
run_04723,math_lookup,fail,wrong_tool_selected,1,5
run_04724,fact_lookup,success,,,5
run_04725,multi_hop,success,,,8
run_04726,multi_hop,success,,,8
run_04727,multi_hop,success,,,8
run_04728,math_lookup,success,,,5
run_04729,multi_hop,fail,wrong_tool_selected,1,5
run_04730,multi_hop,success,,,8
run_04731,multi_hop,fail,tool_error_ignored,5,6
run_04732,fact_lookup,fail,context_ignored,4,5
run_04733,fact_lookup,success,,,5
run_04734,math_lookup,success,,,7
run_04735,fact_lookup,success,,,5
run_04736,multi_hop,success,,,8
run_04737,fact_lookup,success,,,5
run_04738,multi_hop,success,,,8
run_04739,math_lookup,success,,,7
run_04740,multi_hop,fail,retry_loop,1,9
run_04741,math_lookup,success,,,5
run_04742,multi_hop,fail,bad_tool_arguments,7,10
run_04743,multi_hop,success,,,10
run_04744,math_lookup,success,,,5
run_04745,fact_lookup,success,,,5
run_04746,math_lookup,success,,,5
run_04747,fact_lookup,success,,,5
run_04748,math_lookup,success,,,7
run_04749,fact_lookup,success,,,5
run_04750,multi_hop,success,,,8
run_04751,math_lookup,success,,,5
run_04752,multi_hop,success,,,10
run_04753,math_lookup,success,,,5
run_04754,math_lookup,fail,bad_tool_arguments,2,5
run_04755,multi_hop,fail,tool_error_ignored,6,7
run_04756,fact_lookup,fail,context_ignored,4,5
run_04757,math_lookup,success,,,5
run_04758,fact_lookup,success,,,5
run_04759,fact_lookup,success,,,5
run_04760,multi_hop,success,,,8
run_04761,multi_hop,success,,,8
run_04762,multi_hop,success,,,8
run_04763,multi_hop,success,,,8
run_04764,math_lookup,fail,retry_loop,1,9
run_04765,multi_hop,success,,,8
run_04766,math_lookup,success,,,5
run_04767,multi_hop,fail,tool_error_ignored,6,7
run_04768,math_lookup,fail,context_ignored,4,5
run_04769,math_lookup,fail,corrupted_state,3,5
run_04770,multi_hop,success,,,8
run_04771,math_lookup,success,,,5
run_04772,multi_hop,success,,,8
run_04773,math_lookup,fail,tool_error_ignored,3,5
run_04774,math_lookup,success,,,7
run_04775,multi_hop,success,,,8
run_04776,fact_lookup,success,,,5
run_04777,fact_lookup,success,,,5
run_04778,fact_lookup,success,,,5
run_04779,math_lookup,fail,tool_error_ignored,3,5
run_04780,fact_lookup,fail,context_ignored,4,5
run_04781,fact_lookup,fail,corrupted_state,5,6
run_04782,multi_hop,success,,,8
run_04783,multi_hop,fail,wrong_tool_selected,4,8
run_04784,fact_lookup,success,,,7
run_04785,multi_hop,fail,tool_error_ignored,5,7
run_04786,fact_lookup,success,,,5
run_04787,fact_lookup,fail,corrupted_state,3,5
run_04788,math_lookup,success,,,5
run_04789,fact_lookup,success,,,5
run_04790,multi_hop,success,,,8
run_04791,math_lookup,fail,tool_error_ignored,3,5
run_04792,math_lookup,fail,context_ignored,4,5
run_04793,fact_lookup,success,,,5
run_04794,fact_lookup,success,,,5
run_04795,multi_hop,success,,,8
run_04796,multi_hop,success,,,8
run_04797,math_lookup,fail,tool_error_ignored,3,5
run_04798,fact_lookup,success,,,5
run_04799,multi_hop,fail,corrupted_state,5,10
run_04800,fact_lookup,success,,,7
run_04801,multi_hop,fail,wrong_tool_selected,1,5
run_04802,multi_hop,fail,bad_tool_arguments,2,5
run_04803,fact_lookup,success,,,5
run_04804,multi_hop,success,,,10
run_04805,math_lookup,fail,corrupted_state,3,5
run_04806,fact_lookup,success,,,7
run_04807,math_lookup,success,,,7
run_04808,multi_hop,success,,,8
run_04809,multi_hop,success,,,8
run_04810,fact_lookup,success,,,5
run_04811,math_lookup,fail,corrupted_state,5,6
run_04812,math_lookup,fail,retry_loop,1,9
run_04813,fact_lookup,success,,,5
run_04814,math_lookup,fail,bad_tool_arguments,2,5
run_04815,math_lookup,success,,,7
run_04816,fact_lookup,fail,context_ignored,4,5
run_04817,fact_lookup,success,,,5
run_04818,fact_lookup,success,,,5
run_04819,fact_lookup,fail,wrong_tool_selected,1,5
run_04820,math_lookup,success,,,5
run_04821,fact_lookup,success,,,5
run_04822,fact_lookup,success,,,5
run_04823,multi_hop,fail,corrupted_state,3,8
run_04824,math_lookup,success,,,5
run_04825,multi_hop,success,,,8
run_04826,fact_lookup,fail,bad_tool_arguments,2,5
run_04827,multi_hop,success,,,10
run_04828,fact_lookup,success,,,5
run_04829,math_lookup,success,,,5
run_04830,fact_lookup,fail,retry_loop,1,9
run_04831,math_lookup,success,,,5
run_04832,fact_lookup,fail,bad_tool_arguments,2,5
run_04833,math_lookup,success,,,7
run_04834,fact_lookup,fail,context_ignored,4,5
run_04835,multi_hop,fail,corrupted_state,3,8
run_04836,fact_lookup,fail,retry_loop,1,9
run_04837,fact_lookup,fail,wrong_tool_selected,1,5
run_04838,math_lookup,fail,bad_tool_arguments,2,5
run_04839,math_lookup,fail,tool_error_ignored,3,5
run_04840,math_lookup,fail,context_ignored,4,5
run_04841,fact_lookup,success,,,5
run_04842,math_lookup,success,,,5
run_04843,math_lookup,success,,,5
run_04844,math_lookup,success,,,5
run_04845,fact_lookup,success,,,5
run_04846,math_lookup,success,,,5
run_04847,fact_lookup,success,,,5
run_04848,fact_lookup,success,,,7
run_04849,math_lookup,success,,,5
run_04850,multi_hop,success,,,8
run_04851,math_lookup,fail,tool_error_ignored,3,5
run_04852,math_lookup,success,,,5
run_04853,multi_hop,success,,,8
run_04854,multi_hop,success,,,8
run_04855,fact_lookup,fail,wrong_tool_selected,1,5
run_04856,multi_hop,success,,,8
run_04857,math_lookup,success,,,5
run_04858,fact_lookup,success,,,7
run_04859,fact_lookup,success,,,5
run_04860,fact_lookup,fail,retry_loop,1,9
run_04861,fact_lookup,success,,,7
run_04862,math_lookup,success,,,5
run_04863,math_lookup,fail,tool_error_ignored,3,5
run_04864,fact_lookup,success,,,5
run_04865,multi_hop,success,,,8
run_04866,fact_lookup,success,,,5
run_04867,math_lookup,success,,,7
run_04868,multi_hop,success,,,8
run_04869,fact_lookup,fail,tool_error_ignored,3,5
run_04870,multi_hop,fail,context_ignored,7,8
run_04871,math_lookup,success,,,5
run_04872,math_lookup,success,,,5
run_04873,fact_lookup,success,,,5
run_04874,multi_hop,success,,,8
run_04875,fact_lookup,fail,tool_error_ignored,3,5
run_04876,multi_hop,fail,context_ignored,7,8
run_04877,math_lookup,success,,,5
run_04878,math_lookup,success,,,5
run_04879,multi_hop,fail,wrong_tool_selected,4,8
run_04880,multi_hop,fail,bad_tool_arguments,5,8
run_04881,math_lookup,fail,tool_error_ignored,3,5
run_04882,multi_hop,fail,context_ignored,7,8
run_04883,math_lookup,success,,,5
run_04884,math_lookup,success,,,5
run_04885,multi_hop,success,,,8
run_04886,fact_lookup,fail,bad_tool_arguments,2,5
run_04887,fact_lookup,fail,tool_error_ignored,3,5
run_04888,math_lookup,success,,,5
run_04889,math_lookup,success,,,5
run_04890,fact_lookup,success,,,5
run_04891,fact_lookup,fail,wrong_tool_selected,1,5
run_04892,fact_lookup,success,,,7
run_04893,fact_lookup,success,,,7
run_04894,math_lookup,success,,,5
run_04895,fact_lookup,success,,,5
run_04896,multi_hop,success,,,8
run_04897,fact_lookup,success,,,7
run_04898,math_lookup,fail,bad_tool_arguments,2,5
run_04899,math_lookup,fail,tool_error_ignored,3,5
run_04900,fact_lookup,fail,context_ignored,4,5
run_04901,multi_hop,fail,corrupted_state,6,8
run_04902,fact_lookup,success,,,5
run_04903,fact_lookup,fail,wrong_tool_selected,1,5
run_04904,multi_hop,fail,bad_tool_arguments,5,8
run_04905,fact_lookup,success,,,5
run_04906,fact_lookup,success,,,5
run_04907,multi_hop,success,,,8
run_04908,multi_hop,fail,retry_loop,4,12
run_04909,math_lookup,success,,,7
run_04910,math_lookup,fail,bad_tool_arguments,2,5
run_04911,fact_lookup,success,,,5
run_04912,fact_lookup,success,,,5
run_04913,multi_hop,fail,corrupted_state,3,8
run_04914,math_lookup,success,,,5
run_04915,multi_hop,success,,,8
run_04916,math_lookup,success,,,7
run_04917,multi_hop,fail,tool_error_ignored,3,5
run_04918,multi_hop,success,,,8
run_04919,fact_lookup,success,,,5
run_04920,multi_hop,success,,,10
run_04921,fact_lookup,fail,wrong_tool_selected,1,5
run_04922,fact_lookup,success,,,5
run_04923,fact_lookup,success,,,5
run_04924,fact_lookup,fail,context_ignored,4,5
run_04925,multi_hop,success,,,8
run_04926,math_lookup,success,,,5
run_04927,multi_hop,success,,,8
run_04928,multi_hop,fail,bad_tool_arguments,2,5
run_04929,math_lookup,success,,,5
run_04930,multi_hop,fail,context_ignored,7,8
run_04931,math_lookup,fail,corrupted_state,3,5
run_04932,math_lookup,success,,,5
run_04933,fact_lookup,success,,,5
run_04934,fact_lookup,success,,,5
run_04935,math_lookup,fail,tool_error_ignored,3,5
run_04936,math_lookup,success,,,5
run_04937,multi_hop,fail,corrupted_state,3,8
run_04938,fact_lookup,success,,,7
run_04939,math_lookup,success,,,5
run_04940,math_lookup,success,,,5
run_04941,multi_hop,success,,,10
run_04942,fact_lookup,success,,,7
run_04943,fact_lookup,success,,,5
run_04944,fact_lookup,success,,,5
run_04945,fact_lookup,success,,,5
run_04946,multi_hop,success,,,8
run_04947,fact_lookup,success,,,5
run_04948,multi_hop,fail,context_ignored,7,8
run_04949,multi_hop,success,,,8
run_04950,fact_lookup,fail,retry_loop,1,9
run_04951,multi_hop,success,,,8
run_04952,fact_lookup,success,,,5
run_04953,fact_lookup,fail,tool_error_ignored,3,5
run_04954,math_lookup,fail,context_ignored,4,5
run_04955,math_lookup,success,,,5
run_04956,fact_lookup,success,,,5
run_04957,math_lookup,fail,wrong_tool_selected,1,5
run_04958,fact_lookup,success,,,5
run_04959,fact_lookup,success,,,5
run_04960,multi_hop,fail,context_ignored,7,8
run_04961,multi_hop,success,,,10
run_04962,math_lookup,success,,,7
run_04963,fact_lookup,success,,,5
run_04964,fact_lookup,success,,,5
run_04965,multi_hop,fail,tool_error_ignored,3,5
run_04966,fact_lookup,fail,context_ignored,4,5
run_04967,fact_lookup,fail,corrupted_state,3,5
run_04968,multi_hop,success,,,8
run_04969,multi_hop,success,,,8
run_04970,multi_hop,success,,,8
run_04971,math_lookup,success,,,5
run_04972,fact_lookup,success,,,5
run_04973,fact_lookup,success,,,7
run_04974,fact_lookup,fail,retry_loop,1,9
run_04975,multi_hop,fail,wrong_tool_selected,1,5
run_04976,multi_hop,fail,bad_tool_arguments,5,8
run_04977,math_lookup,fail,tool_error_ignored,3,5
run_04978,math_lookup,fail,context_ignored,4,5
run_04979,math_lookup,fail,corrupted_state,3,5
run_04980,fact_lookup,fail,retry_loop,1,9
run_04981,fact_lookup,fail,wrong_tool_selected,1,5
run_04982,multi_hop,success,,,8
run_04983,math_lookup,success,,,5
run_04984,multi_hop,fail,context_ignored,7,8
run_04985,math_lookup,success,,,7
run_04986,fact_lookup,success,,,7
run_04987,multi_hop,success,,,8
run_04988,multi_hop,success,,,8
run_04989,fact_lookup,success,,,5
run_04990,multi_hop,success,,,8
run_04991,math_lookup,fail,corrupted_state,3,5
run_04992,math_lookup,success,,,5
run_04993,multi_hop,fail,wrong_tool_selected,1,5
run_04994,math_lookup,fail,bad_tool_arguments,2,5
run_04995,multi_hop,success,,,8
run_04996,multi_hop,success,,,10
run_04997,multi_hop,fail,corrupted_state,6,7
run_04998,math_lookup,fail,retry_loop,1,9
run_04999,fact_lookup,fail,wrong_tool_selected,1,5
run_05000,fact_lookup,success,,,5
